,temp,hour_rain,total_rain,date,humidity,wind_direction,wind,wind_gust,pressure,solar,dewpoint,station
0,16.9,0.0,0.0,2017-06-30 22:05:00,81.0,320.0,0.3,1.8,1009.4,0.0,13.6,IDRSING3
1,16.7,0.0,0.0,2017-06-30 22:10:00,83.0,320.0,0.0,0.0,1009.4,0.0,13.8,IDRSING3
2,16.5,0.0,0.0,2017-06-30 22:15:00,83.0,320.0,1.1,1.8,1009.4,0.0,13.6,IDRSING3
3,16.4,0.0,0.0,2017-06-30 22:20:00,84.0,320.0,0.0,0.0,1009.0,0.0,13.7,IDRSING3
4,16.4,0.0,0.0,2017-06-30 22:25:00,84.0,320.0,0.0,0.0,1009.0,0.0,13.7,IDRSING3
5,16.7,0.0,0.0,2017-06-30 22:30:00,82.0,321.0,0.0,0.0,1009.0,0.0,13.6,IDRSING3
6,16.7,0.0,0.0,2017-06-30 22:35:00,84.0,321.0,0.0,0.0,1009.0,0.0,14.0,IDRSING3
7,16.4,0.0,0.0,2017-06-30 22:40:00,85.0,347.0,0.0,0.0,1009.0,0.0,13.9,IDRSING3
8,16.4,0.0,0.0,2017-06-30 22:45:00,87.0,348.0,0.0,0.0,1008.7,0.0,14.3,IDRSING3
9,16.4,0.0,0.0,2017-06-30 22:51:00,86.0,352.0,0.3,1.8,1008.7,0.0,14.1,IDRSING3
10,16.4,0.0,0.0,2017-06-30 22:56:00,87.0,250.0,6.4,7.2,1009.0,0.0,14.3,IDRSING3
11,17.0,0.0,0.0,2017-06-30 23:01:00,76.0,247.0,4.7,7.2,1009.4,0.0,12.7,IDRSING3
12,18.0,0.0,0.0,2017-06-30 23:07:00,74.0,237.0,4.0,5.5,1009.0,0.0,13.3,IDRSING3
13,18.0,0.0,0.0,2017-06-30 23:12:00,75.0,236.0,1.4,1.8,1008.7,0.0,13.5,IDRSING3
14,17.8,0.0,0.0,2017-06-30 23:17:00,75.0,280.0,4.3,5.5,1008.7,0.0,13.3,IDRSING3
15,17.8,0.0,0.0,2017-06-30 23:23:00,74.0,266.0,2.9,3.5,1008.7,0.0,13.1,IDRSING3
16,17.6,0.0,0.0,2017-06-30 23:28:00,75.0,265.0,0.0,0.0,1008.7,0.0,13.1,IDRSING3
17,17.5,0.0,0.0,2017-06-30 23:33:00,75.0,265.0,0.0,0.0,1008.4,0.0,13.0,IDRSING3
18,17.5,0.0,0.0,2017-06-30 23:39:00,75.0,265.0,0.0,0.0,1008.7,0.0,13.0,IDRSING3
19,17.4,0.0,0.0,2017-06-30 23:44:00,76.0,265.0,0.0,0.0,1008.4,0.0,13.1,IDRSING3
20,17.4,0.0,0.0,2017-06-30 23:49:00,77.0,265.0,0.6,1.8,1008.4,0.0,13.3,IDRSING3
21,17.2,0.0,0.0,2017-06-30 23:54:00,77.0,265.0,1.4,1.8,1008.7,0.0,13.1,IDRSING3
22,17.3,0.0,0.0,2017-06-30 23:59:00,76.0,265.0,1.1,1.8,1008.7,0.0,13.0,IDRSING3
23,17.3,0.0,0.0,2017-07-01 00:03:00,75.0,265.0,0.0,0.0,1008.7,0.0,12.8,IDRSING3
24,17.5,0.0,0.0,2017-07-01 00:08:00,72.0,265.0,2.6,3.5,1009.0,0.0,12.4,IDRSING3
25,17.7,0.0,0.0,2017-07-01 00:13:00,72.0,265.0,0.3,1.8,1009.0,0.0,12.6,IDRSING3
26,17.6,0.0,0.0,2017-07-01 00:18:00,72.0,266.0,0.0,0.0,1009.0,0.0,12.5,IDRSING3
27,17.5,0.0,0.0,2017-07-01 00:23:00,77.0,266.0,0.0,0.0,1009.0,0.0,13.4,IDRSING3
28,17.0,0.0,0.0,2017-07-01 00:29:00,82.0,266.0,0.0,0.0,1008.7,0.0,13.9,IDRSING3
29,16.7,0.0,0.0,2017-07-01 00:34:00,82.0,266.0,0.0,0.0,1009.0,0.0,13.6,IDRSING3
30,16.6,0.0,0.0,2017-07-01 00:39:00,82.0,266.0,0.0,0.0,1009.0,0.0,13.5,IDRSING3
31,16.4,0.0,0.0,2017-07-01 00:44:00,85.0,266.0,0.0,0.0,1009.0,0.0,13.9,IDRSING3
32,16.2,0.0,0.0,2017-07-01 00:49:00,86.0,266.0,0.0,0.0,1009.0,0.0,13.9,IDRSING3
33,16.0,0.0,0.0,2017-07-01 00:54:00,85.0,266.0,0.0,0.0,1009.4,0.0,13.5,IDRSING3
34,16.0,0.0,0.0,2017-07-01 00:59:00,86.0,266.0,0.0,0.0,1009.0,0.0,13.7,IDRSING3
35,16.0,0.0,0.0,2017-07-01 01:04:00,86.0,266.0,0.0,0.0,1009.0,0.0,13.7,IDRSING3
36,16.2,0.0,0.0,2017-07-01 01:09:00,86.0,266.0,0.6,1.8,1009.0,0.0,13.9,IDRSING3
37,16.1,0.0,0.0,2017-07-01 01:15:00,87.0,265.0,1.1,1.8,1009.0,0.0,14.0,IDRSING3
38,16.0,0.0,0.0,2017-07-01 01:20:00,88.0,265.0,0.0,0.0,1009.4,0.0,14.0,IDRSING3
39,15.9,0.0,0.0,2017-07-01 01:25:00,91.0,265.0,0.0,0.0,1009.0,0.0,14.5,IDRSING3
40,15.9,0.0,0.0,2017-07-01 01:30:00,88.0,265.0,0.0,0.0,1009.0,0.0,13.9,IDRSING3
41,15.8,0.0,0.0,2017-07-01 01:35:00,88.0,265.0,0.0,0.0,1009.0,0.0,13.8,IDRSING3
42,15.9,0.0,0.0,2017-07-01 01:40:00,87.0,265.0,0.0,0.0,1009.0,0.0,13.8,IDRSING3
43,16.0,0.0,0.0,2017-07-01 01:45:00,89.0,265.0,0.0,0.0,1009.0,0.0,14.2,IDRSING3
44,16.0,0.0,0.0,2017-07-01 01:51:00,86.0,265.0,0.0,0.0,1009.0,0.0,13.7,IDRSING3
45,16.2,0.0,0.0,2017-07-01 01:56:00,89.0,265.0,0.6,1.8,1009.0,0.0,14.4,IDRSING3
46,16.2,0.0,0.0,2017-07-01 02:01:00,92.0,265.0,0.0,0.0,1009.0,0.0,14.9,IDRSING3
47,15.9,0.0,0.0,2017-07-01 02:07:00,97.0,265.0,0.0,0.0,1009.0,0.0,15.5,IDRSING3
48,15.7,1.8,0.3,2017-07-01 02:12:00,99.0,265.0,0.0,0.0,1009.4,0.0,15.5,IDRSING3
49,15.5,1.8,0.3,2017-07-01 02:17:00,99.0,265.0,0.0,0.0,1009.0,0.0,15.3,IDRSING3
50,15.4,0.0,0.3,2017-07-01 02:22:00,99.0,265.0,0.0,0.0,1009.4,0.0,15.2,IDRSING3
51,15.3,0.0,0.3,2017-07-01 02:27:00,99.0,235.0,1.8,1.8,1009.4,0.0,15.1,IDRSING3
52,15.5,0.0,0.3,2017-07-01 02:32:00,99.0,235.0,1.1,1.8,1009.0,0.0,15.3,IDRSING3
53,15.5,0.0,0.3,2017-07-01 02:38:00,99.0,218.0,2.1,3.5,1009.0,0.0,15.3,IDRSING3
54,15.5,0.0,0.3,2017-07-01 02:43:00,99.0,212.0,0.0,0.0,1009.0,0.0,15.3,IDRSING3
55,15.5,0.0,0.3,2017-07-01 02:48:00,99.0,212.0,0.0,0.0,1009.0,0.0,15.3,IDRSING3
56,15.3,0.0,0.3,2017-07-01 02:54:00,99.0,210.0,0.0,0.0,1009.0,0.0,15.1,IDRSING3
57,15.2,0.0,0.3,2017-07-01 02:59:00,99.0,210.0,0.0,0.0,1009.0,0.0,15.0,IDRSING3
58,15.1,0.0,0.3,2017-07-01 03:04:00,99.0,210.0,0.0,0.0,1009.0,0.0,14.9,IDRSING3
59,15.0,0.0,0.3,2017-07-01 03:10:00,99.0,211.0,0.0,0.0,1009.0,0.0,14.8,IDRSING3
60,15.0,1.3,0.5,2017-07-01 03:15:00,99.0,211.0,0.0,0.0,1009.4,0.0,14.8,IDRSING3
61,15.1,1.3,0.5,2017-07-01 03:20:00,10.0,211.0,0.0,0.0,1009.0,0.0,-16.3,IDRSING3
62,15.0,0.0,0.5,2017-07-01 03:26:00,10.0,211.0,0.0,0.0,1009.0,1.22,-16.4,IDRSING3
63,15.0,0.0,0.5,2017-07-01 03:31:00,10.0,211.0,0.6,1.8,1009.0,2.08,-16.4,IDRSING3
64,15.2,0.0,0.5,2017-07-01 03:36:00,10.0,211.0,1.4,1.8,1009.0,2.94,-16.2,IDRSING3
65,15.4,0.0,0.5,2017-07-01 03:42:00,99.0,211.0,1.4,1.8,1009.0,4.77,15.2,IDRSING3
66,15.5,0.0,0.5,2017-07-01 03:47:00,10.0,211.0,1.1,1.8,1009.4,4.77,-16.0,IDRSING3
67,15.5,0.0,0.5,2017-07-01 03:51:00,99.0,211.0,1.1,1.8,1009.4,7.34,15.3,IDRSING3
68,15.6,0.0,0.5,2017-07-01 03:56:00,99.0,238.0,0.3,1.8,1009.4,12.11,15.4,IDRSING3
69,15.6,0.0,0.5,2017-07-01 03:58:00,99.0,238.0,0.3,1.8,1009.4,13.33,15.4,IDRSING3
70,15.4,0.0,0.5,2017-07-01 04:03:00,99.0,238.0,1.8,1.8,1009.4,14.68,15.2,IDRSING3
71,15.4,0.0,0.5,2017-07-01 04:08:00,99.0,237.0,1.8,1.8,1009.4,19.08,15.2,IDRSING3
72,15.5,0.0,0.5,2017-07-01 04:14:00,99.0,237.0,1.8,1.8,1009.4,19.45,15.3,IDRSING3
73,15.4,0.0,0.5,2017-07-01 04:19:00,99.0,244.0,1.8,1.8,1009.4,25.94,15.2,IDRSING3
74,15.4,0.0,0.5,2017-07-01 04:24:00,99.0,259.0,1.8,1.8,1009.4,31.19,15.2,IDRSING3
75,15.4,0.0,0.5,2017-07-01 04:30:00,99.0,262.0,1.4,1.8,1009.4,35.11,15.2,IDRSING3
76,15.5,0.0,0.5,2017-07-01 04:35:00,99.0,262.0,1.8,1.8,1009.4,41.1,15.3,IDRSING3
77,15.5,0.0,0.5,2017-07-01 04:40:00,99.0,262.0,2.9,3.5,1009.7,57.62,15.3,IDRSING3
78,15.6,0.0,0.5,2017-07-01 04:45:00,99.0,262.0,2.9,3.5,1009.7,74.99,15.4,IDRSING3
79,15.8,0.0,0.5,2017-07-01 04:50:00,99.0,262.0,1.8,3.5,1009.7,80.25,15.6,IDRSING3
80,15.9,0.0,0.5,2017-07-01 04:53:00,99.0,262.0,1.1,1.8,1009.4,85.88,15.7,IDRSING3
81,16.2,0.0,0.5,2017-07-01 04:58:00,96.0,262.0,2.1,3.5,1009.7,99.7,15.6,IDRSING3
82,16.4,0.0,0.5,2017-07-01 05:03:00,97.0,262.0,1.4,1.8,1009.7,95.79,16.0,IDRSING3
83,16.4,0.0,0.5,2017-07-01 05:08:00,95.0,262.0,2.6,3.5,1010.0,82.33,15.6,IDRSING3
84,16.4,0.0,0.5,2017-07-01 05:13:00,99.0,262.0,0.0,0.0,1010.0,72.79,16.2,IDRSING3
85,16.5,0.0,0.5,2017-07-01 05:18:00,99.0,262.0,0.0,0.0,1010.4,95.79,16.3,IDRSING3
86,16.6,0.0,0.5,2017-07-01 05:23:00,95.0,262.0,0.0,0.0,1010.0,131.88,15.8,IDRSING3
87,16.9,0.0,0.5,2017-07-01 05:28:00,97.0,262.0,0.0,0.0,1010.0,126.61,16.5,IDRSING3
88,17.2,0.0,0.5,2017-07-01 05:34:00,85.0,262.0,1.8,1.8,1010.0,132.24,14.7,IDRSING3
89,17.3,0.0,0.5,2017-07-01 05:39:00,94.0,262.0,0.0,0.0,1010.0,153.9,16.2,IDRSING3
90,17.6,0.0,0.5,2017-07-01 05:44:00,86.0,253.0,0.0,0.0,1010.0,156.59,15.2,IDRSING3
91,18.0,0.0,0.5,2017-07-01 05:50:00,76.0,248.0,6.1,7.2,1010.4,163.07,13.7,IDRSING3
92,18.2,0.0,0.5,2017-07-01 05:55:00,74.0,296.0,6.4,9.3,1010.4,157.81,13.5,IDRSING3
93,18.2,0.0,0.5,2017-07-01 06:00:00,75.0,250.0,3.5,3.5,1010.4,133.59,13.7,IDRSING3
94,18.2,0.0,0.5,2017-07-01 06:06:00,73.0,240.0,7.6,9.3,1010.7,142.27,13.3,IDRSING3
95,18.1,0.0,0.5,2017-07-01 06:11:00,73.0,225.0,9.3,13.0,1010.4,161.73,13.2,IDRSING3
96,18.1,0.0,0.5,2017-07-01 06:16:00,73.0,260.0,9.0,11.1,1010.4,178.24,13.2,IDRSING3
97,18.1,0.0,0.5,2017-07-01 06:21:00,73.0,276.0,9.3,11.1,1010.7,193.05,13.2,IDRSING3
98,18.2,0.0,0.5,2017-07-01 06:26:00,77.0,237.0,9.3,13.0,1011.1,155.24,14.1,IDRSING3
99,17.7,0.0,0.5,2017-07-01 06:31:00,79.0,242.0,11.9,14.8,1011.1,166.13,14.0,IDRSING3
100,17.8,0.0,0.5,2017-07-01 06:36:00,80.0,273.0,8.7,9.3,1011.1,184.73,14.3,IDRSING3
101,17.8,0.0,0.5,2017-07-01 06:42:00,80.0,261.0,10.5,13.0,1011.1,196.84,14.3,IDRSING3
102,18.0,0.0,0.5,2017-07-01 06:47:00,79.0,234.0,12.2,14.8,1011.4,216.9,14.3,IDRSING3
103,18.1,0.0,0.5,2017-07-01 06:52:00,79.0,240.0,11.6,14.8,1011.1,238.92,14.4,IDRSING3
104,18.4,0.0,0.5,2017-07-01 06:57:00,78.0,232.0,16.9,21.9,1011.1,264.12,14.5,IDRSING3
105,18.5,0.0,0.5,2017-07-01 07:02:00,77.0,234.0,9.7,13.0,1011.4,289.69,14.4,IDRSING3
106,18.8,0.0,0.5,2017-07-01 07:07:00,75.0,242.0,10.5,14.8,1011.4,350.0,14.3,IDRSING3
107,19.0,0.0,0.5,2017-07-01 07:12:00,73.0,222.0,16.9,20.1,1011.4,358.32,14.1,IDRSING3
108,19.1,0.0,0.5,2017-07-01 07:17:00,73.0,183.0,11.6,14.8,1011.7,271.95,14.2,IDRSING3
109,19.2,0.0,0.5,2017-07-01 07:22:00,72.0,243.0,8.7,11.1,1011.7,202.1,14.0,IDRSING3
110,19.3,0.0,0.5,2017-07-01 07:27:00,72.0,226.0,13.4,16.6,1011.7,198.67,14.1,IDRSING3
111,19.2,0.0,0.5,2017-07-01 07:33:00,72.0,226.0,10.5,13.0,1011.7,208.58,14.0,IDRSING3
112,19.3,0.0,0.5,2017-07-01 07:38:00,69.0,236.0,11.6,13.0,1011.7,224.24,13.5,IDRSING3
113,19.7,0.0,0.5,2017-07-01 07:43:00,68.0,255.0,11.1,14.8,1012.1,286.63,13.6,IDRSING3
114,20.0,0.0,0.5,2017-07-01 07:48:00,65.0,255.0,17.2,20.1,1012.1,370.43,13.2,IDRSING3
115,20.0,0.0,0.5,2017-07-01 07:53:00,67.0,239.0,9.7,13.0,1012.1,352.57,13.7,IDRSING3
116,20.2,0.0,0.5,2017-07-01 07:58:00,65.0,228.0,9.7,13.0,1012.1,698.78,13.4,IDRSING3
117,20.8,0.0,0.5,2017-07-01 08:03:00,65.0,241.0,10.5,14.8,1011.7,356.98,14.0,IDRSING3
118,20.0,0.0,0.5,2017-07-01 08:08:00,66.0,255.0,14.8,20.1,1012.1,363.09,13.5,IDRSING3
119,20.1,0.0,0.5,2017-07-01 08:13:00,65.0,265.0,13.0,16.6,1011.7,365.17,13.3,IDRSING3
120,19.9,0.0,0.5,2017-07-01 08:18:00,65.0,269.0,11.9,14.8,1012.1,349.15,13.1,IDRSING3
121,19.7,0.0,0.5,2017-07-01 08:23:00,67.0,247.0,12.2,13.0,1012.1,443.35,13.4,IDRSING3
122,19.7,0.0,0.5,2017-07-01 08:29:00,69.0,229.0,7.9,9.3,1012.1,554.79,13.9,IDRSING3
123,20.1,0.0,0.5,2017-07-01 08:34:00,67.0,290.0,10.5,11.1,1012.1,812.07,13.8,IDRSING3
124,21.5,0.0,0.5,2017-07-01 08:39:00,59.0,259.0,12.2,14.8,1011.7,889.26,13.2,IDRSING3
125,22.2,0.0,0.5,2017-07-01 08:44:00,57.0,250.0,10.5,13.0,1012.1,881.43,13.3,IDRSING3
126,22.9,0.0,0.5,2017-07-01 08:49:00,53.0,259.0,16.9,20.1,1011.7,789.07,12.8,IDRSING3
127,22.8,0.0,0.5,2017-07-01 08:54:00,54.0,262.0,12.2,14.8,1011.7,704.9,13.0,IDRSING3
128,22.8,0.0,0.5,2017-07-01 08:59:00,54.0,267.0,12.6,16.6,1011.7,741.36,13.0,IDRSING3
129,23.3,0.0,0.5,2017-07-01 09:04:00,49.0,311.0,9.0,11.1,1011.4,871.89,12.0,IDRSING3
130,23.9,0.0,0.5,2017-07-01 09:10:00,47.0,334.0,15.8,18.3,1011.7,873.6,11.9,IDRSING3
131,23.7,0.0,0.5,2017-07-01 09:15:00,48.0,299.0,10.5,13.0,1011.7,440.28,12.1,IDRSING3
132,22.9,0.0,0.5,2017-07-01 09:20:00,49.0,284.0,13.0,14.8,1011.7,297.52,11.6,IDRSING3
133,22.7,0.0,0.5,2017-07-01 09:25:00,48.0,263.0,10.5,13.0,1011.4,434.17,11.2,IDRSING3
134,23.2,0.0,0.5,2017-07-01 09:30:00,47.0,290.0,11.9,14.8,1011.7,580.85,11.3,IDRSING3
135,23.9,0.0,0.5,2017-07-01 09:35:00,45.0,254.0,13.4,14.8,1011.4,804.24,11.3,IDRSING3
136,24.4,0.0,0.5,2017-07-01 09:41:00,45.0,261.0,9.7,11.1,1011.7,807.29,11.7,IDRSING3
137,24.9,0.0,0.5,2017-07-01 09:46:00,45.0,309.0,8.7,9.3,1011.4,809.87,12.2,IDRSING3
138,24.7,0.0,0.5,2017-07-01 09:51:00,48.0,279.0,12.6,14.8,1011.4,799.46,13.0,IDRSING3
139,24.6,0.0,0.5,2017-07-01 09:56:00,51.0,249.0,18.7,20.1,1011.4,570.82,13.8,IDRSING3
140,23.8,0.0,0.5,2017-07-01 10:01:00,48.0,269.0,16.6,20.1,1011.4,790.29,12.2,IDRSING3
141,24.3,0.0,0.5,2017-07-01 10:06:00,50.0,319.0,11.9,16.6,1011.7,806.44,13.2,IDRSING3
142,24.3,0.0,0.5,2017-07-01 10:11:00,49.0,305.0,13.7,18.3,1011.7,147.41,12.9,IDRSING3
143,24.2,0.0,0.5,2017-07-01 10:16:00,49.0,263.0,13.7,16.6,1011.7,189.98,12.8,IDRSING3
144,24.1,0.0,0.5,2017-07-01 10:21:00,48.0,209.0,5.5,5.5,1011.7,842.9,12.4,IDRSING3
145,25.0,0.0,0.5,2017-07-01 10:26:00,46.0,209.0,8.2,11.1,1011.7,843.26,12.6,IDRSING3
146,24.7,0.0,0.5,2017-07-01 10:31:00,45.0,259.0,9.0,11.1,1011.4,841.06,12.0,IDRSING3
147,25.3,0.0,0.5,2017-07-01 10:37:00,42.0,275.0,12.2,14.8,1011.7,852.8,11.5,IDRSING3
148,25.9,0.0,0.5,2017-07-01 10:42:00,40.0,269.0,11.9,16.6,1012.1,898.31,11.3,IDRSING3
149,26.1,0.0,0.5,2017-07-01 10:47:00,41.0,252.0,12.6,14.8,1011.7,860.14,11.9,IDRSING3
150,25.7,0.0,0.5,2017-07-01 10:52:00,41.0,239.0,13.0,14.8,1011.7,775.61,11.5,IDRSING3
151,25.5,0.0,0.5,2017-07-01 10:57:00,38.0,275.0,9.7,13.0,1012.1,831.52,10.2,IDRSING3
152,25.6,0.0,0.5,2017-07-01 11:02:00,38.0,291.0,14.0,18.3,1011.7,838.98,10.3,IDRSING3
153,25.7,0.0,0.5,2017-07-01 11:07:00,40.0,281.0,13.4,18.3,1012.1,855.0,11.1,IDRSING3
154,25.4,0.0,0.5,2017-07-01 11:12:00,37.0,330.0,7.9,9.3,1011.7,202.59,9.7,IDRSING3
155,26.1,0.0,0.5,2017-07-01 11:18:00,39.0,237.0,11.9,14.8,1012.1,931.83,11.1,IDRSING3
156,25.6,0.0,0.5,2017-07-01 11:23:00,41.0,303.0,13.0,14.8,1012.1,316.24,11.4,IDRSING3
157,24.8,0.0,0.5,2017-07-01 11:28:00,43.0,273.0,11.9,14.8,1011.7,296.17,11.4,IDRSING3
158,24.2,0.0,0.5,2017-07-01 11:33:00,46.0,291.0,11.1,13.0,1012.1,229.01,11.9,IDRSING3
159,23.9,0.0,0.5,2017-07-01 11:38:00,49.0,256.0,10.5,14.8,1012.1,212.98,12.6,IDRSING3
160,23.7,0.0,0.5,2017-07-01 11:43:00,46.0,243.0,12.2,13.0,1012.4,633.33,11.4,IDRSING3
161,25.3,0.0,0.5,2017-07-01 11:49:00,42.0,238.0,16.6,20.1,1012.4,914.46,11.5,IDRSING3
162,25.9,0.0,0.5,2017-07-01 11:54:00,42.0,286.0,11.1,14.8,1012.1,868.46,12.0,IDRSING3
163,26.5,0.0,0.5,2017-07-01 11:59:00,43.0,217.0,11.1,14.8,1012.1,874.95,12.9,IDRSING3
164,25.9,0.0,0.5,2017-07-01 12:04:00,42.0,240.0,11.6,14.8,1012.1,281.49,12.0,IDRSING3
165,25.3,0.0,0.5,2017-07-01 12:09:00,46.0,216.0,16.9,21.9,1012.1,158.3,12.9,IDRSING3
166,24.1,0.0,0.5,2017-07-01 12:14:00,48.0,242.0,11.6,14.8,1012.1,172.61,12.4,IDRSING3
167,24.4,0.0,0.5,2017-07-01 12:19:00,46.0,242.0,14.8,18.3,1012.1,589.91,12.1,IDRSING3
168,24.9,0.0,0.5,2017-07-01 12:24:00,45.0,251.0,11.6,13.0,1011.7,398.2,12.2,IDRSING3
169,26.1,0.0,0.5,2017-07-01 12:29:00,40.0,225.0,10.5,13.0,1012.1,863.69,11.5,IDRSING3
170,27.2,0.0,0.5,2017-07-01 12:34:00,36.0,248.0,19.8,27.7,1012.1,879.23,10.9,IDRSING3
171,27.5,0.0,0.5,2017-07-01 12:39:00,36.0,206.0,19.5,23.8,1012.1,913.12,11.1,IDRSING3
172,27.3,0.0,0.5,2017-07-01 12:45:00,36.0,253.0,15.8,20.1,1012.1,901.0,11.0,IDRSING3
173,26.4,0.0,0.5,2017-07-01 12:50:00,38.0,247.0,17.2,27.7,1012.1,229.87,11.0,IDRSING3
174,25.2,0.0,0.5,2017-07-01 12:55:00,40.0,201.0,13.0,14.8,1012.1,602.5,10.7,IDRSING3
175,26.0,0.0,0.5,2017-07-01 13:00:00,39.0,273.0,14.3,16.6,1012.1,187.78,11.0,IDRSING3
176,24.9,0.0,0.5,2017-07-01 13:05:00,43.0,227.0,11.9,14.8,1012.1,153.53,11.5,IDRSING3
177,24.8,0.0,0.5,2017-07-01 13:10:00,43.0,234.0,17.2,25.6,1012.1,276.24,11.4,IDRSING3
178,25.1,0.0,0.5,2017-07-01 13:15:00,41.0,280.0,17.2,21.9,1012.4,449.34,11.0,IDRSING3
179,25.2,0.0,0.5,2017-07-01 13:20:00,39.0,279.0,16.9,20.1,1012.1,368.72,10.3,IDRSING3
180,25.9,0.0,0.5,2017-07-01 13:25:00,36.0,310.0,19.5,23.8,1012.1,690.58,9.7,IDRSING3
181,26.7,0.0,0.5,2017-07-01 13:30:00,34.0,288.0,20.6,23.8,1012.1,730.47,9.6,IDRSING3
182,26.6,0.0,0.5,2017-07-01 13:35:00,35.0,214.0,16.6,20.1,1012.4,744.41,9.9,IDRSING3
183,25.0,0.0,0.5,2017-07-01 13:40:00,36.0,294.0,18.7,23.8,1012.1,828.09,8.9,IDRSING3
184,25.5,0.0,0.5,2017-07-01 13:46:00,36.0,221.0,11.6,14.8,1012.1,249.44,9.4,IDRSING3
185,25.5,0.0,0.5,2017-07-01 13:51:00,37.0,284.0,15.4,20.1,1012.1,200.39,9.8,IDRSING3
186,24.7,0.0,0.5,2017-07-01 13:56:00,38.0,274.0,18.0,23.8,1012.1,300.09,9.5,IDRSING3
187,24.8,0.0,0.5,2017-07-01 14:02:00,38.0,251.0,17.2,20.1,1012.1,363.95,9.6,IDRSING3
188,24.7,0.0,0.5,2017-07-01 14:07:00,39.0,232.0,15.1,18.3,1012.1,366.52,9.9,IDRSING3
189,24.6,0.0,0.5,2017-07-01 14:12:00,38.0,238.0,16.3,21.9,1012.1,555.28,9.4,IDRSING3
190,25.4,0.0,0.5,2017-07-01 14:17:00,38.0,221.0,7.2,9.3,1011.7,334.47,10.1,IDRSING3
191,25.2,0.0,0.5,2017-07-01 14:22:00,39.0,227.0,16.9,20.1,1012.1,662.82,10.3,IDRSING3
192,25.6,0.0,0.5,2017-07-01 14:27:00,38.0,280.0,10.8,16.6,1011.7,620.24,10.3,IDRSING3
193,26.4,0.0,0.5,2017-07-01 14:33:00,37.0,210.0,16.9,20.1,1011.7,583.91,10.6,IDRSING3
194,26.8,0.0,0.5,2017-07-01 14:38:00,37.0,271.0,15.4,18.3,1011.7,549.53,10.9,IDRSING3
195,26.6,0.0,0.5,2017-07-01 14:43:00,37.0,243.0,18.7,23.8,1011.7,531.79,10.7,IDRSING3
196,26.4,0.0,0.5,2017-07-01 14:48:00,37.0,249.0,12.2,16.6,1011.7,533.99,10.6,IDRSING3
197,26.3,0.0,0.5,2017-07-01 14:53:00,37.0,279.0,11.1,14.8,1011.7,525.67,10.5,IDRSING3
198,26.5,0.0,0.5,2017-07-01 14:58:00,38.0,281.0,11.9,18.3,1011.7,507.45,11.1,IDRSING3
199,26.3,0.0,0.5,2017-07-01 15:03:00,39.0,294.0,10.5,13.0,1011.7,491.42,11.3,IDRSING3
200,26.3,0.0,0.5,2017-07-01 15:09:00,39.0,273.0,15.4,16.6,1011.7,474.91,11.3,IDRSING3
201,26.5,0.0,0.5,2017-07-01 15:14:00,38.0,273.0,12.2,14.8,1011.4,421.57,11.1,IDRSING3
202,26.3,0.0,0.5,2017-07-01 15:19:00,37.0,278.0,14.8,18.3,1011.7,446.77,10.5,IDRSING3
203,26.2,0.0,0.5,2017-07-01 15:24:00,37.0,289.0,10.1,13.0,1011.7,421.2,10.4,IDRSING3
204,26.3,0.0,0.5,2017-07-01 15:30:00,36.0,229.0,16.9,23.8,1011.4,392.08,10.1,IDRSING3
205,26.1,0.0,0.5,2017-07-01 15:35:00,37.0,257.0,9.0,11.1,1011.7,385.6,10.3,IDRSING3
206,26.3,0.0,0.5,2017-07-01 15:40:00,36.0,226.0,12.6,16.6,1011.7,376.06,10.1,IDRSING3
207,26.1,0.0,0.5,2017-07-01 15:45:00,36.0,234.0,16.3,20.1,1011.7,367.86,9.9,IDRSING3
208,26.2,0.0,0.5,2017-07-01 15:50:00,36.0,244.0,12.6,14.8,1011.7,338.26,10.0,IDRSING3
209,26.2,0.0,0.5,2017-07-01 15:55:00,37.0,267.0,10.8,13.0,1011.4,317.95,10.4,IDRSING3
210,26.1,0.0,0.5,2017-07-01 16:01:00,37.0,238.0,7.9,11.1,1011.7,320.52,10.3,IDRSING3
211,26.2,0.0,0.5,2017-07-01 16:06:00,37.0,228.0,15.8,20.1,1011.4,308.41,10.4,IDRSING3
212,26.0,0.0,0.5,2017-07-01 16:11:00,37.0,243.0,7.9,11.1,1011.7,289.32,10.2,IDRSING3
213,26.1,0.0,0.5,2017-07-01 16:12:00,37.0,263.0,15.4,20.1,1011.4,291.4,10.3,IDRSING3
214,26.0,0.0,0.5,2017-07-01 16:17:00,37.0,263.0,10.5,13.0,1011.7,283.2,10.2,IDRSING3
215,26.0,0.0,0.5,2017-07-01 16:22:00,38.0,273.0,10.8,14.8,1011.7,271.95,10.6,IDRSING3
216,25.9,0.0,0.5,2017-07-01 16:27:00,37.0,262.0,7.6,9.3,1011.7,258.98,10.1,IDRSING3
217,26.0,0.0,0.5,2017-07-01 16:32:00,37.0,239.0,9.7,13.0,1012.1,244.67,10.2,IDRSING3
218,26.0,0.0,0.5,2017-07-01 16:37:00,37.0,281.0,7.2,9.3,1011.7,90.65,10.2,IDRSING3
219,25.8,0.0,0.5,2017-07-01 16:42:00,37.0,277.0,9.3,11.1,1011.7,205.15,10.0,IDRSING3
220,25.9,0.0,0.5,2017-07-01 16:47:00,37.0,244.0,11.1,13.0,1011.7,199.04,10.1,IDRSING3
221,25.8,0.0,0.5,2017-07-01 16:53:00,37.0,274.0,14.0,16.6,1012.1,184.36,10.0,IDRSING3
222,25.7,0.0,0.5,2017-07-01 16:58:00,37.0,267.0,10.8,14.8,1011.7,169.56,9.9,IDRSING3
223,25.7,0.0,0.5,2017-07-01 17:03:00,37.0,214.0,9.7,13.0,1011.7,160.87,9.9,IDRSING3
224,25.5,0.0,0.5,2017-07-01 17:08:00,37.0,252.0,11.1,13.0,1011.7,145.7,9.8,IDRSING3
225,25.5,0.0,0.5,2017-07-01 17:13:00,37.0,276.0,9.7,11.1,1012.1,131.39,9.8,IDRSING3
226,25.3,0.0,0.5,2017-07-01 17:18:00,38.0,243.0,15.4,20.1,1011.7,120.99,10.0,IDRSING3
227,25.3,0.0,0.5,2017-07-01 17:23:00,38.0,251.0,13.0,16.6,1011.7,103.61,10.0,IDRSING3
228,25.1,0.0,0.5,2017-07-01 17:29:00,38.0,249.0,10.1,13.0,1012.1,91.87,9.8,IDRSING3
229,25.1,0.0,0.5,2017-07-01 17:34:00,38.0,295.0,11.6,16.6,1012.1,78.05,9.8,IDRSING3
230,25.0,0.0,0.5,2017-07-01 17:39:00,39.0,247.0,4.7,5.5,1012.1,70.71,10.1,IDRSING3
231,24.8,0.0,0.5,2017-07-01 17:44:00,39.0,292.0,9.3,11.1,1012.1,45.51,9.9,IDRSING3
232,24.3,0.0,0.5,2017-07-01 17:50:00,40.0,273.0,7.2,11.1,1012.1,40.24,9.9,IDRSING3
233,24.4,0.0,0.5,2017-07-01 17:55:00,40.0,248.0,5.8,7.2,1012.1,39.39,10.0,IDRSING3
234,24.3,0.0,0.5,2017-07-01 18:00:00,41.0,260.0,2.1,3.5,1012.1,36.82,10.2,IDRSING3
235,23.9,0.0,0.5,2017-07-01 18:05:00,42.0,249.0,5.8,7.2,1012.1,33.39,10.2,IDRSING3
236,23.7,0.0,0.5,2017-07-01 18:10:00,43.0,245.0,2.1,3.5,1012.1,29.48,10.4,IDRSING3
237,23.3,0.0,0.5,2017-07-01 18:15:00,44.0,248.0,2.9,3.5,1012.1,25.94,10.4,IDRSING3
238,23.2,0.0,0.5,2017-07-01 18:21:00,44.0,261.0,1.8,1.8,1012.1,19.45,10.3,IDRSING3
239,22.6,0.0,0.5,2017-07-01 18:26:00,46.0,261.0,2.1,3.5,1012.1,14.68,10.4,IDRSING3
240,22.0,0.0,0.5,2017-07-01 18:31:00,47.0,213.0,2.9,3.5,1012.1,11.62,10.2,IDRSING3
241,21.4,0.0,0.5,2017-07-01 18:36:00,49.0,213.0,1.8,1.8,1012.4,8.56,10.3,IDRSING3
242,20.9,0.0,0.5,2017-07-01 18:41:00,50.0,213.0,1.8,1.8,1012.4,6.48,10.1,IDRSING3
243,20.4,0.0,0.5,2017-07-01 18:46:00,51.0,213.0,1.8,1.8,1012.4,5.14,10.0,IDRSING3
244,20.1,0.0,0.5,2017-07-01 18:51:00,52.0,213.0,1.8,1.8,1012.4,3.43,10.0,IDRSING3
245,19.5,0.0,0.5,2017-07-01 18:57:00,55.0,213.0,1.4,1.8,1012.8,2.08,10.2,IDRSING3
246,18.9,0.0,0.5,2017-07-01 19:02:00,57.0,213.0,0.3,1.8,1012.8,0.36,10.2,IDRSING3
247,18.4,0.0,0.5,2017-07-01 19:07:00,58.0,213.0,0.0,0.0,1012.4,0.0,10.0,IDRSING3
248,17.8,0.0,0.5,2017-07-01 19:12:00,59.0,213.0,1.8,1.8,1012.8,0.0,9.7,IDRSING3
249,18.4,0.0,0.5,2017-07-01 19:17:00,55.0,213.0,2.1,3.5,1012.8,0.0,9.2,IDRSING3
250,19.0,0.0,0.5,2017-07-01 19:22:00,54.0,213.0,1.8,1.8,1013.1,0.0,9.5,IDRSING3
251,19.0,0.0,0.5,2017-07-01 19:27:00,56.0,213.0,0.0,0.0,1013.1,0.0,10.1,IDRSING3
252,18.1,0.0,0.5,2017-07-01 19:32:00,59.0,213.0,1.4,1.8,1013.1,0.0,10.0,IDRSING3
253,17.5,0.0,0.5,2017-07-01 19:37:00,61.0,213.0,2.6,3.5,1013.4,0.0,9.9,IDRSING3
254,16.6,0.0,0.5,2017-07-01 19:42:00,63.0,213.0,1.1,1.8,1013.4,0.0,9.5,IDRSING3
255,16.5,0.0,0.5,2017-07-01 19:47:00,61.0,213.0,1.1,1.8,1013.4,0.0,9.0,IDRSING3
256,17.1,0.0,0.5,2017-07-01 19:52:00,61.0,213.0,0.3,1.8,1013.1,0.0,9.5,IDRSING3
257,17.4,0.0,0.5,2017-07-01 19:57:00,60.0,213.0,1.4,1.8,1013.4,0.0,9.6,IDRSING3
258,17.5,0.0,0.5,2017-07-01 20:02:00,60.0,213.0,1.8,1.8,1013.1,0.0,9.7,IDRSING3
259,17.4,0.0,0.5,2017-07-01 20:07:00,61.0,213.0,0.3,1.8,1013.4,0.0,9.8,IDRSING3
260,17.3,0.0,0.5,2017-07-01 20:13:00,60.0,213.0,1.8,1.8,1013.1,0.0,9.5,IDRSING3
261,17.6,0.0,0.5,2017-07-01 20:18:00,60.0,213.0,0.3,1.8,1013.4,0.0,9.8,IDRSING3
262,17.5,0.0,0.5,2017-07-01 20:23:00,61.0,213.0,1.8,1.8,1013.1,0.0,9.9,IDRSING3
263,17.4,0.0,0.5,2017-07-01 20:28:00,62.0,213.0,2.1,3.5,1013.1,0.0,10.0,IDRSING3
264,16.7,0.0,0.5,2017-07-01 20:33:00,64.0,221.0,1.8,1.8,1013.4,0.0,9.9,IDRSING3
265,16.6,0.0,0.5,2017-07-01 20:38:00,64.0,228.0,1.4,1.8,1013.4,0.0,9.8,IDRSING3
266,16.8,0.0,0.5,2017-07-01 20:43:00,63.0,229.0,1.8,1.8,1013.4,0.0,9.7,IDRSING3
267,16.8,0.0,0.5,2017-07-01 20:48:00,63.0,251.0,2.1,3.5,1013.4,0.0,9.7,IDRSING3
268,16.9,0.0,0.5,2017-07-01 20:53:00,63.0,251.0,1.8,1.8,1013.4,0.0,9.8,IDRSING3
269,17.5,0.0,0.5,2017-07-01 20:58:00,61.0,227.0,2.1,3.5,1013.4,0.0,9.9,IDRSING3
270,17.8,0.0,0.5,2017-07-01 21:03:00,61.0,182.0,1.8,3.5,1013.8,0.0,10.2,IDRSING3
271,17.4,0.0,0.5,2017-07-01 21:08:00,63.0,207.0,2.9,3.5,1013.8,0.0,10.3,IDRSING3
272,17.2,0.0,0.5,2017-07-01 21:13:00,64.0,202.0,1.4,1.8,1013.8,0.0,10.3,IDRSING3
273,16.9,0.0,0.5,2017-07-01 21:18:00,65.0,177.0,1.1,1.8,1013.8,0.0,10.3,IDRSING3
274,16.6,0.0,0.5,2017-07-01 21:23:00,66.0,183.0,1.8,1.8,1013.8,0.0,10.2,IDRSING3
275,16.7,0.0,0.5,2017-07-01 21:29:00,66.0,179.0,1.4,1.8,1013.8,0.0,10.3,IDRSING3
276,16.9,0.0,0.5,2017-07-01 21:34:00,66.0,200.0,3.5,5.5,1014.1,0.0,10.5,IDRSING3
277,17.0,0.0,0.5,2017-07-01 21:39:00,66.0,196.0,3.5,5.5,1013.8,0.0,10.6,IDRSING3
278,17.1,0.0,0.5,2017-07-01 21:44:00,67.0,189.0,2.1,3.5,1014.1,0.0,10.9,IDRSING3
279,17.1,0.0,0.5,2017-07-01 21:49:00,68.0,176.0,2.1,3.5,1013.8,0.0,11.1,IDRSING3
280,17.1,0.0,0.5,2017-07-01 21:54:00,69.0,195.0,1.4,1.8,1014.1,0.0,11.4,IDRSING3
281,17.2,0.0,0.5,2017-07-01 21:59:00,69.0,187.0,2.9,3.5,1014.1,0.0,11.5,IDRSING3
282,17.6,0.0,0.0,2017-07-01 22:04:00,68.0,209.0,3.5,5.5,1014.1,0.0,11.6,IDRSING3
283,17.8,0.0,0.0,2017-07-01 22:09:00,68.0,175.0,2.1,3.5,1013.8,0.0,11.8,IDRSING3
284,17.7,0.0,0.0,2017-07-01 22:11:00,69.0,165.0,0.3,1.8,1014.1,0.0,12.0,IDRSING3
285,17.4,0.0,0.0,2017-07-01 22:17:00,70.0,192.0,0.3,1.8,1014.1,0.0,11.9,IDRSING3
286,17.2,0.0,0.0,2017-07-01 22:22:00,71.0,189.0,2.6,5.5,1014.1,0.0,11.9,IDRSING3
287,17.3,0.0,0.0,2017-07-01 22:27:00,71.0,189.0,2.9,5.5,1014.1,0.0,12.0,IDRSING3
288,17.1,0.0,0.0,2017-07-01 22:32:00,72.0,152.0,2.6,3.5,1014.1,0.0,12.0,IDRSING3
289,16.9,0.0,0.0,2017-07-01 22:37:00,73.0,204.0,1.1,1.8,1014.1,0.0,12.0,IDRSING3
290,16.6,0.0,0.0,2017-07-01 22:42:00,74.0,194.0,2.1,3.5,1014.1,0.0,12.0,IDRSING3
291,16.6,0.0,0.0,2017-07-01 22:43:00,74.0,177.0,2.1,3.5,1013.8,0.0,12.0,IDRSING3
292,16.4,0.0,0.0,2017-07-01 22:48:00,75.0,177.0,0.6,1.8,1013.8,0.0,12.0,IDRSING3
293,16.3,0.0,0.0,2017-07-01 22:53:00,76.0,182.0,1.4,1.8,1013.8,0.0,12.1,IDRSING3
294,16.0,0.0,0.0,2017-07-01 22:58:00,77.0,187.0,0.3,1.8,1013.8,0.0,12.0,IDRSING3
295,15.8,0.0,0.0,2017-07-01 23:03:00,78.0,190.0,1.1,1.8,1013.8,0.0,12.0,IDRSING3
296,15.6,0.0,0.0,2017-07-01 23:08:00,79.0,190.0,1.1,1.8,1014.1,0.0,12.0,IDRSING3
297,15.3,0.0,0.0,2017-07-01 23:13:00,80.0,190.0,0.0,0.0,1014.1,0.0,11.9,IDRSING3
298,15.2,0.0,0.0,2017-07-01 23:18:00,81.0,172.0,0.3,1.8,1013.8,0.0,12.0,IDRSING3
299,15.0,0.0,0.0,2017-07-01 23:23:00,82.0,173.0,0.0,0.0,1014.1,0.0,12.0,IDRSING3
300,14.8,0.0,0.0,2017-07-01 23:29:00,84.0,173.0,0.0,0.0,1014.4,0.0,12.1,IDRSING3
301,14.7,0.0,0.0,2017-07-01 23:34:00,85.0,173.0,0.0,0.0,1014.1,0.0,12.2,IDRSING3
302,14.6,0.0,0.0,2017-07-01 23:39:00,87.0,172.0,0.0,0.0,1014.4,0.0,12.5,IDRSING3
303,14.4,0.0,0.0,2017-07-01 23:44:00,89.0,172.0,0.0,0.0,1014.1,0.0,12.6,IDRSING3
304,14.2,0.0,0.0,2017-07-01 23:49:00,91.0,172.0,0.0,0.0,1014.1,0.0,12.8,IDRSING3
305,14.3,0.0,0.0,2017-07-01 23:54:00,91.0,173.0,1.4,1.8,1014.1,0.0,12.9,IDRSING3
306,14.4,0.0,0.0,2017-07-01 23:59:00,91.0,173.0,0.3,1.8,1013.8,0.0,13.0,IDRSING3
307,14.3,0.0,0.0,2017-07-02 00:04:00,92.0,173.0,0.0,0.0,1014.1,0.0,13.1,IDRSING3
308,14.1,0.0,0.0,2017-07-02 00:09:00,93.0,173.0,0.0,0.0,1014.1,0.0,13.0,IDRSING3
309,14.0,0.0,0.0,2017-07-02 00:14:00,93.0,173.0,0.0,0.0,1014.1,0.0,12.9,IDRSING3
310,13.6,0.0,0.0,2017-07-02 00:19:00,95.0,173.0,0.0,0.0,1014.4,0.0,12.8,IDRSING3
311,13.4,0.0,0.0,2017-07-02 00:25:00,96.0,173.0,0.0,0.0,1014.4,0.0,12.8,IDRSING3
312,13.2,0.0,0.0,2017-07-02 00:30:00,99.0,173.0,0.0,0.0,1014.4,0.0,13.0,IDRSING3
313,13.1,0.0,0.0,2017-07-02 00:35:00,97.0,173.0,0.0,0.0,1014.1,0.0,12.7,IDRSING3
314,12.9,0.0,0.0,2017-07-02 00:40:00,97.0,173.0,0.0,0.0,1013.8,0.0,12.5,IDRSING3
315,13.2,0.0,0.0,2017-07-02 00:45:00,96.0,173.0,0.3,1.8,1014.1,0.0,12.6,IDRSING3
316,13.3,0.0,0.0,2017-07-02 00:50:00,97.0,173.0,0.0,0.0,1014.1,0.0,12.9,IDRSING3
317,13.3,0.0,0.0,2017-07-02 00:55:00,94.0,173.0,0.0,0.0,1014.1,0.0,12.3,IDRSING3
318,13.6,0.0,0.0,2017-07-02 01:01:00,91.0,173.0,0.0,0.0,1014.1,0.0,12.2,IDRSING3
319,13.5,0.0,0.0,2017-07-02 01:06:00,94.0,173.0,0.0,0.0,1014.1,0.0,12.5,IDRSING3
320,13.4,0.0,0.0,2017-07-02 01:11:00,97.0,173.0,0.0,0.0,1014.4,0.0,13.0,IDRSING3
321,13.3,0.0,0.0,2017-07-02 01:16:00,96.0,173.0,0.0,0.0,1014.1,0.0,12.7,IDRSING3
322,13.1,0.0,0.0,2017-07-02 01:21:00,96.0,173.0,0.0,0.0,1014.4,0.0,12.5,IDRSING3
323,13.3,0.0,0.0,2017-07-02 01:26:00,96.0,173.0,0.0,0.0,1014.1,0.0,12.7,IDRSING3
324,13.3,0.0,0.0,2017-07-02 01:31:00,95.0,173.0,0.3,1.8,1013.8,0.0,12.5,IDRSING3
325,13.4,0.0,0.0,2017-07-02 01:37:00,96.0,173.0,0.0,0.0,1013.8,0.0,12.8,IDRSING3
326,13.1,0.0,0.0,2017-07-02 01:42:00,97.0,173.0,0.0,0.0,1014.1,0.0,12.7,IDRSING3
327,12.9,0.0,0.0,2017-07-02 01:47:00,98.0,173.0,0.0,0.0,1014.1,0.0,12.6,IDRSING3
328,12.8,0.0,0.0,2017-07-02 01:52:00,99.0,173.0,0.0,0.0,1014.1,0.0,12.6,IDRSING3
329,12.6,0.0,0.0,2017-07-02 01:57:00,99.0,173.0,0.0,0.0,1014.4,0.0,12.4,IDRSING3
330,12.4,0.0,0.0,2017-07-02 02:02:00,99.0,173.0,0.0,0.0,1014.1,0.0,12.2,IDRSING3
331,12.3,0.0,0.0,2017-07-02 02:07:00,99.0,173.0,0.0,0.0,1014.1,0.0,12.1,IDRSING3
332,12.2,0.0,0.0,2017-07-02 02:13:00,99.0,173.0,0.0,0.0,1014.1,0.0,12.0,IDRSING3
333,12.0,0.0,0.0,2017-07-02 02:18:00,99.0,173.0,0.0,0.0,1014.1,0.0,11.8,IDRSING3
334,11.8,0.0,0.0,2017-07-02 02:23:00,99.0,173.0,0.0,0.0,1014.1,0.0,11.6,IDRSING3
335,11.8,0.0,0.0,2017-07-02 02:28:00,99.0,173.0,0.0,0.0,1014.4,0.0,11.6,IDRSING3
336,12.1,0.0,0.0,2017-07-02 02:33:00,99.0,173.0,0.3,1.8,1014.1,0.0,11.9,IDRSING3
337,12.1,0.0,0.0,2017-07-02 02:38:00,99.0,173.0,0.0,0.0,1014.1,0.0,11.9,IDRSING3
338,12.0,0.0,0.0,2017-07-02 02:43:00,98.0,173.0,0.0,0.0,1014.1,0.0,11.7,IDRSING3
339,12.0,0.0,0.0,2017-07-02 02:44:00,98.0,173.0,0.0,0.0,1014.1,0.0,11.7,IDRSING3
340,12.1,0.0,0.0,2017-07-02 02:49:00,97.0,173.0,0.0,0.0,1014.1,0.0,11.7,IDRSING3
341,12.2,0.0,0.0,2017-07-02 02:54:00,97.0,173.0,0.3,1.8,1013.8,1.22,11.8,IDRSING3
342,12.3,0.0,0.0,2017-07-02 02:59:00,97.0,173.0,0.0,0.0,1014.1,4.28,11.9,IDRSING3
343,12.3,0.0,0.0,2017-07-02 03:05:00,98.0,173.0,0.0,0.0,1014.1,6.85,12.0,IDRSING3
344,12.0,0.0,0.0,2017-07-02 03:10:00,99.0,173.0,0.0,0.0,1014.1,9.91,11.8,IDRSING3
345,12.0,0.0,0.0,2017-07-02 03:15:00,99.0,173.0,0.0,0.0,1014.1,13.82,11.8,IDRSING3
346,12.0,0.0,0.0,2017-07-02 03:20:00,99.0,173.0,0.0,0.0,1014.1,17.73,11.8,IDRSING3
347,12.1,0.0,0.0,2017-07-02 03:25:00,99.0,173.0,0.0,0.0,1014.1,22.51,11.9,IDRSING3
348,12.4,0.0,0.0,2017-07-02 03:30:00,99.0,173.0,0.0,0.0,1014.1,27.65,12.2,IDRSING3
349,12.9,0.0,0.0,2017-07-02 03:35:00,99.0,173.0,0.0,0.0,1014.1,33.76,12.7,IDRSING3
350,13.4,0.0,0.0,2017-07-02 03:41:00,96.0,174.0,1.4,1.8,1014.1,39.39,12.8,IDRSING3
351,13.8,0.0,0.0,2017-07-02 03:46:00,93.0,192.0,2.9,3.5,1014.1,45.51,12.7,IDRSING3
352,14.1,0.0,0.0,2017-07-02 03:51:00,92.0,207.0,1.8,1.8,1014.1,50.65,12.9,IDRSING3
353,14.4,0.0,0.0,2017-07-02 03:56:00,90.0,178.0,1.4,3.5,1014.1,53.34,12.8,IDRSING3
354,14.9,0.0,0.0,2017-07-02 04:01:00,87.0,207.0,1.4,3.5,1014.1,54.19,12.8,IDRSING3
355,15.4,0.0,0.0,2017-07-02 04:06:00,85.0,202.0,1.4,3.5,1014.1,55.05,12.9,IDRSING3
356,15.8,0.0,0.0,2017-07-02 04:11:00,81.0,210.0,7.2,7.2,1014.4,62.39,12.5,IDRSING3
357,16.2,0.0,0.0,2017-07-02 04:16:00,77.0,237.0,7.9,11.1,1014.1,76.34,12.2,IDRSING3
358,17.1,0.0,0.0,2017-07-02 04:21:00,74.0,213.0,6.4,7.2,1014.4,67.65,12.5,IDRSING3
359,17.2,0.0,0.0,2017-07-02 04:26:00,73.0,244.0,7.2,9.3,1014.4,78.9,12.3,IDRSING3
360,17.2,0.0,0.0,2017-07-02 04:31:00,73.0,255.0,6.1,11.1,1014.4,87.1,12.3,IDRSING3
361,17.3,0.0,0.0,2017-07-02 04:37:00,72.0,244.0,5.8,7.2,1014.4,96.27,12.2,IDRSING3
362,17.5,0.0,0.0,2017-07-02 04:42:00,71.0,199.0,9.7,11.1,1014.4,129.68,12.2,IDRSING3
363,17.9,0.0,0.0,2017-07-02 04:47:00,69.0,219.0,6.4,7.2,1014.4,149.98,12.1,IDRSING3
364,18.3,0.0,0.0,2017-07-02 04:52:00,68.0,255.0,12.6,14.8,1014.4,182.53,12.3,IDRSING3
365,18.5,0.0,0.0,2017-07-02 04:57:00,67.0,252.0,9.7,11.1,1014.4,142.27,12.3,IDRSING3
366,18.9,0.0,0.0,2017-07-02 05:02:00,66.0,267.0,12.2,16.6,1014.8,213.35,12.4,IDRSING3
367,19.1,0.0,0.0,2017-07-02 05:07:00,65.0,242.0,11.6,13.0,1014.4,195.98,12.4,IDRSING3
368,19.3,0.0,0.0,2017-07-02 05:12:00,65.0,265.0,7.9,9.3,1014.8,190.84,12.6,IDRSING3
369,19.2,0.0,0.0,2017-07-02 05:17:00,65.0,272.0,6.4,9.3,1014.4,133.95,12.5,IDRSING3
370,19.1,0.0,0.0,2017-07-02 05:22:00,65.0,253.0,10.5,13.0,1014.4,125.76,12.4,IDRSING3
371,19.1,0.0,0.0,2017-07-02 05:25:00,65.0,254.0,11.1,13.0,1014.4,126.61,12.4,IDRSING3
372,19.2,0.0,0.0,2017-07-02 05:30:00,65.0,219.0,6.1,11.1,1014.8,165.27,12.5,IDRSING3
373,19.4,0.0,0.0,2017-07-02 05:35:00,64.0,299.0,8.2,11.1,1014.8,189.98,12.4,IDRSING3
374,19.6,0.0,0.0,2017-07-02 05:41:00,64.0,262.0,9.7,14.8,1014.8,162.58,12.6,IDRSING3
375,19.6,0.0,0.0,2017-07-02 05:46:00,64.0,278.0,9.3,13.0,1014.8,136.65,12.6,IDRSING3
376,19.6,0.0,0.0,2017-07-02 05:51:00,64.0,265.0,10.5,11.1,1014.8,140.93,12.6,IDRSING3
377,19.6,0.0,0.0,2017-07-02 05:56:00,64.0,291.0,14.3,18.3,1014.4,170.9,12.6,IDRSING3
378,19.7,0.0,0.0,2017-07-02 06:01:00,64.0,279.0,10.5,13.0,1015.1,156.59,12.7,IDRSING3
379,19.7,0.0,0.0,2017-07-02 06:06:00,64.0,282.0,9.7,11.1,1015.1,121.85,12.7,IDRSING3
380,19.6,0.0,0.0,2017-07-02 06:11:00,64.0,268.0,9.7,13.0,1015.5,125.27,12.6,IDRSING3
381,19.5,0.0,0.0,2017-07-02 06:16:00,65.0,322.0,12.2,14.8,1015.1,109.73,12.8,IDRSING3
382,19.4,0.0,0.0,2017-07-02 06:21:00,66.0,271.0,15.1,20.1,1015.1,78.9,12.9,IDRSING3
383,19.1,0.0,0.0,2017-07-02 06:26:00,67.0,282.0,10.5,13.0,1015.5,69.36,12.8,IDRSING3
384,19.0,0.0,0.0,2017-07-02 06:31:00,68.0,282.0,11.1,13.0,1015.1,81.48,13.0,IDRSING3
385,18.5,0.0,0.0,2017-07-02 06:37:00,74.0,314.0,15.4,16.6,1015.5,91.87,13.8,IDRSING3
386,18.0,0.0,0.0,2017-07-02 06:42:00,76.0,279.0,13.7,16.6,1015.5,100.19,13.7,IDRSING3
387,18.0,0.0,0.0,2017-07-02 06:47:00,76.0,289.0,11.9,14.8,1015.5,99.7,13.7,IDRSING3
388,18.0,0.0,0.0,2017-07-02 06:52:00,78.0,260.0,7.2,9.3,1015.5,84.53,14.1,IDRSING3
389,18.2,0.0,0.0,2017-07-02 06:57:00,76.0,239.0,10.1,13.0,1015.5,85.39,13.9,IDRSING3
390,18.2,0.0,0.0,2017-07-02 07:02:00,76.0,275.0,13.7,16.6,1015.5,123.56,13.9,IDRSING3
391,18.3,0.0,0.0,2017-07-02 07:07:00,75.0,273.0,15.1,18.3,1015.5,154.75,13.8,IDRSING3
392,18.3,0.0,0.0,2017-07-02 07:12:00,76.0,279.0,19.8,21.9,1015.5,157.44,14.0,IDRSING3
393,18.3,0.0,0.0,2017-07-02 07:17:00,76.0,268.0,11.1,13.0,1015.5,158.67,14.0,IDRSING3
394,18.5,0.0,0.0,2017-07-02 07:22:00,75.0,283.0,12.2,18.3,1015.5,161.73,14.0,IDRSING3
395,18.4,0.0,0.0,2017-07-02 07:27:00,76.0,269.0,13.4,16.6,1015.8,137.87,14.1,IDRSING3
396,18.3,0.0,0.0,2017-07-02 07:33:00,77.0,270.0,14.8,18.3,1015.5,158.3,14.2,IDRSING3
397,18.3,0.0,0.0,2017-07-02 07:38:00,77.0,332.0,12.6,14.8,1015.5,141.78,14.2,IDRSING3
398,18.4,0.0,0.0,2017-07-02 07:43:00,78.0,302.0,14.8,18.3,1015.5,122.7,14.5,IDRSING3
399,18.3,0.0,0.0,2017-07-02 07:48:00,78.0,251.0,5.8,7.2,1015.8,139.22,14.4,IDRSING3
400,18.3,0.0,0.0,2017-07-02 07:53:00,78.0,262.0,13.0,16.6,1015.5,184.73,14.4,IDRSING3
401,18.2,0.0,0.0,2017-07-02 07:58:00,82.0,250.0,8.7,14.8,1015.8,196.47,15.1,IDRSING3
402,17.7,0.0,0.0,2017-07-02 08:03:00,90.0,248.0,13.7,14.8,1015.8,181.3,16.0,IDRSING3
403,17.1,0.0,0.0,2017-07-02 08:08:00,92.0,286.0,15.8,20.1,1015.8,127.47,15.8,IDRSING3
404,17.3,0.0,0.0,2017-07-02 08:13:00,89.0,269.0,11.9,16.6,1015.8,157.44,15.4,IDRSING3
405,17.4,0.0,0.0,2017-07-02 08:18:00,88.0,289.0,10.8,13.0,1015.8,166.99,15.4,IDRSING3
406,17.6,0.0,0.0,2017-07-02 08:23:00,87.0,255.0,13.0,16.6,1015.8,178.24,15.4,IDRSING3
407,17.8,0.0,0.0,2017-07-02 08:28:00,86.0,226.0,15.4,18.3,1016.1,174.81,15.4,IDRSING3
408,17.8,0.0,0.0,2017-07-02 08:33:00,85.0,274.0,13.7,16.6,1016.1,122.7,15.2,IDRSING3
409,17.8,0.0,0.0,2017-07-02 08:38:00,84.0,249.0,12.2,16.6,1015.8,141.78,15.1,IDRSING3
410,18.0,0.0,0.0,2017-07-02 08:43:00,84.0,246.0,13.7,20.1,1016.1,157.81,15.3,IDRSING3
411,18.1,0.0,0.0,2017-07-02 08:49:00,84.0,276.0,14.3,16.6,1016.1,102.76,15.4,IDRSING3
412,17.8,0.0,0.0,2017-07-02 08:54:00,87.0,282.0,11.9,16.6,1016.1,116.58,15.6,IDRSING3
413,17.6,0.0,0.0,2017-07-02 08:59:00,89.0,254.0,7.9,11.1,1016.1,203.44,15.7,IDRSING3
414,17.7,0.0,0.0,2017-07-02 09:04:00,91.0,259.0,6.9,9.3,1016.5,151.33,16.2,IDRSING3
415,17.4,0.0,0.0,2017-07-02 09:09:00,93.0,274.0,12.2,14.8,1016.5,114.87,16.2,IDRSING3
416,17.1,0.0,0.0,2017-07-02 09:14:00,97.0,259.0,18.7,23.8,1016.1,224.24,16.7,IDRSING3
417,17.3,0.0,0.0,2017-07-02 09:19:00,94.0,272.0,12.6,18.3,1016.1,238.92,16.2,IDRSING3
418,17.7,0.0,0.0,2017-07-02 09:25:00,90.0,283.0,15.4,21.9,1016.5,238.07,16.0,IDRSING3
419,17.9,0.0,0.0,2017-07-02 09:30:00,89.0,300.0,10.5,14.8,1016.5,236.84,16.0,IDRSING3
420,17.7,0.0,0.0,2017-07-02 09:35:00,98.0,299.0,8.7,13.0,1016.5,179.59,17.4,IDRSING3
421,17.4,0.0,0.0,2017-07-02 09:40:00,99.0,335.0,11.9,14.8,1016.5,183.5,17.2,IDRSING3
422,17.5,0.0,0.0,2017-07-02 09:45:00,97.0,334.0,9.0,11.1,1016.8,305.35,17.1,IDRSING3
423,17.9,0.0,0.0,2017-07-02 09:50:00,95.0,343.0,10.5,14.8,1016.8,353.06,17.1,IDRSING3
424,18.1,0.0,0.0,2017-07-02 09:55:00,92.0,295.0,11.9,16.6,1016.8,347.43,16.8,IDRSING3
425,18.1,0.0,0.0,2017-07-02 10:00:00,91.0,358.0,9.3,11.1,1016.8,317.46,16.6,IDRSING3
426,17.8,0.0,0.0,2017-07-02 10:05:00,95.0,336.0,10.8,13.0,1016.8,259.35,17.0,IDRSING3
427,17.8,0.0,0.0,2017-07-02 10:10:00,98.0,338.0,6.4,7.2,1016.8,223.75,17.5,IDRSING3
428,17.8,0.0,0.0,2017-07-02 10:15:00,99.0,310.0,7.6,11.1,1016.8,223.39,17.6,IDRSING3
429,17.7,0.0,0.0,2017-07-02 10:20:00,99.0,303.0,12.2,16.6,1016.8,196.47,17.5,IDRSING3
430,17.8,0.0,0.0,2017-07-02 10:25:00,98.0,288.0,6.1,7.2,1017.2,266.69,17.5,IDRSING3
431,18.1,0.0,0.0,2017-07-02 10:30:00,94.0,346.0,5.8,7.2,1016.8,323.58,17.0,IDRSING3
432,18.7,0.0,0.0,2017-07-02 10:35:00,89.0,307.0,5.5,7.2,1016.5,304.49,16.8,IDRSING3
433,19.1,0.0,0.0,2017-07-02 10:40:00,85.0,4.0,10.8,14.8,1017.2,308.41,16.5,IDRSING3
434,19.2,0.0,0.0,2017-07-02 10:45:00,82.0,349.0,7.9,11.1,1016.8,334.47,16.0,IDRSING3
435,19.2,0.0,0.0,2017-07-02 10:46:00,82.0,342.0,9.3,13.0,1016.8,336.54,16.0,IDRSING3
436,19.3,0.0,0.0,2017-07-02 10:51:00,81.0,312.0,5.5,5.5,1016.8,410.32,15.9,IDRSING3
437,20.0,0.0,0.0,2017-07-02 10:56:00,78.0,294.0,10.5,13.0,1016.8,446.77,16.1,IDRSING3
438,20.2,0.0,0.0,2017-07-02 11:01:00,77.0,325.0,9.0,11.1,1016.8,459.74,16.0,IDRSING3
439,20.2,0.0,0.0,2017-07-02 11:02:00,78.0,320.0,11.1,14.8,1016.8,566.54,16.3,IDRSING3
440,20.3,0.0,0.0,2017-07-02 11:07:00,77.0,321.0,4.0,5.5,1016.5,593.45,16.1,IDRSING3
441,21.4,0.0,0.0,2017-07-02 11:13:00,71.0,330.0,9.3,13.0,1016.5,511.85,15.9,IDRSING3
442,21.2,0.0,0.0,2017-07-02 11:18:00,71.0,275.0,8.7,11.1,1016.8,509.28,15.7,IDRSING3
443,21.1,0.0,0.0,2017-07-02 11:23:00,71.0,0.0,10.5,13.0,1016.5,304.49,15.7,IDRSING3
444,20.9,0.0,0.0,2017-07-02 11:29:00,72.0,356.0,6.4,13.0,1016.8,145.7,15.7,IDRSING3
445,20.3,0.0,0.0,2017-07-02 11:34:00,74.0,331.0,11.6,13.0,1016.5,93.58,15.5,IDRSING3
446,20.2,0.0,0.0,2017-07-02 11:39:00,75.0,353.0,6.9,7.2,1016.8,178.24,15.7,IDRSING3
447,20.6,0.0,0.0,2017-07-02 11:45:00,72.0,321.0,8.7,11.1,1016.5,490.2,15.4,IDRSING3
448,21.4,0.0,0.0,2017-07-02 11:50:00,70.0,346.0,6.4,7.2,1016.5,497.91,15.7,IDRSING3
449,21.5,0.0,0.0,2017-07-02 11:55:00,69.0,288.0,6.1,7.2,1016.5,471.97,15.6,IDRSING3
450,21.8,0.0,0.0,2017-07-02 12:00:00,69.0,349.0,10.1,11.1,1016.5,433.8,15.9,IDRSING3
451,22.0,0.0,0.0,2017-07-02 12:05:00,63.0,348.0,13.7,18.3,1016.5,343.52,14.7,IDRSING3
452,21.4,0.0,0.0,2017-07-02 12:10:00,64.0,350.0,12.2,14.8,1016.5,398.2,14.3,IDRSING3
453,21.5,0.0,0.0,2017-07-02 12:15:00,63.0,334.0,11.1,16.6,1016.5,409.94,14.2,IDRSING3
454,21.9,0.0,0.0,2017-07-02 12:20:00,62.0,349.0,14.8,18.3,1016.5,407.25,14.3,IDRSING3
455,22.0,0.0,0.0,2017-07-02 12:25:00,62.0,7.0,10.1,14.8,1016.5,387.32,14.4,IDRSING3
456,21.7,0.0,0.0,2017-07-02 12:30:00,63.0,353.0,8.7,11.1,1016.5,421.57,14.4,IDRSING3
457,21.9,0.0,0.0,2017-07-02 12:35:00,62.0,355.0,11.1,14.8,1016.5,417.66,14.3,IDRSING3
458,21.8,0.0,0.0,2017-07-02 12:40:00,62.0,311.0,10.1,13.0,1016.5,336.18,14.2,IDRSING3
459,21.9,0.0,0.0,2017-07-02 12:45:00,63.0,344.0,12.2,16.6,1016.5,237.21,14.6,IDRSING3
460,21.5,0.0,0.0,2017-07-02 12:50:00,63.0,304.0,11.1,13.0,1016.5,164.78,14.2,IDRSING3
461,21.5,0.0,0.0,2017-07-02 12:55:00,62.0,349.0,15.4,18.3,1016.5,127.47,13.9,IDRSING3
462,21.3,0.0,0.0,2017-07-02 13:01:00,63.0,315.0,11.1,14.8,1016.5,97.13,14.0,IDRSING3
463,21.0,0.0,0.0,2017-07-02 13:06:00,64.0,336.0,13.7,16.6,1016.5,86.73,14.0,IDRSING3
464,20.9,0.0,0.0,2017-07-02 13:11:00,64.0,2.0,9.7,13.0,1016.5,76.34,13.9,IDRSING3
465,20.8,0.0,0.0,2017-07-02 13:16:00,64.0,324.0,6.1,9.3,1016.5,85.02,13.8,IDRSING3
466,20.9,0.0,0.0,2017-07-02 13:21:00,64.0,328.0,9.0,11.1,1016.5,139.22,13.9,IDRSING3
467,21.0,0.0,0.0,2017-07-02 13:26:00,64.0,323.0,9.0,11.1,1016.5,172.61,14.0,IDRSING3
468,21.1,0.0,0.0,2017-07-02 13:31:00,63.0,358.0,9.3,11.1,1016.1,178.24,13.8,IDRSING3
469,21.3,0.0,0.0,2017-07-02 13:37:00,62.0,331.0,9.0,11.1,1016.5,182.53,13.7,IDRSING3
470,21.3,0.0,0.0,2017-07-02 13:42:00,61.0,304.0,11.1,13.0,1016.5,240.76,13.5,IDRSING3
471,21.5,0.0,0.0,2017-07-02 13:47:00,61.0,358.0,10.1,14.8,1016.5,279.78,13.7,IDRSING3
472,21.8,0.0,0.0,2017-07-02 13:53:00,59.0,283.0,8.7,13.0,1016.5,303.64,13.5,IDRSING3
473,21.9,0.0,0.0,2017-07-02 13:58:00,59.0,341.0,7.2,11.1,1016.5,310.12,13.5,IDRSING3
474,22.2,0.0,0.0,2017-07-02 14:03:00,58.0,295.0,4.7,9.3,1016.1,430.74,13.6,IDRSING3
475,23.1,0.0,0.0,2017-07-02 14:09:00,56.0,350.0,6.4,9.3,1016.5,702.33,13.9,IDRSING3
476,23.7,0.0,0.0,2017-07-02 14:14:00,53.0,307.0,10.5,13.0,1016.5,641.16,13.6,IDRSING3
477,24.0,0.0,0.0,2017-07-02 14:19:00,53.0,324.0,8.7,11.1,1016.5,608.13,13.9,IDRSING3
478,23.3,0.0,0.0,2017-07-02 14:24:00,54.0,296.0,10.1,13.0,1016.1,181.3,13.5,IDRSING3
479,23.2,0.0,0.0,2017-07-02 14:29:00,53.0,279.0,7.6,9.3,1016.1,618.53,13.1,IDRSING3
480,23.8,0.0,0.0,2017-07-02 14:34:00,53.0,312.0,5.8,7.2,1016.1,560.42,13.7,IDRSING3
481,24.2,0.0,0.0,2017-07-02 14:39:00,52.0,282.0,9.0,11.1,1015.8,229.01,13.7,IDRSING3
482,24.0,0.0,0.0,2017-07-02 14:45:00,53.0,340.0,15.1,18.3,1016.1,640.67,13.9,IDRSING3
483,24.3,0.0,0.0,2017-07-02 14:50:00,52.0,347.0,11.6,14.8,1015.8,631.13,13.8,IDRSING3
484,24.3,0.0,0.0,2017-07-02 14:55:00,52.0,346.0,10.1,13.0,1015.5,569.6,13.8,IDRSING3
485,23.9,0.0,0.0,2017-07-02 15:01:00,55.0,273.0,8.7,13.0,1015.8,170.9,14.3,IDRSING3
486,23.3,0.0,0.0,2017-07-02 15:06:00,56.0,263.0,4.7,5.5,1015.5,147.05,14.1,IDRSING3
487,23.0,0.0,0.0,2017-07-02 15:11:00,56.0,306.0,5.8,7.2,1015.8,499.25,13.8,IDRSING3
488,24.2,0.0,0.0,2017-07-02 15:17:00,54.0,274.0,8.7,13.0,1015.8,490.2,14.3,IDRSING3
489,23.8,0.0,0.0,2017-07-02 15:22:00,55.0,292.0,7.9,11.1,1015.5,204.66,14.2,IDRSING3
490,23.5,0.0,0.0,2017-07-02 15:27:00,54.0,266.0,4.3,5.5,1015.5,458.03,13.7,IDRSING3
491,24.8,0.0,0.0,2017-07-02 15:32:00,51.0,298.0,6.4,9.3,1015.5,406.4,14.0,IDRSING3
492,23.8,0.0,0.0,2017-07-02 15:37:00,55.0,299.0,5.5,5.5,1015.5,83.68,14.2,IDRSING3
493,23.0,0.0,0.0,2017-07-02 15:40:00,57.0,307.0,10.5,11.1,1015.5,142.27,14.1,IDRSING3
494,23.3,0.0,0.0,2017-07-02 15:45:00,54.0,355.0,5.0,7.2,1015.5,360.4,13.5,IDRSING3
495,24.0,0.0,0.0,2017-07-02 15:50:00,54.0,295.0,6.1,7.2,1015.5,330.06,14.1,IDRSING3
496,24.1,0.0,0.0,2017-07-02 15:55:00,53.0,270.0,6.4,9.3,1015.5,312.69,13.9,IDRSING3
497,24.2,0.0,0.0,2017-07-02 16:01:00,53.0,291.0,3.5,3.5,1015.5,315.38,14.0,IDRSING3
498,24.2,0.0,0.0,2017-07-02 16:06:00,53.0,273.0,5.5,7.2,1015.5,298.37,14.0,IDRSING3
499,24.1,0.0,0.0,2017-07-02 16:11:00,53.0,279.0,5.5,7.2,1015.1,283.2,13.9,IDRSING3
500,24.1,0.0,0.0,2017-07-02 16:12:00,53.0,300.0,5.5,7.2,1015.1,280.64,13.9,IDRSING3
501,24.1,0.0,0.0,2017-07-02 16:17:00,53.0,291.0,4.0,5.5,1015.1,141.78,13.9,IDRSING3
502,23.6,0.0,0.0,2017-07-02 16:22:00,56.0,247.0,4.7,7.2,1015.5,87.1,14.3,IDRSING3
503,23.1,0.0,0.0,2017-07-02 16:27:00,57.0,262.0,5.5,7.2,1015.1,233.78,14.2,IDRSING3
504,23.4,0.0,0.0,2017-07-02 16:32:00,57.0,251.0,5.5,7.2,1015.1,69.73,14.4,IDRSING3
505,22.9,0.0,0.0,2017-07-02 16:37:00,58.0,262.0,4.7,7.2,1015.5,74.99,14.2,IDRSING3
506,23.1,0.0,0.0,2017-07-02 16:42:00,55.0,258.0,4.7,7.2,1015.1,205.52,13.6,IDRSING3
507,24.2,0.0,0.0,2017-07-02 16:47:00,53.0,256.0,7.9,9.3,1015.5,204.3,14.0,IDRSING3
508,23.7,0.0,0.0,2017-07-02 16:53:00,59.0,230.0,8.7,11.1,1015.5,88.82,15.2,IDRSING3
509,22.7,0.0,0.0,2017-07-02 16:58:00,61.0,241.0,9.7,11.1,1015.1,96.65,14.8,IDRSING3
510,22.7,0.0,0.0,2017-07-02 17:03:00,62.0,218.0,10.5,16.6,1015.5,102.27,15.0,IDRSING3
511,22.3,0.0,0.0,2017-07-02 17:09:00,65.0,241.0,6.1,7.2,1015.5,86.73,15.4,IDRSING3
512,22.1,0.0,0.0,2017-07-02 17:14:00,65.0,239.0,6.4,7.2,1015.5,85.39,15.2,IDRSING3
513,22.0,0.0,0.0,2017-07-02 17:19:00,67.0,237.0,11.9,14.8,1015.5,80.25,15.6,IDRSING3
514,21.8,0.0,0.0,2017-07-02 17:25:00,67.0,242.0,10.8,14.8,1015.5,75.48,15.4,IDRSING3
515,21.7,0.0,0.0,2017-07-02 17:30:00,68.0,241.0,11.9,13.0,1015.5,59.82,15.5,IDRSING3
516,21.5,0.0,0.0,2017-07-02 17:35:00,69.0,244.0,9.0,11.1,1015.5,55.9,15.6,IDRSING3
517,21.4,0.0,0.0,2017-07-02 17:41:00,70.0,219.0,9.3,11.1,1015.5,45.87,15.7,IDRSING3
518,21.3,0.0,0.0,2017-07-02 17:46:00,71.0,228.0,7.6,11.1,1015.8,29.85,15.8,IDRSING3
519,21.3,0.0,0.0,2017-07-02 17:51:00,70.0,253.0,7.9,11.1,1015.8,29.85,15.6,IDRSING3
520,21.2,0.0,0.0,2017-07-02 17:57:00,70.0,224.0,8.7,11.1,1015.8,23.85,15.5,IDRSING3
521,21.2,0.0,0.0,2017-07-02 18:02:00,70.0,226.0,10.5,11.1,1015.8,22.02,15.5,IDRSING3
522,21.1,0.0,0.0,2017-07-02 18:07:00,71.0,213.0,9.0,11.1,1015.8,14.68,15.7,IDRSING3
523,21.0,0.0,0.0,2017-07-02 18:12:00,71.0,249.0,7.6,9.3,1016.1,9.05,15.6,IDRSING3
524,20.9,0.0,0.0,2017-07-02 18:17:00,72.0,278.0,6.4,9.3,1016.1,10.39,15.7,IDRSING3
525,20.8,0.0,0.0,2017-07-02 18:22:00,73.0,278.0,2.6,5.5,1016.1,3.79,15.8,IDRSING3
526,20.7,0.0,0.0,2017-07-02 18:27:00,72.0,265.0,3.5,3.5,1016.1,0.85,15.5,IDRSING3
527,20.7,0.0,0.0,2017-07-02 18:32:00,72.0,238.0,5.0,5.5,1016.1,0.0,15.5,IDRSING3
528,20.7,0.0,0.0,2017-07-02 18:37:00,71.0,311.0,0.0,0.0,1016.1,0.36,15.3,IDRSING3
529,21.1,0.0,0.0,2017-07-02 18:42:00,67.0,271.0,3.5,5.5,1016.1,1.71,14.7,IDRSING3
530,21.1,0.0,0.0,2017-07-02 18:47:00,68.0,271.0,1.4,1.8,1016.5,1.22,15.0,IDRSING3
531,20.8,0.0,0.0,2017-07-02 18:52:00,69.0,271.0,0.0,0.0,1016.5,0.0,14.9,IDRSING3
532,20.6,0.0,0.0,2017-07-02 18:57:00,71.0,270.0,0.0,0.0,1016.5,0.0,15.2,IDRSING3
533,20.4,0.0,0.0,2017-07-02 19:02:00,71.0,271.0,1.1,1.8,1016.5,0.0,15.0,IDRSING3
534,20.4,0.0,0.0,2017-07-02 19:07:00,70.0,271.0,0.0,0.0,1016.5,0.0,14.8,IDRSING3
535,20.4,0.0,0.0,2017-07-02 19:13:00,72.0,271.0,0.0,0.0,1016.8,0.0,15.2,IDRSING3
536,20.1,0.0,0.0,2017-07-02 19:18:00,73.0,270.0,0.0,0.0,1016.8,0.0,15.1,IDRSING3
537,19.8,0.0,0.0,2017-07-02 19:23:00,74.0,270.0,0.0,0.0,1016.8,0.0,15.1,IDRSING3
538,19.6,0.0,0.0,2017-07-02 19:28:00,72.0,270.0,1.4,1.8,1016.8,0.0,14.4,IDRSING3
539,19.8,0.0,0.0,2017-07-02 19:33:00,69.0,270.0,0.0,0.0,1017.2,0.0,14.0,IDRSING3
540,19.6,0.0,0.0,2017-07-02 19:38:00,68.0,270.0,0.0,0.0,1017.2,0.0,13.5,IDRSING3
541,19.5,0.0,0.0,2017-07-02 19:43:00,66.0,271.0,1.4,1.8,1017.2,0.0,13.0,IDRSING3
542,19.8,0.0,0.0,2017-07-02 19:49:00,63.0,272.0,1.1,1.8,1017.2,0.0,12.6,IDRSING3
543,19.9,0.0,0.0,2017-07-02 19:54:00,63.0,317.0,2.1,3.5,1017.2,0.0,12.7,IDRSING3
544,20.0,0.0,0.0,2017-07-02 19:59:00,61.0,337.0,2.6,3.5,1017.2,0.0,12.3,IDRSING3
545,20.2,0.0,0.0,2017-07-02 20:04:00,61.0,330.0,2.9,3.5,1017.2,0.0,12.5,IDRSING3
546,20.3,0.0,0.0,2017-07-02 20:09:00,61.0,349.0,2.9,3.5,1017.5,0.0,12.5,IDRSING3
547,20.2,0.0,0.0,2017-07-02 20:14:00,61.0,344.0,3.5,5.5,1017.2,0.0,12.5,IDRSING3
548,20.1,0.0,0.0,2017-07-02 20:19:00,62.0,312.0,3.5,3.5,1017.5,0.0,12.6,IDRSING3
549,19.9,0.0,0.0,2017-07-02 20:25:00,63.0,315.0,2.1,3.5,1017.8,0.0,12.7,IDRSING3
550,19.7,0.0,0.0,2017-07-02 20:30:00,64.0,317.0,4.0,5.5,1017.8,0.0,12.7,IDRSING3
551,19.8,0.0,0.0,2017-07-02 20:35:00,63.0,333.0,2.1,3.5,1017.5,0.0,12.6,IDRSING3
552,19.8,0.0,0.0,2017-07-02 20:40:00,63.0,343.0,5.5,5.5,1017.8,0.0,12.6,IDRSING3
553,20.0,0.0,0.0,2017-07-02 20:45:00,63.0,341.0,4.0,5.5,1017.5,0.0,12.8,IDRSING3
554,20.0,0.0,0.0,2017-07-02 20:50:00,64.0,335.0,2.1,3.5,1017.8,0.0,13.0,IDRSING3
555,19.9,0.0,0.0,2017-07-02 20:55:00,64.0,349.0,6.1,7.2,1017.8,0.0,12.9,IDRSING3
556,19.9,0.0,0.0,2017-07-02 21:01:00,64.0,336.0,1.8,1.8,1017.8,0.0,12.9,IDRSING3
557,19.8,0.0,0.0,2017-07-02 21:06:00,64.0,325.0,1.4,1.8,1017.8,0.0,12.8,IDRSING3
558,19.8,0.0,0.0,2017-07-02 21:08:00,65.0,322.0,0.0,0.0,1017.8,0.0,13.0,IDRSING3
559,19.6,0.0,0.0,2017-07-02 21:13:00,65.0,335.0,2.9,3.5,1017.8,0.0,12.9,IDRSING3
560,19.6,0.0,0.0,2017-07-02 21:18:00,64.0,340.0,5.5,7.2,1017.8,0.0,12.6,IDRSING3
561,19.6,0.0,0.0,2017-07-02 21:23:00,65.0,342.0,4.7,7.2,1018.2,0.0,12.9,IDRSING3
562,19.6,0.0,0.0,2017-07-02 21:29:00,65.0,337.0,3.5,3.5,1018.2,0.0,12.9,IDRSING3
563,19.5,0.0,0.0,2017-07-02 21:34:00,65.0,337.0,3.5,5.5,1017.8,0.0,12.8,IDRSING3
564,19.3,0.0,0.0,2017-07-02 21:39:00,65.0,345.0,3.5,3.5,1017.8,0.0,12.6,IDRSING3
565,19.2,0.0,0.0,2017-07-02 21:44:00,65.0,324.0,2.1,3.5,1018.2,0.0,12.5,IDRSING3
566,19.1,0.0,0.0,2017-07-02 21:49:00,65.0,333.0,3.5,3.5,1018.2,0.0,12.4,IDRSING3
567,18.9,0.0,0.0,2017-07-02 21:54:00,67.0,323.0,2.6,3.5,1018.2,0.0,12.6,IDRSING3
568,18.7,0.0,0.0,2017-07-02 21:59:00,67.0,316.0,3.5,3.5,1017.8,0.0,12.4,IDRSING3
569,18.7,0.0,0.0,2017-07-02 22:04:00,67.0,334.0,3.5,3.5,1018.2,0.0,12.4,IDRSING3
570,18.7,0.0,0.0,2017-07-02 22:09:00,67.0,320.0,2.1,3.5,1018.2,0.0,12.4,IDRSING3
571,18.5,0.0,0.0,2017-07-02 22:14:00,68.0,340.0,2.9,3.5,1018.2,0.0,12.5,IDRSING3
572,18.5,0.0,0.0,2017-07-02 22:20:00,68.0,313.0,0.0,0.0,1018.2,0.0,12.5,IDRSING3
573,18.3,0.0,0.0,2017-07-02 22:25:00,70.0,313.0,0.0,0.0,1018.2,0.0,12.8,IDRSING3
574,17.9,0.0,0.0,2017-07-02 22:30:00,71.0,313.0,0.0,0.0,1018.2,0.0,12.6,IDRSING3
575,17.6,0.0,0.0,2017-07-02 22:35:00,72.0,313.0,1.4,1.8,1018.2,0.0,12.5,IDRSING3
576,17.3,0.0,0.0,2017-07-02 22:41:00,73.0,313.0,0.0,0.0,1018.2,0.0,12.4,IDRSING3
577,16.9,0.0,0.0,2017-07-02 22:46:00,74.0,313.0,0.0,0.0,1018.2,0.0,12.3,IDRSING3
578,16.9,0.0,0.0,2017-07-02 22:51:00,75.0,313.0,0.6,1.8,1018.2,0.0,12.5,IDRSING3
579,16.8,0.0,0.0,2017-07-02 22:56:00,76.0,313.0,0.0,0.0,1018.2,0.0,12.5,IDRSING3
580,16.8,0.0,0.0,2017-07-02 23:01:00,74.0,313.0,3.2,5.5,1018.5,0.0,12.2,IDRSING3
581,17.6,0.0,0.0,2017-07-02 23:11:00,72.0,339.0,0.6,1.8,1018.5,0.0,12.5,IDRSING3
582,17.7,0.0,0.0,2017-07-02 23:12:00,73.0,339.0,3.2,3.5,1018.5,0.0,12.8,IDRSING3
583,17.7,0.0,0.0,2017-07-02 23:17:00,72.0,340.0,1.1,3.5,1018.2,0.0,12.6,IDRSING3
584,17.5,0.0,0.0,2017-07-02 23:22:00,74.0,341.0,0.0,0.0,1018.5,0.0,12.9,IDRSING3
585,17.1,0.0,0.0,2017-07-02 23:27:00,75.0,341.0,0.0,0.0,1018.5,0.0,12.6,IDRSING3
586,17.0,0.0,0.0,2017-07-02 23:33:00,76.0,341.0,1.1,1.8,1018.5,0.0,12.7,IDRSING3
587,17.0,0.0,0.0,2017-07-02 23:38:00,76.0,341.0,1.8,1.8,1018.5,0.0,12.7,IDRSING3
588,16.7,0.0,0.0,2017-07-02 23:43:00,76.0,341.0,1.1,1.8,1018.8,0.0,12.4,IDRSING3
589,16.8,0.0,0.0,2017-07-02 23:49:00,76.0,341.0,0.3,1.8,1018.5,0.0,12.5,IDRSING3
590,16.6,0.0,0.0,2017-07-02 23:54:00,77.0,341.0,0.0,0.0,1018.5,0.0,12.5,IDRSING3
591,16.6,0.0,0.0,2017-07-02 23:59:00,77.0,341.0,0.3,1.8,1018.5,0.0,12.5,IDRSING3
592,17.0,0.0,0.0,2017-07-03 00:05:00,75.0,341.0,0.3,1.8,1018.8,0.0,12.6,IDRSING3
593,17.2,0.0,0.0,2017-07-03 00:10:00,75.0,341.0,0.0,0.0,1018.5,0.0,12.7,IDRSING3
594,17.3,0.0,0.0,2017-07-03 00:15:00,75.0,341.0,0.3,1.8,1018.8,0.0,12.8,IDRSING3
595,17.5,0.0,0.0,2017-07-03 00:20:00,74.0,341.0,0.0,0.0,1018.8,0.0,12.9,IDRSING3
596,17.2,0.0,0.0,2017-07-03 00:25:00,78.0,341.0,0.0,0.0,1018.8,0.0,13.4,IDRSING3
597,16.5,0.0,0.0,2017-07-03 00:30:00,81.0,341.0,0.0,0.0,1018.8,0.0,13.2,IDRSING3
598,16.2,0.0,0.0,2017-07-03 00:35:00,82.0,341.0,0.0,0.0,1018.8,0.0,13.1,IDRSING3
599,16.7,0.0,0.0,2017-07-03 00:41:00,77.0,341.0,0.0,0.0,1018.8,0.0,12.6,IDRSING3
600,17.4,0.0,0.0,2017-07-03 00:46:00,75.0,341.0,1.4,1.8,1018.8,0.0,12.9,IDRSING3
601,17.7,0.0,0.0,2017-07-03 00:51:00,74.0,342.0,1.8,1.8,1018.8,0.0,13.0,IDRSING3
602,17.8,0.0,0.0,2017-07-03 00:56:00,74.0,335.0,3.2,3.5,1018.8,0.0,13.1,IDRSING3
603,18.0,0.0,0.0,2017-07-03 01:01:00,73.0,340.0,3.2,3.5,1018.8,0.0,13.1,IDRSING3
604,18.0,0.0,0.0,2017-07-03 01:06:00,73.0,318.0,1.8,1.8,1018.8,0.0,13.1,IDRSING3
605,18.1,0.0,0.0,2017-07-03 01:11:00,73.0,348.0,2.9,3.5,1018.8,0.0,13.2,IDRSING3
606,18.1,0.0,0.0,2017-07-03 01:16:00,73.0,335.0,3.5,3.5,1018.8,0.0,13.2,IDRSING3
607,18.2,0.0,0.0,2017-07-03 01:21:00,72.0,316.0,7.2,9.3,1018.8,0.0,13.1,IDRSING3
608,18.3,0.0,0.0,2017-07-03 01:26:00,71.0,334.0,6.1,7.2,1019.2,0.0,13.0,IDRSING3
609,18.4,0.0,0.0,2017-07-03 01:31:00,71.0,288.0,7.2,9.3,1018.8,0.0,13.1,IDRSING3
610,18.5,0.0,0.0,2017-07-03 01:36:00,71.0,332.0,9.7,13.0,1019.2,0.0,13.2,IDRSING3
611,18.5,0.0,0.0,2017-07-03 01:41:00,71.0,323.0,4.0,5.5,1018.8,0.0,13.2,IDRSING3
612,18.5,0.0,0.0,2017-07-03 01:46:00,71.0,344.0,9.7,13.0,1018.8,0.0,13.2,IDRSING3
613,18.5,0.0,0.0,2017-07-03 01:51:00,70.0,294.0,9.3,13.0,1018.8,0.0,13.0,IDRSING3
614,18.6,0.0,0.0,2017-07-03 01:57:00,70.0,350.0,10.8,13.0,1018.8,0.0,13.0,IDRSING3
615,18.6,0.0,0.0,2017-07-03 02:02:00,70.0,322.0,11.6,14.8,1019.2,0.0,13.0,IDRSING3
616,18.6,0.0,0.0,2017-07-03 02:07:00,70.0,311.0,6.1,7.2,1018.8,0.0,13.0,IDRSING3
617,18.6,0.0,0.0,2017-07-03 02:12:00,70.0,301.0,7.2,11.1,1019.2,0.0,13.0,IDRSING3
618,18.6,0.0,0.0,2017-07-03 02:17:00,70.0,347.0,7.6,11.1,1019.2,0.0,13.0,IDRSING3
619,18.6,0.0,0.0,2017-07-03 02:22:00,70.0,282.0,9.0,11.1,1019.2,0.0,13.0,IDRSING3
620,18.6,0.0,0.0,2017-07-03 02:27:00,70.0,329.0,9.7,13.0,1019.2,0.0,13.0,IDRSING3
621,18.6,0.0,0.0,2017-07-03 02:32:00,70.0,301.0,8.7,11.1,1019.2,0.0,13.0,IDRSING3
622,18.5,0.0,0.0,2017-07-03 02:37:00,72.0,350.0,6.9,9.3,1019.5,0.0,13.3,IDRSING3
623,18.1,0.0,0.0,2017-07-03 02:42:00,74.0,335.0,7.2,9.3,1019.2,0.0,13.4,IDRSING3
624,18.1,0.0,0.0,2017-07-03 02:47:00,75.0,328.0,6.1,7.2,1019.2,0.0,13.6,IDRSING3
625,18.0,0.0,0.0,2017-07-03 02:53:00,75.0,296.0,4.7,5.5,1019.5,0.0,13.5,IDRSING3
626,18.0,0.0,0.0,2017-07-03 02:58:00,75.0,310.0,4.7,5.5,1019.2,0.0,13.5,IDRSING3
627,17.9,0.0,0.0,2017-07-03 03:03:00,76.0,288.0,11.9,13.0,1019.5,0.0,13.6,IDRSING3
628,17.8,0.0,0.0,2017-07-03 03:09:00,78.0,337.0,8.7,9.3,1019.5,0.0,13.9,IDRSING3
629,17.3,0.0,0.0,2017-07-03 03:14:00,85.0,313.0,4.7,7.2,1019.9,1.71,14.8,IDRSING3
630,16.6,1.8,0.3,2017-07-03 03:19:00,90.0,327.0,5.5,7.2,1019.9,2.57,14.9,IDRSING3
631,16.4,1.8,0.3,2017-07-03 03:24:00,92.0,347.0,6.4,9.3,1019.9,2.57,15.1,IDRSING3
632,16.3,0.0,0.3,2017-07-03 03:29:00,93.0,317.0,7.6,9.3,1019.9,4.77,15.1,IDRSING3
633,16.3,0.0,0.3,2017-07-03 03:30:00,93.0,275.0,7.2,9.3,1019.9,4.28,15.1,IDRSING3
634,16.2,0.0,0.3,2017-07-03 03:35:00,97.0,313.0,4.7,5.5,1020.2,5.14,15.8,IDRSING3
635,16.2,0.0,0.3,2017-07-03 03:41:00,96.0,333.0,8.2,9.3,1019.9,8.19,15.6,IDRSING3
636,16.1,0.0,0.3,2017-07-03 03:46:00,99.0,358.0,6.4,9.3,1019.9,10.77,15.9,IDRSING3
637,15.9,0.0,0.3,2017-07-03 03:51:00,99.0,348.0,6.1,9.3,1019.9,15.53,15.7,IDRSING3
638,15.8,0.0,0.3,2017-07-03 03:56:00,99.0,298.0,6.1,7.2,1019.9,14.31,15.6,IDRSING3
639,15.8,0.0,0.3,2017-07-03 04:01:00,99.0,288.0,6.1,9.3,1020.2,18.6,15.6,IDRSING3
640,15.8,0.0,0.3,2017-07-03 04:06:00,99.0,321.0,5.8,7.2,1019.9,28.63,15.6,IDRSING3
641,15.8,0.0,0.3,2017-07-03 04:11:00,99.0,290.0,3.5,3.5,1019.9,21.16,15.6,IDRSING3
642,15.8,0.0,0.3,2017-07-03 04:16:00,99.0,296.0,4.0,5.5,1020.2,17.25,15.6,IDRSING3
643,15.8,0.0,0.3,2017-07-03 04:21:00,99.0,325.0,6.9,9.3,1019.9,17.25,15.6,IDRSING3
644,15.9,0.0,0.3,2017-07-03 04:26:00,99.0,288.0,6.4,9.3,1020.2,35.11,15.7,IDRSING3
645,15.9,0.0,0.3,2017-07-03 04:31:00,99.0,305.0,4.0,5.5,1020.2,35.11,15.7,IDRSING3
646,15.9,0.0,0.3,2017-07-03 04:36:00,99.0,294.0,3.2,3.5,1020.2,39.02,15.7,IDRSING3
647,15.9,0.0,0.3,2017-07-03 04:41:00,99.0,296.0,4.7,5.5,1020.5,35.48,15.7,IDRSING3
648,16.0,0.0,0.3,2017-07-03 04:46:00,99.0,277.0,5.5,7.2,1020.2,68.02,15.8,IDRSING3
649,16.1,0.0,0.3,2017-07-03 04:51:00,99.0,307.0,6.1,7.2,1020.5,58.48,15.9,IDRSING3
650,16.2,0.0,0.3,2017-07-03 04:57:00,99.0,337.0,4.7,5.5,1020.2,43.31,16.0,IDRSING3
651,16.3,0.0,0.3,2017-07-03 05:02:00,99.0,293.0,5.5,7.2,1020.5,74.99,16.1,IDRSING3
652,16.4,0.0,0.3,2017-07-03 05:07:00,99.0,296.0,6.9,9.3,1020.5,52.85,16.2,IDRSING3
653,16.5,0.0,0.3,2017-07-03 05:12:00,99.0,282.0,7.2,9.3,1020.5,90.65,16.3,IDRSING3
654,16.7,0.0,0.3,2017-07-03 05:17:00,99.0,308.0,9.3,11.1,1020.5,100.19,16.5,IDRSING3
655,16.7,0.0,0.3,2017-07-03 05:22:00,99.0,311.0,5.5,7.2,1020.5,158.67,16.5,IDRSING3
656,16.8,0.0,0.3,2017-07-03 05:27:00,99.0,298.0,7.9,9.3,1020.5,151.33,16.6,IDRSING3
657,16.9,0.0,0.3,2017-07-03 05:32:00,99.0,309.0,6.1,9.3,1020.9,143.99,16.7,IDRSING3
658,17.0,0.0,0.3,2017-07-03 05:37:00,99.0,312.0,6.4,11.1,1020.9,116.22,16.8,IDRSING3
659,17.0,0.0,0.3,2017-07-03 05:42:00,98.0,277.0,5.5,7.2,1020.5,143.5,16.7,IDRSING3
660,17.2,0.0,0.3,2017-07-03 05:47:00,95.0,307.0,11.1,14.8,1020.9,210.29,16.4,IDRSING3
661,17.5,0.0,0.3,2017-07-03 05:53:00,93.0,0.0,7.2,9.3,1020.9,147.9,16.3,IDRSING3
662,17.5,0.0,0.3,2017-07-03 05:58:00,94.0,280.0,9.3,13.0,1020.9,142.64,16.4,IDRSING3
663,17.6,0.0,0.3,2017-07-03 06:03:00,91.0,356.0,11.1,13.0,1020.9,160.87,16.1,IDRSING3
664,18.0,0.0,0.3,2017-07-03 06:08:00,88.0,341.0,11.6,14.8,1021.2,215.92,15.9,IDRSING3
665,17.8,0.0,0.3,2017-07-03 06:13:00,89.0,327.0,13.0,16.6,1021.2,178.61,15.9,IDRSING3
666,17.7,0.0,0.3,2017-07-03 06:18:00,89.0,355.0,5.5,9.3,1020.9,145.7,15.8,IDRSING3
667,18.2,0.0,0.3,2017-07-03 06:23:00,86.0,0.0,7.2,13.0,1021.2,193.41,15.8,IDRSING3
668,18.7,0.0,0.3,2017-07-03 06:29:00,84.0,311.0,6.4,7.2,1021.2,148.27,15.9,IDRSING3
669,19.0,0.0,0.3,2017-07-03 06:34:00,81.0,337.0,6.4,7.2,1021.2,162.22,15.7,IDRSING3
670,19.2,0.0,0.3,2017-07-03 06:39:00,79.0,337.0,4.7,7.2,1021.2,219.83,15.5,IDRSING3
671,19.2,0.0,0.3,2017-07-03 06:45:00,80.0,322.0,7.2,9.3,1021.6,178.61,15.7,IDRSING3
672,19.1,0.0,0.3,2017-07-03 06:50:00,77.0,0.0,9.0,14.8,1021.2,674.56,15.0,IDRSING3
673,19.2,0.0,0.3,2017-07-03 06:55:00,77.0,287.0,9.7,13.0,1021.2,843.26,15.1,IDRSING3
674,19.6,0.0,0.3,2017-07-03 07:00:00,73.0,263.0,13.7,16.6,1021.6,166.13,14.6,IDRSING3
675,19.5,0.0,0.3,2017-07-03 07:05:00,74.0,351.0,5.0,7.2,1021.2,357.83,14.8,IDRSING3
676,19.9,0.0,0.3,2017-07-03 07:10:00,71.0,357.0,11.1,14.8,1021.2,427.2,14.5,IDRSING3
677,20.2,0.0,0.3,2017-07-03 07:15:00,67.0,350.0,10.5,13.0,1021.6,615.11,13.9,IDRSING3
678,20.3,0.0,0.3,2017-07-03 07:20:00,62.0,344.0,9.7,14.8,1021.6,338.75,12.8,IDRSING3
679,20.5,0.0,0.3,2017-07-03 07:25:00,61.0,344.0,16.9,20.1,1021.2,160.02,12.7,IDRSING3
680,19.8,0.0,0.3,2017-07-03 07:30:00,63.0,292.0,10.5,14.8,1021.6,195.61,12.6,IDRSING3
681,20.2,0.0,0.3,2017-07-03 07:35:00,60.0,340.0,8.7,13.0,1021.6,366.03,12.2,IDRSING3
682,20.8,0.0,0.3,2017-07-03 07:41:00,59.0,340.0,9.3,14.8,1021.6,183.5,12.5,IDRSING3
683,21.0,0.0,0.3,2017-07-03 07:45:00,56.0,345.0,10.5,14.8,1021.6,260.69,11.9,IDRSING3
684,20.3,0.0,0.3,2017-07-03 07:50:00,59.0,335.0,6.1,7.2,1021.6,248.46,12.0,IDRSING3
685,20.6,0.0,0.3,2017-07-03 07:55:00,58.0,348.0,11.6,13.0,1021.6,233.29,12.1,IDRSING3
686,21.2,0.0,0.3,2017-07-03 08:00:00,57.0,335.0,13.0,18.3,1021.6,808.52,12.4,IDRSING3
687,21.2,0.0,0.3,2017-07-03 08:05:00,58.0,294.0,12.6,16.6,1021.6,196.84,12.6,IDRSING3
688,20.7,0.0,0.3,2017-07-03 08:10:00,57.0,353.0,10.8,11.1,1021.6,319.66,11.9,IDRSING3
689,21.1,0.0,0.3,2017-07-03 08:15:00,57.0,311.0,12.2,14.8,1021.6,813.78,12.3,IDRSING3
690,21.2,0.0,0.3,2017-07-03 08:16:00,56.0,327.0,12.6,14.8,1021.6,793.84,12.1,IDRSING3
691,21.4,0.0,0.3,2017-07-03 08:21:00,55.0,342.0,8.7,11.1,1021.6,848.89,12.0,IDRSING3
692,21.3,0.0,0.3,2017-07-03 08:26:00,55.0,345.0,12.2,14.8,1021.6,160.87,11.9,IDRSING3
693,20.5,0.0,0.3,2017-07-03 08:31:00,55.0,351.0,13.4,18.3,1021.6,193.05,11.2,IDRSING3
694,21.0,0.0,0.3,2017-07-03 08:37:00,53.0,294.0,18.3,23.8,1021.6,889.75,11.1,IDRSING3
695,21.6,0.0,0.3,2017-07-03 08:42:00,50.0,347.0,14.3,18.3,1021.6,882.29,10.8,IDRSING3
696,22.0,0.0,0.3,2017-07-03 08:47:00,49.0,305.0,17.7,21.9,1021.6,898.31,10.8,IDRSING3
697,22.2,0.0,0.3,2017-07-03 08:52:00,49.0,331.0,11.9,14.8,1021.6,827.6,11.0,IDRSING3
698,21.8,0.0,0.3,2017-07-03 08:57:00,48.0,330.0,14.0,20.1,1021.6,858.92,10.3,IDRSING3
699,22.4,0.0,0.3,2017-07-03 09:02:00,45.0,0.0,9.7,13.0,1021.6,878.0,9.9,IDRSING3
700,22.7,0.0,0.3,2017-07-03 09:07:00,45.0,333.0,11.9,14.8,1021.6,904.06,10.2,IDRSING3
701,22.8,0.0,0.3,2017-07-03 09:13:00,47.0,258.0,13.7,18.3,1021.6,204.3,10.9,IDRSING3
702,22.6,0.0,0.3,2017-07-03 09:18:00,46.0,338.0,6.4,7.2,1021.6,900.51,10.4,IDRSING3
703,22.8,0.0,0.3,2017-07-03 09:24:00,45.0,333.0,11.9,16.6,1021.2,851.95,10.3,IDRSING3
704,22.9,0.0,0.3,2017-07-03 09:29:00,45.0,321.0,10.5,14.8,1021.2,739.64,10.4,IDRSING3
705,23.3,0.0,0.3,2017-07-03 09:34:00,43.0,267.0,11.6,16.6,1021.2,853.66,10.1,IDRSING3
706,23.4,0.0,0.3,2017-07-03 09:39:00,43.0,353.0,16.9,18.3,1021.6,847.17,10.1,IDRSING3
707,22.9,0.0,0.3,2017-07-03 09:45:00,43.0,345.0,14.3,16.6,1021.2,921.8,9.7,IDRSING3
708,23.2,0.0,0.3,2017-07-03 09:50:00,44.0,343.0,15.4,20.1,1021.2,251.15,10.3,IDRSING3
709,23.3,0.0,0.3,2017-07-03 09:55:00,42.0,340.0,14.3,20.1,1021.2,898.8,9.7,IDRSING3
710,23.2,0.0,0.3,2017-07-03 10:00:00,42.0,1.0,13.0,18.3,1021.2,867.61,9.6,IDRSING3
711,23.8,0.0,0.3,2017-07-03 10:05:00,42.0,323.0,10.5,13.0,1020.9,877.15,10.2,IDRSING3
712,23.7,0.0,0.3,2017-07-03 10:10:00,42.0,332.0,14.8,16.6,1020.9,855.0,10.1,IDRSING3
713,23.9,0.0,0.3,2017-07-03 10:15:00,42.0,300.0,10.5,13.0,1020.9,858.92,10.2,IDRSING3
714,24.2,0.0,0.3,2017-07-03 10:21:00,41.0,287.0,9.3,13.0,1020.9,875.44,10.1,IDRSING3
715,23.5,0.0,0.3,2017-07-03 10:26:00,44.0,266.0,13.7,18.3,1020.9,860.14,10.6,IDRSING3
716,24.5,0.0,0.3,2017-07-03 10:31:00,42.0,330.0,7.9,11.1,1020.9,829.8,10.8,IDRSING3
717,23.3,0.0,0.3,2017-07-03 10:37:00,45.0,324.0,19.8,25.6,1020.9,190.36,10.7,IDRSING3
718,23.5,0.0,0.3,2017-07-03 10:42:00,43.0,311.0,15.1,16.6,1020.9,841.55,10.2,IDRSING3
719,23.8,0.0,0.3,2017-07-03 10:47:00,45.0,335.0,11.1,18.3,1020.9,276.24,11.2,IDRSING3
720,23.0,0.0,0.3,2017-07-03 10:52:00,46.0,4.0,17.7,23.8,1020.9,924.0,10.8,IDRSING3
721,23.1,0.0,0.3,2017-07-03 10:57:00,46.0,355.0,12.6,20.1,1020.9,975.14,10.9,IDRSING3
722,23.3,0.0,0.3,2017-07-03 11:02:00,47.0,0.0,13.4,21.9,1020.9,232.93,11.4,IDRSING3
723,22.7,0.0,0.3,2017-07-03 11:07:00,46.0,32.0,12.2,20.1,1020.9,884.0,10.5,IDRSING3
724,24.0,0.0,0.3,2017-07-03 11:13:00,44.0,326.0,5.5,7.2,1020.9,245.9,11.0,IDRSING3
725,23.7,0.0,0.3,2017-07-03 11:18:00,45.0,356.0,12.2,21.9,1021.2,951.78,11.1,IDRSING3
726,23.4,0.0,0.3,2017-07-03 11:23:00,45.0,351.0,14.0,18.3,1021.2,884.98,10.8,IDRSING3
727,24.2,0.0,0.3,2017-07-03 11:28:00,44.0,353.0,12.2,14.8,1020.9,950.43,11.2,IDRSING3
728,23.3,0.0,0.3,2017-07-03 11:33:00,47.0,322.0,15.8,23.8,1021.2,277.09,11.4,IDRSING3
729,22.5,0.0,0.3,2017-07-03 11:38:00,47.0,359.0,20.1,23.8,1020.9,294.1,10.6,IDRSING3
730,22.5,0.0,0.3,2017-07-03 11:44:00,47.0,325.0,10.5,14.8,1020.9,528.37,10.6,IDRSING3
731,22.8,0.0,0.3,2017-07-03 11:49:00,47.0,354.0,9.0,11.1,1021.2,561.77,10.9,IDRSING3
732,23.7,0.0,0.3,2017-07-03 11:54:00,45.0,334.0,11.1,14.8,1021.6,845.83,11.1,IDRSING3
733,23.1,0.0,0.3,2017-07-03 11:59:00,46.0,359.0,20.6,25.6,1021.2,931.83,10.9,IDRSING3
734,23.5,0.0,0.3,2017-07-03 12:05:00,47.0,327.0,8.2,9.3,1021.2,286.63,11.5,IDRSING3
735,22.9,0.0,0.3,2017-07-03 12:10:00,47.0,353.0,13.0,14.8,1021.2,290.54,11.0,IDRSING3
736,23.2,0.0,0.3,2017-07-03 12:16:00,44.0,285.0,12.2,16.6,1021.2,646.3,10.3,IDRSING3
737,24.4,0.0,0.3,2017-07-03 12:21:00,44.0,342.0,18.0,21.9,1020.9,823.81,11.4,IDRSING3
738,24.6,0.0,0.3,2017-07-03 12:26:00,43.0,325.0,19.5,25.6,1020.9,769.98,11.2,IDRSING3
739,24.2,0.0,0.3,2017-07-03 12:31:00,43.0,324.0,14.0,18.3,1020.9,808.52,10.9,IDRSING3
740,23.1,0.0,0.3,2017-07-03 12:36:00,47.0,339.0,11.9,16.6,1020.9,769.49,11.2,IDRSING3
741,24.0,0.0,0.3,2017-07-03 12:41:00,42.0,13.0,16.9,20.1,1020.9,746.99,10.3,IDRSING3
742,24.2,0.0,0.3,2017-07-03 12:46:00,41.0,11.0,13.7,18.3,1020.5,739.64,10.1,IDRSING3
743,24.4,0.0,0.3,2017-07-03 12:52:00,41.0,346.0,14.3,16.6,1020.9,730.47,10.3,IDRSING3
744,23.8,0.0,0.3,2017-07-03 12:57:00,44.0,75.0,3.5,5.5,1020.9,800.81,10.8,IDRSING3
745,23.9,0.0,0.3,2017-07-03 13:02:00,40.0,339.0,16.9,21.9,1020.9,754.81,9.5,IDRSING3
746,24.4,0.0,0.3,2017-07-03 13:07:00,39.0,332.0,15.4,21.9,1020.9,746.99,9.6,IDRSING3
747,24.5,0.0,0.3,2017-07-03 13:09:00,39.0,288.0,15.4,18.3,1020.9,750.41,9.7,IDRSING3
748,24.6,0.0,0.3,2017-07-03 13:14:00,39.0,1.0,9.7,14.8,1020.5,743.56,9.8,IDRSING3
749,25.1,0.0,0.3,2017-07-03 13:19:00,38.0,30.0,14.8,18.3,1020.5,704.9,9.8,IDRSING3
750,24.6,0.0,0.3,2017-07-03 13:24:00,37.0,341.0,14.8,23.8,1020.5,564.82,9.0,IDRSING3
751,24.2,0.0,0.3,2017-07-03 13:29:00,38.0,305.0,9.3,11.1,1020.2,746.99,9.0,IDRSING3
752,24.2,0.0,0.3,2017-07-03 13:34:00,36.0,355.0,12.6,14.8,1020.5,693.16,8.2,IDRSING3
753,24.7,0.0,0.3,2017-07-03 13:40:00,36.0,11.0,15.1,18.3,1020.5,684.47,8.7,IDRSING3
754,24.6,0.0,0.3,2017-07-03 13:45:00,35.0,319.0,14.0,18.3,1020.5,664.53,8.1,IDRSING3
755,25.0,0.0,0.3,2017-07-03 13:50:00,34.0,323.0,19.8,23.8,1020.5,665.38,8.1,IDRSING3
756,24.6,0.0,0.3,2017-07-03 13:55:00,36.0,333.0,20.9,25.6,1020.5,104.1,8.6,IDRSING3
757,24.0,0.0,0.3,2017-07-03 14:00:00,34.0,323.0,7.2,9.3,1020.2,655.84,7.2,IDRSING3
758,25.6,0.0,0.3,2017-07-03 14:05:00,34.0,338.0,11.6,14.8,1020.5,677.99,8.6,IDRSING3
759,24.9,0.0,0.3,2017-07-03 14:10:00,33.0,324.0,13.0,16.6,1020.2,676.27,7.6,IDRSING3
760,25.0,0.0,0.3,2017-07-03 14:16:00,35.0,359.0,10.8,13.0,1020.2,642.02,8.5,IDRSING3
761,24.9,0.0,0.3,2017-07-03 14:21:00,35.0,338.0,8.2,13.0,1020.5,138.73,8.4,IDRSING3
762,24.4,0.0,0.3,2017-07-03 14:26:00,37.0,330.0,6.1,9.3,1020.5,121.85,8.8,IDRSING3
763,23.5,0.0,0.3,2017-07-03 14:32:00,37.0,345.0,9.7,13.0,1020.2,585.62,8.0,IDRSING3
764,24.8,0.0,0.3,2017-07-03 14:37:00,34.0,355.0,13.7,23.8,1020.5,566.05,7.9,IDRSING3
765,24.8,0.0,0.3,2017-07-03 14:42:00,34.0,255.0,8.7,13.0,1020.5,545.62,7.9,IDRSING3
766,25.3,0.0,0.3,2017-07-03 14:47:00,34.0,327.0,11.9,14.8,1020.2,520.54,8.4,IDRSING3
767,25.1,0.0,0.3,2017-07-03 14:53:00,34.0,327.0,14.3,18.3,1020.2,505.37,8.2,IDRSING3
768,24.9,0.0,0.3,2017-07-03 14:58:00,33.0,308.0,20.1,25.6,1020.5,490.57,7.6,IDRSING3
769,24.7,0.0,0.3,2017-07-03 15:03:00,33.0,298.0,9.7,11.1,1020.2,475.89,7.4,IDRSING3
770,25.3,0.0,0.3,2017-07-03 15:08:00,33.0,3.0,13.0,18.3,1020.5,488.86,7.9,IDRSING3
771,25.3,0.0,0.3,2017-07-03 15:13:00,33.0,310.0,13.0,18.3,1020.2,458.88,7.9,IDRSING3
772,25.3,0.0,0.3,2017-07-03 15:15:00,32.0,340.0,13.7,16.6,1020.2,448.11,7.5,IDRSING3
773,25.0,0.0,0.3,2017-07-03 15:20:00,33.0,354.0,6.4,9.3,1020.2,442.0,7.7,IDRSING3
774,25.4,0.0,0.3,2017-07-03 15:25:00,32.0,356.0,9.7,13.0,1020.5,423.77,7.5,IDRSING3
775,25.1,0.0,0.3,2017-07-03 15:30:00,32.0,354.0,13.0,18.3,1020.2,381.32,7.3,IDRSING3
776,25.1,0.0,0.3,2017-07-03 15:35:00,32.0,326.0,5.8,7.2,1020.2,367.86,7.3,IDRSING3
777,24.9,0.0,0.3,2017-07-03 15:40:00,31.0,341.0,14.8,16.6,1020.2,352.57,6.6,IDRSING3
778,24.2,0.0,0.3,2017-07-03 15:45:00,33.0,279.0,8.7,9.3,1020.2,366.52,7.0,IDRSING3
779,24.7,0.0,0.3,2017-07-03 15:50:00,32.0,314.0,10.5,13.0,1020.2,334.83,6.9,IDRSING3
780,25.0,0.0,0.3,2017-07-03 15:55:00,31.0,25.0,14.8,18.3,1020.5,320.15,6.7,IDRSING3
781,24.8,0.0,0.3,2017-07-03 16:00:00,32.0,354.0,5.5,7.2,1020.2,327.0,7.0,IDRSING3
782,25.0,0.0,0.3,2017-07-03 16:05:00,32.0,348.0,11.9,16.6,1020.2,310.12,7.2,IDRSING3
783,25.0,0.0,0.3,2017-07-03 16:11:00,32.0,313.0,7.2,9.3,1020.2,290.18,7.2,IDRSING3
784,25.0,0.0,0.3,2017-07-03 16:16:00,30.0,8.0,9.3,13.0,1020.5,286.27,6.3,IDRSING3
785,24.8,0.0,0.3,2017-07-03 16:21:00,31.0,327.0,12.2,16.6,1020.2,267.18,6.6,IDRSING3
786,24.9,0.0,0.3,2017-07-03 16:26:00,31.0,319.0,12.6,16.6,1020.5,251.52,6.6,IDRSING3
787,24.8,0.0,0.3,2017-07-03 16:31:00,32.0,331.0,3.5,5.5,1020.2,236.35,7.0,IDRSING3
788,24.9,0.0,0.3,2017-07-03 16:36:00,32.0,1.0,11.9,16.6,1020.2,225.95,7.1,IDRSING3
789,24.5,0.0,0.3,2017-07-03 16:41:00,32.0,337.0,11.9,14.8,1020.2,195.98,6.8,IDRSING3
790,24.7,0.0,0.3,2017-07-03 16:46:00,32.0,352.0,13.0,16.6,1020.2,191.21,6.9,IDRSING3
791,24.5,0.0,0.3,2017-07-03 16:52:00,32.0,359.0,9.0,13.0,1020.5,177.39,6.8,IDRSING3
792,24.4,0.0,0.3,2017-07-03 16:57:00,33.0,343.0,6.1,9.3,1020.2,114.02,7.1,IDRSING3
793,24.1,0.0,0.3,2017-07-03 17:02:00,34.0,28.0,2.6,5.5,1020.2,114.02,7.3,IDRSING3
794,24.1,0.0,0.3,2017-07-03 17:07:00,34.0,340.0,4.0,5.5,1020.2,116.58,7.3,IDRSING3
795,24.2,0.0,0.3,2017-07-03 17:12:00,34.0,319.0,6.4,7.2,1020.5,135.67,7.4,IDRSING3
796,24.1,0.0,0.3,2017-07-03 17:17:00,33.0,325.0,7.6,9.3,1020.5,119.64,6.9,IDRSING3
797,24.0,0.0,0.3,2017-07-03 17:22:00,32.0,359.0,8.7,13.0,1020.2,104.1,6.3,IDRSING3
798,24.0,0.0,0.3,2017-07-03 17:28:00,32.0,0.0,11.1,14.8,1020.2,89.79,6.3,IDRSING3
799,23.9,0.0,0.3,2017-07-03 17:33:00,33.0,335.0,9.7,13.0,1020.5,78.9,6.7,IDRSING3
800,23.8,0.0,0.3,2017-07-03 17:38:00,33.0,322.0,6.4,9.3,1020.2,71.07,6.6,IDRSING3
801,23.9,0.0,0.3,2017-07-03 17:44:00,34.0,301.0,0.3,1.8,1020.2,49.79,7.1,IDRSING3
802,23.9,0.0,0.3,2017-07-03 17:49:00,34.0,4.0,7.9,11.1,1020.5,43.31,7.1,IDRSING3
803,23.6,0.0,0.3,2017-07-03 17:54:00,34.0,344.0,2.9,3.5,1020.5,39.02,6.9,IDRSING3
804,23.5,0.0,0.3,2017-07-03 17:59:00,34.0,307.0,1.8,1.8,1020.5,35.48,6.8,IDRSING3
805,23.2,0.0,0.3,2017-07-03 18:04:00,35.0,339.0,2.9,5.5,1020.5,31.19,6.9,IDRSING3
806,22.7,0.0,0.3,2017-07-03 18:09:00,36.0,338.0,2.6,3.5,1020.5,27.65,6.9,IDRSING3
807,22.6,0.0,0.3,2017-07-03 18:14:00,37.0,310.0,2.6,5.5,1020.5,24.71,7.2,IDRSING3
808,22.3,0.0,0.3,2017-07-03 18:19:00,38.0,345.0,2.1,3.5,1020.5,20.8,7.3,IDRSING3
809,22.0,0.0,0.3,2017-07-03 18:24:00,39.0,344.0,0.6,1.8,1020.5,17.73,7.4,IDRSING3
810,21.8,0.0,0.3,2017-07-03 18:29:00,40.0,344.0,0.0,0.0,1020.5,15.17,7.6,IDRSING3
811,21.5,0.0,0.3,2017-07-03 18:34:00,42.0,344.0,0.0,0.0,1020.5,12.48,8.1,IDRSING3
812,21.1,0.0,0.3,2017-07-03 18:40:00,42.0,344.0,0.3,1.8,1020.5,9.05,7.7,IDRSING3
813,20.3,0.0,0.3,2017-07-03 18:45:00,44.0,345.0,0.0,0.0,1020.5,6.85,7.7,IDRSING3
814,20.0,0.0,0.3,2017-07-03 18:47:00,44.0,345.0,0.0,0.0,1020.5,5.63,7.4,IDRSING3
815,19.5,0.0,0.3,2017-07-03 18:52:00,46.0,345.0,0.0,0.0,1020.5,4.28,7.6,IDRSING3
816,19.1,0.0,0.3,2017-07-03 18:57:00,47.0,345.0,0.0,0.0,1020.5,2.08,7.5,IDRSING3
817,18.7,0.0,0.3,2017-07-03 19:02:00,48.0,345.0,0.0,0.0,1020.9,0.85,7.5,IDRSING3
818,18.5,0.0,0.3,2017-07-03 19:07:00,49.0,345.0,0.0,0.0,1020.9,0.0,7.6,IDRSING3
819,18.1,0.0,0.3,2017-07-03 19:12:00,50.0,345.0,0.0,0.0,1021.2,0.0,7.5,IDRSING3
820,18.0,0.0,0.3,2017-07-03 19:17:00,51.0,345.0,0.0,0.0,1020.9,0.0,7.7,IDRSING3
821,17.8,0.0,0.3,2017-07-03 19:22:00,52.0,345.0,0.0,0.0,1021.2,0.0,7.8,IDRSING3
822,17.5,0.0,0.3,2017-07-03 19:28:00,53.0,345.0,0.0,0.0,1021.2,0.0,7.8,IDRSING3
823,17.4,0.0,0.3,2017-07-03 19:33:00,53.0,345.0,0.0,0.0,1020.9,0.0,7.8,IDRSING3
824,17.5,0.0,0.3,2017-07-03 19:38:00,53.0,345.0,0.0,0.0,1021.2,0.0,7.8,IDRSING3
825,17.6,0.0,0.3,2017-07-03 19:43:00,53.0,345.0,0.3,1.8,1021.2,0.0,7.9,IDRSING3
826,17.3,0.0,0.3,2017-07-03 19:48:00,53.0,345.0,0.0,0.0,1021.2,0.0,7.7,IDRSING3
827,16.2,0.0,0.3,2017-07-03 19:54:00,56.0,345.0,0.0,0.0,1020.9,0.0,7.4,IDRSING3
828,15.4,0.0,0.3,2017-07-03 19:59:00,58.0,345.0,0.0,0.0,1021.2,0.0,7.2,IDRSING3
829,14.7,0.0,0.3,2017-07-03 20:04:00,59.0,345.0,0.0,0.0,1021.2,0.0,6.8,IDRSING3
830,14.3,0.0,0.3,2017-07-03 20:09:00,60.0,345.0,0.0,0.0,1021.6,0.0,6.6,IDRSING3
831,13.9,0.0,0.3,2017-07-03 20:14:00,62.0,345.0,0.0,0.0,1021.2,0.0,6.7,IDRSING3
832,14.0,0.0,0.3,2017-07-03 20:20:00,61.0,345.0,0.0,0.0,1021.2,0.0,6.6,IDRSING3
833,14.1,0.0,0.3,2017-07-03 20:25:00,62.0,345.0,0.0,0.0,1021.2,0.0,6.9,IDRSING3
834,14.1,0.0,0.3,2017-07-03 20:26:00,62.0,345.0,0.0,0.0,1021.2,0.0,6.9,IDRSING3
835,14.0,0.0,0.3,2017-07-03 20:32:00,62.0,345.0,0.0,0.0,1021.2,0.0,6.8,IDRSING3
836,13.6,0.0,0.3,2017-07-03 20:37:00,64.0,345.0,0.0,0.0,1021.2,0.0,6.9,IDRSING3
837,13.3,0.0,0.3,2017-07-03 20:42:00,66.0,345.0,0.0,0.0,1021.2,0.0,7.1,IDRSING3
838,12.7,0.0,0.3,2017-07-03 20:47:00,70.0,345.0,0.0,0.0,1021.2,0.0,7.4,IDRSING3
839,12.3,0.0,0.3,2017-07-03 20:52:00,73.0,345.0,0.0,0.0,1021.2,0.0,7.6,IDRSING3
840,12.1,0.0,0.3,2017-07-03 20:57:00,75.0,345.0,0.0,0.0,1021.2,0.0,7.8,IDRSING3
841,11.7,0.0,0.3,2017-07-03 21:02:00,75.0,345.0,0.0,0.0,1021.2,0.0,7.4,IDRSING3
842,11.5,0.0,0.3,2017-07-03 21:08:00,79.0,345.0,0.0,0.0,1021.6,0.0,8.0,IDRSING3
843,11.3,0.0,0.3,2017-07-03 21:13:00,81.0,345.0,0.0,0.0,1021.6,0.0,8.1,IDRSING3
844,11.3,0.0,0.3,2017-07-03 21:18:00,79.0,345.0,0.0,0.0,1021.6,0.0,7.8,IDRSING3
845,11.2,0.0,0.3,2017-07-03 21:23:00,82.0,345.0,0.0,0.0,1021.6,0.0,8.2,IDRSING3
846,11.0,0.0,0.3,2017-07-03 21:28:00,81.0,345.0,1.4,1.8,1021.6,0.0,7.9,IDRSING3
847,10.8,0.0,0.3,2017-07-03 21:33:00,82.0,345.0,0.0,0.0,1021.6,0.0,7.9,IDRSING3
848,11.0,0.0,0.3,2017-07-03 21:38:00,81.0,345.0,0.0,0.0,1021.6,0.0,7.9,IDRSING3
849,11.4,0.0,0.3,2017-07-03 21:44:00,78.0,345.0,0.0,0.0,1021.6,0.0,7.7,IDRSING3
850,11.2,0.0,0.3,2017-07-03 21:49:00,79.0,345.0,0.0,0.0,1021.6,0.0,7.7,IDRSING3
851,10.9,0.0,0.3,2017-07-03 21:54:00,77.0,345.0,0.3,1.8,1021.6,0.0,7.0,IDRSING3
852,10.7,0.0,0.3,2017-07-03 21:59:00,77.0,345.0,0.0,0.0,1021.6,0.0,6.8,IDRSING3
853,10.6,0.0,0.0,2017-07-03 22:04:00,77.0,345.0,0.0,0.0,1021.6,0.0,6.7,IDRSING3
854,10.7,0.0,0.0,2017-07-03 22:09:00,78.0,345.0,0.0,0.0,1021.6,0.0,7.0,IDRSING3
855,10.9,0.0,0.0,2017-07-03 22:14:00,77.0,345.0,0.0,0.0,1021.6,0.0,7.0,IDRSING3
856,11.0,0.0,0.0,2017-07-03 22:20:00,77.0,345.0,0.0,0.0,1021.6,0.0,7.1,IDRSING3
857,10.9,0.0,0.0,2017-07-03 22:25:00,79.0,345.0,0.0,0.0,1021.6,0.0,7.4,IDRSING3
858,11.4,0.0,0.0,2017-07-03 22:30:00,79.0,345.0,0.3,1.8,1021.6,0.0,7.9,IDRSING3
859,11.2,0.0,0.0,2017-07-03 22:35:00,81.0,345.0,0.0,0.0,1021.6,0.0,8.1,IDRSING3
860,10.4,0.0,0.0,2017-07-03 22:40:00,81.0,345.0,0.0,0.0,1021.6,0.0,7.3,IDRSING3
861,9.9,0.0,0.0,2017-07-03 22:45:00,84.0,345.0,0.0,0.0,1021.6,0.0,7.3,IDRSING3
862,9.8,0.0,0.0,2017-07-03 22:50:00,80.0,345.0,0.0,0.0,1021.6,0.0,6.5,IDRSING3
863,9.8,0.0,0.0,2017-07-03 22:56:00,81.0,345.0,0.0,0.0,1021.6,0.0,6.7,IDRSING3
864,9.8,0.0,0.0,2017-07-03 23:01:00,85.0,345.0,0.0,0.0,1021.6,0.0,7.4,IDRSING3
865,9.9,0.0,0.0,2017-07-03 23:06:00,86.0,345.0,0.0,0.0,1021.6,0.0,7.7,IDRSING3
866,9.8,0.0,0.0,2017-07-03 23:12:00,85.0,345.0,0.0,0.0,1021.6,0.0,7.4,IDRSING3
867,9.4,0.0,0.0,2017-07-03 23:17:00,86.0,345.0,0.0,0.0,1021.6,0.0,7.2,IDRSING3
868,9.0,0.0,0.0,2017-07-03 23:22:00,87.0,345.0,0.0,0.0,1021.6,0.0,7.0,IDRSING3
869,8.8,0.0,0.0,2017-07-03 23:27:00,88.0,345.0,0.0,0.0,1021.6,0.0,6.9,IDRSING3
870,8.8,0.0,0.0,2017-07-03 23:33:00,92.0,345.0,0.0,0.0,1021.6,0.0,7.6,IDRSING3
871,9.0,0.0,0.0,2017-07-03 23:38:00,90.0,345.0,0.0,0.0,1021.6,0.0,7.4,IDRSING3
872,8.9,0.0,0.0,2017-07-03 23:43:00,86.0,345.0,0.0,0.0,1021.2,0.0,6.7,IDRSING3
873,8.7,0.0,0.0,2017-07-03 23:48:00,88.0,345.0,0.0,0.0,1021.2,0.0,6.8,IDRSING3
874,9.1,0.0,0.0,2017-07-03 23:53:00,89.0,345.0,0.0,0.0,1021.2,0.0,7.3,IDRSING3
875,9.1,0.0,0.0,2017-07-03 23:58:00,96.0,345.0,0.0,0.0,1021.2,0.0,8.6,IDRSING3
876,9.1,0.0,0.0,2017-07-04 00:04:00,96.0,345.0,0.0,0.0,1021.6,0.0,8.6,IDRSING3
877,9.1,0.0,0.0,2017-07-04 00:09:00,95.0,345.0,0.0,0.0,1021.6,0.0,8.3,IDRSING3
878,9.6,0.0,0.0,2017-07-04 00:14:00,95.0,345.0,0.0,0.0,1021.2,0.0,8.8,IDRSING3
879,9.2,0.0,0.0,2017-07-04 00:20:00,94.0,345.0,0.0,0.0,1021.2,0.0,8.2,IDRSING3
880,8.7,0.0,0.0,2017-07-04 00:25:00,99.0,345.0,0.0,0.0,1021.2,0.0,8.5,IDRSING3
881,8.4,0.0,0.0,2017-07-04 00:30:00,96.0,345.0,0.0,0.0,1021.2,0.0,7.9,IDRSING3
882,8.1,0.0,0.0,2017-07-04 00:35:00,95.0,345.0,0.0,0.0,1021.2,0.0,7.3,IDRSING3
883,7.8,0.0,0.0,2017-07-04 00:40:00,91.0,345.0,0.0,0.0,1021.2,0.0,6.5,IDRSING3
884,7.7,0.0,0.0,2017-07-04 00:45:00,99.0,345.0,0.0,0.0,1021.2,0.0,7.5,IDRSING3
885,7.9,0.0,0.0,2017-07-04 00:50:00,99.0,345.0,0.0,0.0,1021.6,0.0,7.7,IDRSING3
886,7.7,0.0,0.0,2017-07-04 00:55:00,99.0,345.0,0.0,0.0,1021.2,0.0,7.5,IDRSING3
887,7.7,0.0,0.0,2017-07-04 01:00:00,99.0,345.0,0.0,0.0,1021.2,0.0,7.5,IDRSING3
888,8.0,0.0,0.0,2017-07-04 01:06:00,99.0,345.0,0.0,0.0,1021.2,0.0,7.8,IDRSING3
889,7.9,0.0,0.0,2017-07-04 01:11:00,99.0,345.0,0.0,0.0,1021.2,0.0,7.7,IDRSING3
890,7.5,0.0,0.0,2017-07-04 01:16:00,99.0,345.0,0.0,0.0,1021.2,0.0,7.3,IDRSING3
891,7.6,0.0,0.0,2017-07-04 01:21:00,99.0,345.0,0.0,0.0,1021.2,0.0,7.4,IDRSING3
892,8.1,0.0,0.0,2017-07-04 01:26:00,99.0,345.0,0.0,0.0,1021.2,0.0,7.9,IDRSING3
893,7.2,0.0,0.0,2017-07-04 01:31:00,96.0,345.0,0.0,0.0,1021.2,0.0,6.7,IDRSING3
894,7.5,0.0,0.0,2017-07-04 01:36:00,99.0,345.0,0.3,1.8,1021.2,0.0,7.3,IDRSING3
895,7.6,0.0,0.0,2017-07-04 01:42:00,96.0,345.0,0.0,0.0,1021.2,0.0,7.1,IDRSING3
896,7.5,0.0,0.0,2017-07-04 01:47:00,99.0,345.0,0.0,0.0,1021.2,0.0,7.3,IDRSING3
897,7.8,0.0,0.0,2017-07-04 01:52:00,99.0,345.0,0.0,0.0,1020.9,0.0,7.6,IDRSING3
898,8.0,0.0,0.0,2017-07-04 01:57:00,99.0,345.0,0.0,0.0,1021.2,0.0,7.8,IDRSING3
899,7.7,0.0,0.0,2017-07-04 02:02:00,99.0,345.0,0.0,0.0,1021.2,0.0,7.5,IDRSING3
900,7.1,0.0,0.0,2017-07-04 02:08:00,99.0,345.0,0.0,0.0,1021.2,0.0,6.9,IDRSING3
901,7.0,0.0,0.0,2017-07-04 02:13:00,99.0,345.0,0.0,0.0,1021.2,0.0,6.8,IDRSING3
902,6.7,0.0,0.0,2017-07-04 02:18:00,99.0,345.0,0.0,0.0,1021.2,0.0,6.5,IDRSING3
903,6.9,0.0,0.0,2017-07-04 02:23:00,99.0,345.0,0.0,0.0,1020.9,0.0,6.7,IDRSING3
904,7.0,0.0,0.0,2017-07-04 02:28:00,99.0,345.0,0.0,0.0,1021.2,0.0,6.8,IDRSING3
905,7.2,0.0,0.0,2017-07-04 02:33:00,99.0,345.0,0.0,0.0,1021.2,0.0,7.0,IDRSING3
906,7.1,0.0,0.0,2017-07-04 02:38:00,99.0,345.0,0.0,0.0,1021.2,0.0,6.9,IDRSING3
907,7.0,0.0,0.0,2017-07-04 02:44:00,99.0,345.0,0.0,0.0,1021.2,0.0,6.8,IDRSING3
908,6.7,0.0,0.0,2017-07-04 02:49:00,99.0,345.0,0.0,0.0,1021.2,0.0,6.5,IDRSING3
909,6.8,0.0,0.0,2017-07-04 02:54:00,99.0,345.0,0.0,0.0,1021.2,0.36,6.6,IDRSING3
910,6.9,0.0,0.0,2017-07-04 02:59:00,99.0,345.0,0.0,0.0,1021.2,0.85,6.7,IDRSING3
911,7.2,0.0,0.0,2017-07-04 03:04:00,99.0,345.0,0.0,0.0,1021.2,3.43,7.0,IDRSING3
912,7.5,0.0,0.0,2017-07-04 03:09:00,99.0,116.0,0.0,0.0,1021.2,4.77,7.3,IDRSING3
913,7.4,0.0,0.0,2017-07-04 03:14:00,99.0,116.0,0.0,0.0,1021.2,6.85,7.2,IDRSING3
914,7.1,0.0,0.0,2017-07-04 03:19:00,99.0,116.0,0.0,0.0,1021.2,7.7,6.9,IDRSING3
915,7.5,0.0,0.0,2017-07-04 03:24:00,99.0,116.0,0.0,0.0,1021.2,9.91,7.3,IDRSING3
916,7.7,0.0,0.0,2017-07-04 03:29:00,10.0,116.0,0.0,0.0,1021.2,13.82,-22.0,IDRSING3
917,8.0,0.0,0.0,2017-07-04 03:34:00,99.0,116.0,0.0,0.0,1021.2,17.25,7.8,IDRSING3
918,8.1,0.0,0.0,2017-07-04 03:40:00,99.0,116.0,0.0,0.0,1021.2,19.08,7.9,IDRSING3
919,7.9,0.0,0.0,2017-07-04 03:45:00,99.0,116.0,0.0,0.0,1021.2,19.94,7.7,IDRSING3
920,8.0,0.0,0.0,2017-07-04 03:50:00,99.0,115.0,0.0,0.0,1020.9,22.51,7.8,IDRSING3
921,8.2,0.0,0.0,2017-07-04 03:56:00,99.0,115.0,0.0,0.0,1021.2,25.07,8.0,IDRSING3
922,8.3,0.0,0.0,2017-07-04 04:01:00,99.0,115.0,0.0,0.0,1021.2,28.63,8.1,IDRSING3
923,8.7,0.0,0.0,2017-07-04 04:06:00,99.0,116.0,0.0,0.0,1021.2,31.19,8.5,IDRSING3
924,9.1,0.0,0.0,2017-07-04 04:11:00,99.0,116.0,0.0,0.0,1021.2,37.19,8.9,IDRSING3
925,9.5,0.0,0.0,2017-07-04 04:16:00,99.0,116.0,0.0,0.0,1021.2,49.79,9.3,IDRSING3
926,10.1,0.0,0.0,2017-07-04 04:22:00,99.0,116.0,0.0,0.0,1021.2,55.9,9.9,IDRSING3
927,10.6,0.0,0.0,2017-07-04 04:27:00,99.0,116.0,0.0,0.0,1021.2,61.17,10.4,IDRSING3
928,11.1,0.0,0.0,2017-07-04 04:32:00,97.0,116.0,0.0,0.0,1021.2,45.87,10.7,IDRSING3
929,11.6,0.0,0.0,2017-07-04 04:37:00,92.0,116.0,0.0,0.0,1021.2,53.34,10.4,IDRSING3
930,12.2,0.0,0.0,2017-07-04 04:42:00,90.0,116.0,0.0,0.0,1021.6,89.31,10.6,IDRSING3
931,12.8,0.0,0.0,2017-07-04 04:47:00,88.0,117.0,0.3,1.8,1021.2,122.7,10.8,IDRSING3
932,13.2,0.0,0.0,2017-07-04 04:52:00,87.0,188.0,1.1,1.8,1021.2,130.9,11.1,IDRSING3
933,13.6,0.0,0.0,2017-07-04 04:57:00,85.0,177.0,1.1,1.8,1021.2,160.87,11.1,IDRSING3
934,14.1,0.0,0.0,2017-07-04 05:02:00,83.0,192.0,0.0,0.0,1021.2,176.53,11.3,IDRSING3
935,14.6,0.0,0.0,2017-07-04 05:08:00,83.0,192.0,0.0,0.0,1021.2,191.21,11.7,IDRSING3
936,15.0,0.0,0.0,2017-07-04 05:13:00,81.0,192.0,0.0,0.0,1021.2,121.85,11.8,IDRSING3
937,15.5,0.0,0.0,2017-07-04 05:18:00,79.0,192.0,0.0,0.0,1021.2,225.46,11.9,IDRSING3
938,15.6,0.0,0.0,2017-07-04 05:19:00,79.0,189.0,1.8,1.8,1021.2,239.41,12.0,IDRSING3
939,16.1,0.0,0.0,2017-07-04 05:24:00,78.0,187.0,0.0,0.0,1021.6,243.69,12.3,IDRSING3
940,16.8,0.0,0.0,2017-07-04 05:29:00,76.0,178.0,0.3,1.8,1021.6,170.41,12.5,IDRSING3
941,16.5,0.0,0.0,2017-07-04 05:34:00,79.0,178.0,0.0,0.0,1021.6,193.05,12.9,IDRSING3
942,16.9,0.0,0.0,2017-07-04 05:39:00,74.0,178.0,0.0,0.0,1021.2,241.12,12.3,IDRSING3
943,17.5,0.0,0.0,2017-07-04 05:44:00,73.0,178.0,0.0,0.0,1021.2,195.98,12.6,IDRSING3
944,18.3,0.0,0.0,2017-07-04 05:50:00,69.0,156.0,0.0,0.0,1021.2,188.64,12.5,IDRSING3
945,18.9,0.0,0.0,2017-07-04 05:55:00,67.0,141.0,0.0,0.0,1021.6,409.46,12.6,IDRSING3
946,19.9,0.0,0.0,2017-07-04 06:00:00,64.0,186.0,0.0,0.0,1021.6,273.3,12.9,IDRSING3
947,20.7,0.0,0.0,2017-07-04 06:05:00,61.0,189.0,0.0,0.0,1021.6,287.12,12.9,IDRSING3
948,19.9,0.0,0.0,2017-07-04 06:10:00,65.0,211.0,3.2,3.5,1021.2,232.93,13.1,IDRSING3
949,19.3,0.0,0.0,2017-07-04 06:15:00,66.0,211.0,0.0,0.0,1021.6,222.04,12.8,IDRSING3
950,19.9,0.0,0.0,2017-07-04 06:20:00,65.0,211.0,0.0,0.0,1021.2,206.38,13.1,IDRSING3
951,20.2,0.0,0.0,2017-07-04 06:26:00,65.0,210.0,0.0,0.0,1021.6,241.98,13.4,IDRSING3
952,20.1,0.0,0.0,2017-07-04 06:31:00,66.0,147.0,0.0,0.0,1021.2,193.41,13.6,IDRSING3
953,20.3,0.0,0.0,2017-07-04 06:36:00,68.0,147.0,0.0,0.0,1021.6,168.21,14.2,IDRSING3
954,19.9,0.0,0.0,2017-07-04 06:41:00,70.0,134.0,2.1,3.5,1021.6,173.84,14.3,IDRSING3
955,19.2,0.0,0.0,2017-07-04 06:46:00,70.0,119.0,1.1,3.5,1021.6,119.64,13.6,IDRSING3
956,19.4,0.0,0.0,2017-07-04 06:51:00,69.0,133.0,1.1,1.8,1021.6,117.44,13.6,IDRSING3
957,19.4,0.0,0.0,2017-07-04 06:56:00,70.0,130.0,0.0,0.0,1021.6,163.07,13.8,IDRSING3
958,20.0,0.0,0.0,2017-07-04 07:02:00,67.0,130.0,0.6,1.8,1021.6,187.78,13.7,IDRSING3
959,20.6,0.0,0.0,2017-07-04 07:07:00,63.0,156.0,0.0,0.0,1021.2,304.86,13.3,IDRSING3
960,21.8,0.0,0.0,2017-07-04 07:12:00,59.0,151.0,1.1,1.8,1021.2,737.81,13.5,IDRSING3
961,22.7,0.0,0.0,2017-07-04 07:17:00,58.0,206.0,2.9,3.5,1021.2,637.25,14.0,IDRSING3
962,23.1,0.0,0.0,2017-07-04 07:22:00,56.0,174.0,0.0,0.0,1021.6,604.21,13.9,IDRSING3
963,23.6,0.0,0.0,2017-07-04 07:27:00,54.0,203.0,0.0,0.0,1021.6,255.93,13.8,IDRSING3
964,23.1,0.0,0.0,2017-07-04 07:32:00,56.0,210.0,3.2,5.5,1021.6,690.96,13.9,IDRSING3
965,23.3,0.0,0.0,2017-07-04 07:37:00,53.0,173.0,4.7,5.5,1021.2,835.43,13.2,IDRSING3
966,23.9,0.0,0.0,2017-07-04 07:42:00,53.0,229.0,3.2,3.5,1021.2,656.7,13.8,IDRSING3
967,24.0,0.0,0.0,2017-07-04 07:48:00,54.0,212.0,1.1,5.5,1021.2,402.98,14.1,IDRSING3
968,24.2,0.0,0.0,2017-07-04 07:53:00,54.0,148.0,1.4,1.8,1021.2,509.28,14.3,IDRSING3
969,23.7,0.0,0.0,2017-07-04 07:58:00,54.0,341.0,4.3,5.5,1021.2,642.87,13.9,IDRSING3
970,23.7,0.0,0.0,2017-07-04 08:03:00,52.0,359.0,7.9,9.3,1021.2,668.93,13.3,IDRSING3
971,23.9,0.0,0.0,2017-07-04 08:08:00,52.0,253.0,4.7,5.5,1021.2,349.64,13.5,IDRSING3
972,23.4,0.0,0.0,2017-07-04 08:13:00,54.0,288.0,6.9,9.3,1021.2,281.86,13.6,IDRSING3
973,23.1,0.0,0.0,2017-07-04 08:18:00,55.0,332.0,5.5,5.5,1021.2,313.18,13.6,IDRSING3
974,23.4,0.0,0.0,2017-07-04 08:23:00,52.0,272.0,10.5,13.0,1021.2,339.61,13.0,IDRSING3
975,23.4,0.0,0.0,2017-07-04 08:28:00,53.0,344.0,8.7,11.1,1021.2,263.27,13.3,IDRSING3
976,23.1,0.0,0.0,2017-07-04 08:33:00,53.0,280.0,10.5,13.0,1021.2,224.61,13.0,IDRSING3
977,23.0,0.0,0.0,2017-07-04 08:38:00,54.0,304.0,6.9,7.2,1021.2,247.24,13.2,IDRSING3
978,23.1,0.0,0.0,2017-07-04 08:44:00,53.0,296.0,7.9,9.3,1021.2,499.25,13.0,IDRSING3
979,23.9,0.0,0.0,2017-07-04 08:49:00,50.0,325.0,9.3,13.0,1021.2,601.16,12.9,IDRSING3
980,24.0,0.0,0.0,2017-07-04 08:54:00,50.0,248.0,11.6,14.8,1020.9,466.35,13.0,IDRSING3
981,24.3,0.0,0.0,2017-07-04 09:00:00,50.0,294.0,9.0,11.1,1021.2,521.76,13.2,IDRSING3
982,24.4,0.0,0.0,2017-07-04 09:05:00,49.0,297.0,15.4,18.3,1020.9,589.05,13.0,IDRSING3
983,24.4,0.0,0.0,2017-07-04 09:10:00,48.0,268.0,13.0,16.6,1020.9,741.36,12.7,IDRSING3
984,24.7,0.0,0.0,2017-07-04 09:16:00,48.0,294.0,8.7,11.1,1020.9,501.82,13.0,IDRSING3
985,24.9,0.0,0.0,2017-07-04 09:21:00,48.0,256.0,9.7,13.0,1020.9,592.96,13.2,IDRSING3
986,25.1,0.0,0.0,2017-07-04 09:26:00,46.0,301.0,8.2,11.1,1020.9,626.36,12.7,IDRSING3
987,24.9,0.0,0.0,2017-07-04 09:32:00,48.0,309.0,7.9,9.3,1020.9,363.95,13.2,IDRSING3
988,24.6,0.0,0.0,2017-07-04 09:37:00,48.0,261.0,5.0,5.5,1020.9,415.57,12.9,IDRSING3
989,25.3,0.0,0.0,2017-07-04 09:42:00,44.0,319.0,11.9,14.8,1020.5,684.47,12.2,IDRSING3
990,25.3,0.0,0.0,2017-07-04 09:48:00,47.0,341.0,9.7,11.1,1020.5,373.0,13.2,IDRSING3
991,24.8,0.0,0.0,2017-07-04 09:53:00,48.0,281.0,11.1,14.8,1020.5,823.32,13.1,IDRSING3
992,26.0,0.0,0.0,2017-07-04 09:58:00,44.0,293.0,5.8,7.2,1020.5,915.68,12.8,IDRSING3
993,25.1,0.0,0.0,2017-07-04 10:03:00,49.0,359.0,7.2,9.3,1020.5,155.73,13.7,IDRSING3
994,24.6,0.0,0.0,2017-07-04 10:08:00,48.0,256.0,9.3,11.1,1020.5,331.4,12.9,IDRSING3
995,25.3,0.0,0.0,2017-07-04 10:13:00,48.0,259.0,10.5,13.0,1020.5,932.2,13.5,IDRSING3
996,25.5,0.0,0.0,2017-07-04 10:18:00,47.0,267.0,11.9,14.8,1020.5,330.06,13.4,IDRSING3
997,25.0,0.0,0.0,2017-07-04 10:23:00,47.0,282.0,10.8,13.0,1020.5,292.38,12.9,IDRSING3
998,24.8,0.0,0.0,2017-07-04 10:28:00,47.0,294.0,16.9,18.3,1020.5,384.74,12.7,IDRSING3
999,25.1,0.0,0.0,2017-07-04 10:33:00,47.0,284.0,11.6,14.8,1020.5,275.37,13.0,IDRSING3
1000,24.6,0.0,0.0,2017-07-04 10:38:00,49.0,294.0,8.7,11.1,1020.5,238.07,13.2,IDRSING3
1001,24.6,0.0,0.0,2017-07-04 10:44:00,48.0,302.0,12.2,16.6,1020.2,225.46,12.9,IDRSING3
1002,24.6,0.0,0.0,2017-07-04 10:49:00,49.0,298.0,13.7,14.8,1020.5,274.15,13.2,IDRSING3
1003,24.9,0.0,0.0,2017-07-04 10:54:00,49.0,260.0,9.7,11.1,1020.2,284.06,13.5,IDRSING3
1004,24.7,0.0,0.0,2017-07-04 10:59:00,49.0,287.0,10.1,13.0,1020.5,919.6,13.3,IDRSING3
1005,25.0,0.0,0.0,2017-07-04 11:04:00,48.0,265.0,11.1,14.8,1020.5,216.41,13.3,IDRSING3
1006,24.7,0.0,0.0,2017-07-04 11:09:00,48.0,276.0,8.2,11.1,1020.2,283.69,13.0,IDRSING3
1007,25.1,0.0,0.0,2017-07-04 11:14:00,46.0,289.0,9.7,11.1,1020.5,379.12,12.7,IDRSING3
1008,25.3,0.0,0.0,2017-07-04 11:20:00,46.0,274.0,8.7,11.1,1020.2,393.43,12.9,IDRSING3
1009,26.4,0.0,0.0,2017-07-04 11:25:00,42.0,286.0,14.0,18.3,1020.2,961.68,12.5,IDRSING3
1010,27.3,0.0,0.0,2017-07-04 11:30:00,40.0,262.0,7.9,9.3,1020.2,412.88,12.5,IDRSING3
1011,26.6,0.0,0.0,2017-07-04 11:36:00,40.0,246.0,10.5,13.0,1019.9,425.49,11.9,IDRSING3
1012,27.0,0.0,0.0,2017-07-04 11:41:00,40.0,267.0,6.1,7.2,1019.9,1002.05,12.3,IDRSING3
1013,27.1,0.0,0.0,2017-07-04 11:46:00,41.0,276.0,8.2,11.1,1019.9,489.34,12.8,IDRSING3
1014,26.5,0.0,0.0,2017-07-04 11:51:00,41.0,359.0,13.7,18.3,1019.9,382.54,12.2,IDRSING3
1015,26.1,0.0,0.0,2017-07-04 11:56:00,41.0,283.0,7.9,9.3,1019.9,256.78,11.9,IDRSING3
1016,26.0,0.0,0.0,2017-07-04 12:01:00,42.0,285.0,6.1,7.2,1019.9,240.27,12.1,IDRSING3
1017,25.8,0.0,0.0,2017-07-04 12:06:00,42.0,308.0,9.0,11.1,1019.9,307.55,12.0,IDRSING3
1018,26.7,0.0,0.0,2017-07-04 12:12:00,39.0,350.0,9.7,11.1,1019.9,274.52,11.6,IDRSING3
1019,26.2,0.0,0.0,2017-07-04 12:17:00,42.0,345.0,11.6,13.0,1019.9,186.07,12.3,IDRSING3
1020,25.9,0.0,0.0,2017-07-04 12:22:00,39.0,323.0,6.1,7.2,1019.9,426.83,10.9,IDRSING3
1021,26.3,0.0,0.0,2017-07-04 12:27:00,38.0,308.0,9.7,14.8,1019.9,390.86,10.9,IDRSING3
1022,26.9,0.0,0.0,2017-07-04 12:32:00,37.0,289.0,9.0,14.8,1019.9,345.72,11.0,IDRSING3
1023,27.1,0.0,0.0,2017-07-04 12:37:00,37.0,352.0,13.7,20.1,1019.9,867.97,11.2,IDRSING3
1024,28.1,0.0,0.0,2017-07-04 12:43:00,35.0,303.0,13.0,14.8,1019.9,869.68,11.2,IDRSING3
1025,27.6,0.0,0.0,2017-07-04 12:48:00,36.0,289.0,11.9,14.8,1019.9,392.57,11.2,IDRSING3
1026,26.8,0.0,0.0,2017-07-04 12:53:00,37.0,331.0,15.4,20.1,1019.9,261.55,10.9,IDRSING3
1027,26.2,0.0,0.0,2017-07-04 12:58:00,37.0,289.0,12.2,18.3,1019.9,936.61,10.4,IDRSING3
1028,27.9,0.0,0.0,2017-07-04 13:03:00,35.0,290.0,14.0,16.6,1019.9,799.95,11.1,IDRSING3
1029,27.8,0.0,0.0,2017-07-04 13:08:00,35.0,322.0,9.7,14.8,1019.9,795.19,11.0,IDRSING3
1030,26.9,0.0,0.0,2017-07-04 13:13:00,38.0,322.0,7.2,9.3,1019.9,207.73,11.4,IDRSING3
1031,27.5,0.0,0.0,2017-07-04 13:19:00,35.0,344.0,8.7,9.3,1019.9,874.09,10.7,IDRSING3
1032,27.7,0.0,0.0,2017-07-04 13:24:00,37.0,302.0,5.8,7.2,1019.9,856.72,11.7,IDRSING3
1033,27.7,0.0,0.0,2017-07-04 13:29:00,36.0,335.0,11.1,13.0,1019.5,338.26,11.3,IDRSING3
1034,27.3,0.0,0.0,2017-07-04 13:35:00,36.0,333.0,9.7,11.1,1019.9,537.91,11.0,IDRSING3
1035,27.9,0.0,0.0,2017-07-04 13:40:00,33.0,356.0,11.9,14.8,1019.9,704.04,10.2,IDRSING3
1036,28.5,0.0,0.0,2017-07-04 13:45:00,32.0,301.0,13.0,14.8,1019.5,734.87,10.2,IDRSING3
1037,28.6,0.0,0.0,2017-07-04 13:51:00,32.0,348.0,19.5,21.9,1019.5,281.0,10.3,IDRSING3
1038,27.5,0.0,0.0,2017-07-04 13:56:00,33.0,315.0,11.9,14.8,1019.5,225.46,9.8,IDRSING3
1039,27.5,0.0,0.0,2017-07-04 14:01:00,32.0,307.0,18.3,21.9,1019.5,789.07,9.4,IDRSING3
1040,27.0,0.0,0.0,2017-07-04 14:07:00,37.0,348.0,14.3,16.6,1019.9,271.1,11.1,IDRSING3
1041,27.1,0.0,0.0,2017-07-04 14:12:00,36.0,350.0,9.7,13.0,1019.9,676.64,10.8,IDRSING3
1042,27.6,0.0,0.0,2017-07-04 14:17:00,37.0,354.0,14.0,18.3,1019.9,711.38,11.6,IDRSING3
1043,27.4,0.0,0.0,2017-07-04 14:22:00,37.0,287.0,11.6,14.8,1019.9,646.3,11.5,IDRSING3
1044,28.0,0.0,0.0,2017-07-04 14:27:00,37.0,2.0,13.4,20.1,1019.9,195.98,12.0,IDRSING3
1045,26.2,0.0,0.0,2017-07-04 14:32:00,41.0,343.0,9.0,13.0,1019.9,247.24,11.9,IDRSING3
1046,26.1,0.0,0.0,2017-07-04 14:33:00,41.0,356.0,6.9,11.1,1019.9,527.51,11.9,IDRSING3
1047,26.3,0.0,0.0,2017-07-04 14:39:00,40.0,287.0,2.6,5.5,1019.9,271.95,11.7,IDRSING3
1048,26.1,0.0,0.0,2017-07-04 14:44:00,42.0,352.0,7.9,11.1,1020.2,188.27,12.2,IDRSING3
1049,25.7,0.0,0.0,2017-07-04 14:49:00,41.0,352.0,13.0,14.8,1019.9,139.58,11.5,IDRSING3
1050,25.5,0.0,0.0,2017-07-04 14:54:00,42.0,314.0,4.3,5.5,1020.2,140.07,11.7,IDRSING3
1051,25.4,0.0,0.0,2017-07-04 14:59:00,43.0,2.0,5.5,9.3,1019.9,153.9,11.9,IDRSING3
1052,25.3,0.0,0.0,2017-07-04 15:04:00,43.0,321.0,3.2,7.2,1020.2,157.81,11.9,IDRSING3
1053,25.4,0.0,0.0,2017-07-04 15:10:00,42.0,279.0,4.3,5.5,1019.9,165.64,11.6,IDRSING3
1054,25.4,0.0,0.0,2017-07-04 15:15:00,42.0,348.0,9.7,13.0,1020.2,169.56,11.6,IDRSING3
1055,25.3,0.0,0.0,2017-07-04 15:20:00,43.0,347.0,5.0,9.3,1020.2,180.81,11.9,IDRSING3
1056,25.3,0.0,0.0,2017-07-04 15:25:00,44.0,73.0,0.3,1.8,1020.2,166.99,12.2,IDRSING3
1057,25.4,0.0,0.0,2017-07-04 15:30:00,44.0,152.0,2.1,3.5,1020.2,158.67,12.3,IDRSING3
1058,25.0,0.0,0.0,2017-07-04 15:35:00,45.0,350.0,1.4,1.8,1019.9,159.53,12.3,IDRSING3
1059,25.1,0.0,0.0,2017-07-04 15:40:00,43.0,311.0,4.0,5.5,1020.2,151.82,11.7,IDRSING3
1060,25.0,0.0,0.0,2017-07-04 15:46:00,42.0,342.0,4.3,5.5,1019.9,157.44,11.2,IDRSING3
1061,25.0,0.0,0.0,2017-07-04 15:51:00,42.0,333.0,6.9,7.2,1020.2,163.44,11.2,IDRSING3
1062,25.0,0.0,0.0,2017-07-04 15:56:00,41.0,1.0,6.4,11.1,1020.2,143.5,10.9,IDRSING3
1063,25.0,0.0,0.0,2017-07-04 16:01:00,41.0,342.0,7.9,9.3,1020.2,123.56,10.9,IDRSING3
1064,24.9,0.0,0.0,2017-07-04 16:07:00,42.0,343.0,6.1,7.2,1019.9,117.93,11.1,IDRSING3
1065,24.9,0.0,0.0,2017-07-04 16:12:00,42.0,328.0,6.1,9.3,1020.2,146.19,11.1,IDRSING3
1066,25.1,0.0,0.0,2017-07-04 16:17:00,42.0,305.0,7.2,9.3,1020.2,162.58,11.3,IDRSING3
1067,25.0,0.0,0.0,2017-07-04 16:23:00,42.0,1.0,9.7,13.0,1020.2,147.05,11.2,IDRSING3
1068,24.9,0.0,0.0,2017-07-04 16:28:00,42.0,319.0,6.9,7.2,1019.9,148.76,11.1,IDRSING3
1069,25.0,0.0,0.0,2017-07-04 16:33:00,41.0,287.0,7.9,9.3,1020.2,149.12,10.9,IDRSING3
1070,24.8,0.0,0.0,2017-07-04 16:38:00,42.0,313.0,6.1,7.2,1019.9,131.39,11.1,IDRSING3
1071,24.9,0.0,0.0,2017-07-04 16:43:00,43.0,320.0,3.5,5.5,1020.2,113.16,11.5,IDRSING3
1072,24.8,0.0,0.0,2017-07-04 16:48:00,43.0,347.0,4.3,5.5,1020.2,95.42,11.4,IDRSING3
1073,24.6,0.0,0.0,2017-07-04 16:53:00,43.0,347.0,5.5,5.5,1020.2,81.1,11.2,IDRSING3
1074,24.6,0.0,0.0,2017-07-04 16:58:00,43.0,302.0,6.1,7.2,1020.2,73.65,11.2,IDRSING3
1075,24.5,0.0,0.0,2017-07-04 17:03:00,43.0,351.0,7.2,9.3,1020.2,65.94,11.1,IDRSING3
1076,24.5,0.0,0.0,2017-07-04 17:08:00,44.0,336.0,4.3,7.2,1020.2,61.53,11.5,IDRSING3
1077,24.4,0.0,0.0,2017-07-04 17:14:00,44.0,332.0,2.1,3.5,1020.2,61.53,11.4,IDRSING3
1078,24.4,0.0,0.0,2017-07-04 17:19:00,44.0,340.0,5.5,7.2,1020.2,57.62,11.4,IDRSING3
1079,24.3,0.0,0.0,2017-07-04 17:24:00,44.0,312.0,3.5,5.5,1020.2,49.42,11.3,IDRSING3
1080,24.3,0.0,0.0,2017-07-04 17:29:00,45.0,314.0,2.9,5.5,1020.2,43.8,11.6,IDRSING3
1081,24.2,0.0,0.0,2017-07-04 17:34:00,45.0,336.0,0.3,1.8,1020.2,40.73,11.6,IDRSING3
1082,24.1,0.0,0.0,2017-07-04 17:39:00,45.0,317.0,4.7,5.5,1020.2,37.68,11.5,IDRSING3
1083,24.1,0.0,0.0,2017-07-04 17:44:00,45.0,333.0,3.2,5.5,1020.2,35.48,11.5,IDRSING3
1084,24.1,0.0,0.0,2017-07-04 17:49:00,45.0,346.0,2.9,3.5,1020.5,34.62,11.5,IDRSING3
1085,24.0,0.0,0.0,2017-07-04 17:55:00,45.0,329.0,4.0,5.5,1020.2,29.85,11.4,IDRSING3
1086,24.0,0.0,0.0,2017-07-04 18:00:00,45.0,344.0,7.2,9.3,1020.2,25.07,11.4,IDRSING3
1087,24.0,0.0,0.0,2017-07-04 18:05:00,44.0,289.0,6.4,7.2,1020.5,19.94,11.0,IDRSING3
1088,23.9,0.0,0.0,2017-07-04 18:11:00,45.0,334.0,3.2,5.5,1020.5,16.88,11.3,IDRSING3
1089,23.8,0.0,0.0,2017-07-04 18:16:00,45.0,340.0,3.5,5.5,1020.5,16.02,11.2,IDRSING3
1090,23.8,0.0,0.0,2017-07-04 18:21:00,45.0,352.0,4.7,5.5,1020.5,13.82,11.2,IDRSING3
1091,23.6,0.0,0.0,2017-07-04 18:26:00,45.0,349.0,2.1,3.5,1020.5,11.62,11.0,IDRSING3
1092,23.5,0.0,0.0,2017-07-04 18:31:00,46.0,341.0,1.4,1.8,1020.9,9.05,11.2,IDRSING3
1093,23.2,0.0,0.0,2017-07-04 18:36:00,48.0,341.0,0.0,0.0,1020.5,7.7,11.6,IDRSING3
1094,22.9,0.0,0.0,2017-07-04 18:41:00,50.0,341.0,0.0,0.0,1020.5,3.79,11.9,IDRSING3
1095,22.5,0.0,0.0,2017-07-04 18:46:00,51.0,341.0,0.0,0.0,1020.5,2.57,11.9,IDRSING3
1096,22.1,0.0,0.0,2017-07-04 18:51:00,52.0,341.0,0.0,0.0,1020.5,1.71,11.8,IDRSING3
1097,21.8,0.0,0.0,2017-07-04 18:56:00,53.0,341.0,0.0,0.0,1020.5,0.85,11.8,IDRSING3
1098,21.6,0.0,0.0,2017-07-04 19:02:00,54.0,341.0,0.0,0.0,1020.9,0.0,11.9,IDRSING3
1099,21.2,0.0,0.0,2017-07-04 19:07:00,56.0,341.0,0.0,0.0,1021.2,0.0,12.1,IDRSING3
1100,20.8,0.0,0.0,2017-07-04 19:12:00,58.0,341.0,0.0,0.0,1020.9,0.0,12.2,IDRSING3
1101,20.4,0.0,0.0,2017-07-04 19:17:00,60.0,341.0,0.0,0.0,1021.2,0.0,12.4,IDRSING3
1102,20.1,0.0,0.0,2017-07-04 19:22:00,61.0,341.0,0.0,0.0,1020.9,0.0,12.4,IDRSING3
1103,20.1,0.0,0.0,2017-07-04 19:27:00,63.0,341.0,0.0,0.0,1021.2,0.0,12.9,IDRSING3
1104,19.8,0.0,0.0,2017-07-04 19:32:00,63.0,341.0,0.0,0.0,1021.2,0.0,12.6,IDRSING3
1105,19.4,0.0,0.0,2017-07-04 19:38:00,65.0,341.0,0.0,0.0,1021.2,0.0,12.7,IDRSING3
1106,19.2,0.0,0.0,2017-07-04 19:43:00,67.0,341.0,0.0,0.0,1021.2,0.0,12.9,IDRSING3
1107,19.0,0.0,0.0,2017-07-04 19:48:00,66.0,341.0,0.0,0.0,1021.2,0.0,12.5,IDRSING3
1108,18.8,0.0,0.0,2017-07-04 19:53:00,65.0,341.0,0.0,0.0,1021.6,0.0,12.1,IDRSING3
1109,18.7,0.0,0.0,2017-07-04 19:59:00,65.0,341.0,0.0,0.0,1021.2,0.0,12.0,IDRSING3
1110,18.7,0.0,0.0,2017-07-04 20:04:00,64.0,341.0,0.0,0.0,1021.2,0.0,11.8,IDRSING3
1111,18.7,0.0,0.0,2017-07-04 20:09:00,64.0,341.0,0.0,0.0,1021.2,0.0,11.8,IDRSING3
1112,18.8,0.0,0.0,2017-07-04 20:14:00,65.0,341.0,0.0,0.0,1021.6,0.0,12.1,IDRSING3
1113,18.9,0.0,0.0,2017-07-04 20:19:00,64.0,341.0,0.0,0.0,1021.6,0.0,12.0,IDRSING3
1114,19.0,0.0,0.0,2017-07-04 20:24:00,63.0,341.0,0.0,0.0,1021.2,0.0,11.8,IDRSING3
1115,19.0,0.0,0.0,2017-07-04 20:29:00,63.0,341.0,0.0,0.0,1021.6,0.0,11.8,IDRSING3
1116,19.1,0.0,0.0,2017-07-04 20:34:00,63.0,341.0,0.0,0.0,1021.6,0.0,11.9,IDRSING3
1117,19.2,0.0,0.0,2017-07-04 20:39:00,63.0,341.0,1.1,1.8,1021.9,0.0,12.0,IDRSING3
1118,19.0,0.0,0.0,2017-07-04 20:44:00,64.0,341.0,0.0,0.0,1021.6,0.0,12.1,IDRSING3
1119,18.8,0.0,0.0,2017-07-04 20:49:00,65.0,341.0,0.0,0.0,1021.6,0.0,12.1,IDRSING3
1120,18.8,0.0,0.0,2017-07-04 20:55:00,64.0,341.0,0.0,0.0,1021.6,0.0,11.9,IDRSING3
1121,18.8,0.0,0.0,2017-07-04 21:00:00,65.0,341.0,0.0,0.0,1021.6,0.0,12.1,IDRSING3
1122,18.7,0.0,0.0,2017-07-04 21:05:00,66.0,341.0,0.0,0.0,1021.6,0.0,12.2,IDRSING3
1123,18.6,0.0,0.0,2017-07-04 21:10:00,65.0,341.0,0.0,0.0,1021.6,0.0,11.9,IDRSING3
1124,18.4,0.0,0.0,2017-07-04 21:15:00,66.0,341.0,0.0,0.0,1021.6,0.0,11.9,IDRSING3
1125,18.3,0.0,0.0,2017-07-04 21:20:00,66.0,341.0,0.0,0.0,1021.9,0.0,11.9,IDRSING3
1126,18.2,0.0,0.0,2017-07-04 21:25:00,69.0,341.0,0.0,0.0,1021.6,0.0,12.4,IDRSING3
1127,18.0,0.0,0.0,2017-07-04 21:30:00,68.0,341.0,0.0,0.0,1021.6,0.0,12.0,IDRSING3
1128,18.0,0.0,0.0,2017-07-04 21:35:00,71.0,341.0,0.0,0.0,1021.6,0.0,12.7,IDRSING3
1129,17.9,0.0,0.0,2017-07-04 21:40:00,73.0,341.0,0.0,0.0,1021.6,0.0,13.0,IDRSING3
1130,17.7,0.0,0.0,2017-07-04 21:45:00,75.0,341.0,0.0,0.0,1021.6,0.0,13.2,IDRSING3
1131,17.5,0.0,0.0,2017-07-04 21:50:00,74.0,341.0,0.0,0.0,1021.9,0.0,12.9,IDRSING3
1132,17.2,0.0,0.0,2017-07-04 21:55:00,75.0,341.0,0.0,0.0,1021.9,0.0,12.7,IDRSING3
1133,17.0,0.0,0.0,2017-07-04 22:00:00,74.0,341.0,0.0,0.0,1021.6,0.0,12.4,IDRSING3
1134,16.9,0.0,0.0,2017-07-04 22:05:00,76.0,341.0,0.0,0.0,1021.6,0.0,12.6,IDRSING3
1135,16.9,0.0,0.0,2017-07-04 22:11:00,72.0,341.0,0.0,0.0,1021.9,0.0,11.8,IDRSING3
1136,16.8,0.0,0.0,2017-07-04 22:16:00,77.0,341.0,0.0,0.0,1021.9,0.0,12.7,IDRSING3
1137,16.7,0.0,0.0,2017-07-04 22:21:00,80.0,342.0,0.0,0.0,1021.9,0.0,13.2,IDRSING3
1138,16.5,0.0,0.0,2017-07-04 22:26:00,82.0,342.0,0.0,0.0,1021.6,0.0,13.4,IDRSING3
1139,16.4,0.0,0.0,2017-07-04 22:32:00,82.0,342.0,0.0,0.0,1021.6,0.0,13.3,IDRSING3
1140,16.1,0.0,0.0,2017-07-04 22:37:00,81.0,341.0,0.0,0.0,1021.6,0.0,12.8,IDRSING3
1141,15.7,0.0,0.0,2017-07-04 22:43:00,82.0,341.0,0.0,0.0,1021.6,0.0,12.6,IDRSING3
1142,15.4,0.0,0.0,2017-07-04 22:48:00,82.0,342.0,0.0,0.0,1021.9,0.0,12.3,IDRSING3
1143,15.3,0.0,0.0,2017-07-04 22:53:00,84.0,341.0,0.0,0.0,1021.6,0.0,12.6,IDRSING3
1144,15.2,0.0,0.0,2017-07-04 22:59:00,85.0,342.0,0.0,0.0,1021.6,0.0,12.7,IDRSING3
1145,15.4,0.0,0.0,2017-07-04 23:04:00,85.0,342.0,0.0,0.0,1021.6,0.0,12.9,IDRSING3
1146,15.3,0.0,0.0,2017-07-04 23:09:00,85.0,342.0,0.0,0.0,1021.6,0.0,12.8,IDRSING3
1147,15.0,0.0,0.0,2017-07-04 23:15:00,84.0,342.0,0.0,0.0,1021.6,0.0,12.3,IDRSING3
1148,14.7,0.0,0.0,2017-07-04 23:20:00,87.0,342.0,0.0,0.0,1021.6,0.0,12.6,IDRSING3
1149,14.5,0.0,0.0,2017-07-04 23:25:00,88.0,342.0,0.0,0.0,1021.2,0.0,12.5,IDRSING3
1150,14.3,0.0,0.0,2017-07-04 23:30:00,87.0,342.0,0.0,0.0,1021.6,0.0,12.2,IDRSING3
1151,14.1,0.0,0.0,2017-07-04 23:35:00,90.0,342.0,0.0,0.0,1021.6,0.0,12.5,IDRSING3
1152,14.2,0.0,0.0,2017-07-04 23:40:00,89.0,342.0,0.0,0.0,1021.6,0.0,12.4,IDRSING3
1153,14.2,0.0,0.0,2017-07-04 23:46:00,87.0,342.0,0.0,0.0,1021.6,0.0,12.1,IDRSING3
1154,14.0,0.0,0.0,2017-07-04 23:51:00,86.0,342.0,0.0,0.0,1021.6,0.0,11.7,IDRSING3
1155,14.2,0.0,0.0,2017-07-04 23:56:00,89.0,342.0,0.0,0.0,1021.6,0.0,12.4,IDRSING3
1156,14.3,0.0,0.0,2017-07-05 00:01:00,90.0,342.0,0.0,0.0,1021.6,0.0,12.7,IDRSING3
1157,13.6,0.0,0.0,2017-07-05 00:06:00,90.0,342.0,0.0,0.0,1021.6,0.0,12.0,IDRSING3
1158,13.0,0.0,0.0,2017-07-05 00:11:00,88.0,342.0,0.0,0.0,1021.6,0.0,11.0,IDRSING3
1159,12.7,0.0,0.0,2017-07-05 00:16:00,96.0,342.0,0.0,0.0,1021.6,0.0,12.1,IDRSING3
1160,12.7,0.0,0.0,2017-07-05 00:22:00,98.0,342.0,0.0,0.0,1021.6,0.0,12.4,IDRSING3
1161,12.7,0.0,0.0,2017-07-05 00:27:00,99.0,342.0,0.0,0.0,1021.6,0.0,12.5,IDRSING3
1162,12.7,0.0,0.0,2017-07-05 00:32:00,95.0,342.0,0.0,0.0,1021.6,0.0,11.9,IDRSING3
1163,12.2,0.0,0.0,2017-07-05 00:37:00,98.0,342.0,0.0,0.0,1021.2,0.0,11.9,IDRSING3
1164,12.2,0.0,0.0,2017-07-05 00:43:00,99.0,342.0,0.0,0.0,1021.6,0.0,12.0,IDRSING3
1165,12.1,0.0,0.0,2017-07-05 00:48:00,99.0,342.0,0.0,0.0,1021.2,0.0,11.9,IDRSING3
1166,12.0,0.0,0.0,2017-07-05 00:53:00,99.0,342.0,0.0,0.0,1021.2,0.0,11.8,IDRSING3
1167,11.8,0.0,0.0,2017-07-05 00:58:00,99.0,342.0,0.0,0.0,1021.2,0.0,11.6,IDRSING3
1168,11.7,0.0,0.0,2017-07-05 01:03:00,99.0,342.0,0.0,0.0,1021.6,0.0,11.5,IDRSING3
1169,11.9,0.0,0.0,2017-07-05 01:08:00,99.0,342.0,0.0,0.0,1021.6,0.0,11.7,IDRSING3
1170,11.9,0.0,0.0,2017-07-05 01:13:00,99.0,342.0,0.0,0.0,1021.2,0.0,11.7,IDRSING3
1171,11.6,0.0,0.0,2017-07-05 01:18:00,99.0,342.0,0.0,0.0,1021.2,0.0,11.4,IDRSING3
1172,11.4,0.0,0.0,2017-07-05 01:23:00,99.0,342.0,0.0,0.0,1021.6,0.0,11.2,IDRSING3
1173,11.2,0.0,0.0,2017-07-05 01:28:00,99.0,342.0,0.0,0.0,1021.6,0.0,11.0,IDRSING3
1174,11.3,0.0,0.0,2017-07-05 01:34:00,99.0,342.0,0.0,0.0,1021.2,0.0,11.1,IDRSING3
1175,11.5,0.0,0.0,2017-07-05 01:39:00,99.0,342.0,0.0,0.0,1021.2,0.0,11.3,IDRSING3
1176,11.5,0.0,0.0,2017-07-05 01:44:00,99.0,342.0,0.0,0.0,1021.2,0.0,11.3,IDRSING3
1177,11.2,0.0,0.0,2017-07-05 01:49:00,99.0,342.0,0.0,0.0,1021.2,0.0,11.0,IDRSING3
1178,11.3,0.0,0.0,2017-07-05 01:55:00,99.0,342.0,0.0,0.0,1021.2,0.0,11.1,IDRSING3
1179,11.1,0.0,0.0,2017-07-05 02:00:00,99.0,342.0,0.0,0.0,1021.6,0.0,10.9,IDRSING3
1180,11.1,0.0,0.0,2017-07-05 02:05:00,99.0,342.0,0.0,0.0,1021.6,0.0,10.9,IDRSING3
1181,10.9,0.0,0.0,2017-07-05 02:10:00,99.0,342.0,0.0,0.0,1021.2,0.0,10.7,IDRSING3
1182,11.1,0.0,0.0,2017-07-05 02:15:00,10.0,342.0,0.0,0.0,1021.2,0.0,-19.4,IDRSING3
1183,11.1,0.0,0.0,2017-07-05 02:20:00,99.0,342.0,0.0,0.0,1021.2,0.0,10.9,IDRSING3
1184,11.3,0.0,0.0,2017-07-05 02:26:00,99.0,342.0,0.0,0.0,1021.2,0.0,11.1,IDRSING3
1185,11.4,0.0,0.0,2017-07-05 02:31:00,99.0,342.0,0.0,0.0,1021.2,0.0,11.2,IDRSING3
1186,11.3,0.0,0.0,2017-07-05 02:36:00,99.0,342.0,0.0,0.0,1021.2,0.0,11.1,IDRSING3
1187,10.8,0.0,0.0,2017-07-05 02:41:00,99.0,342.0,0.0,0.0,1021.2,0.0,10.6,IDRSING3
1188,10.6,0.0,0.0,2017-07-05 02:46:00,99.0,342.0,0.0,0.0,1020.9,0.0,10.4,IDRSING3
1189,10.6,0.0,0.0,2017-07-05 02:51:00,99.0,342.0,0.0,0.0,1021.2,0.0,10.4,IDRSING3
1190,10.6,0.0,0.0,2017-07-05 02:56:00,99.0,341.0,0.0,0.0,1021.2,0.85,10.4,IDRSING3
1191,10.4,0.0,0.0,2017-07-05 03:01:00,99.0,341.0,0.0,0.0,1021.2,2.57,10.2,IDRSING3
1192,10.3,0.0,0.0,2017-07-05 03:07:00,99.0,342.0,0.0,0.0,1021.2,4.77,10.1,IDRSING3
1193,10.3,0.0,0.0,2017-07-05 03:12:00,99.0,342.0,0.0,0.0,1021.2,7.7,10.1,IDRSING3
1194,10.5,0.0,0.0,2017-07-05 03:17:00,99.0,342.0,0.0,0.0,1021.2,9.54,10.3,IDRSING3
1195,10.6,0.0,0.0,2017-07-05 03:22:00,99.0,342.0,0.0,0.0,1021.2,12.11,10.4,IDRSING3
1196,10.7,0.0,0.0,2017-07-05 03:27:00,99.0,342.0,0.0,0.0,1021.2,14.31,10.5,IDRSING3
1197,10.7,0.0,0.0,2017-07-05 03:32:00,99.0,342.0,0.0,0.0,1020.9,16.88,10.5,IDRSING3
1198,10.7,0.0,0.0,2017-07-05 03:37:00,99.0,342.0,0.0,0.0,1021.2,19.45,10.5,IDRSING3
1199,10.6,0.0,0.0,2017-07-05 03:43:00,99.0,342.0,0.0,0.0,1021.2,22.02,10.4,IDRSING3
1200,10.6,0.0,0.0,2017-07-05 03:48:00,99.0,342.0,0.0,0.0,1021.2,25.07,10.4,IDRSING3
1201,10.7,0.0,0.0,2017-07-05 03:53:00,99.0,342.0,0.0,0.0,1020.9,27.28,10.5,IDRSING3
1202,10.9,0.0,0.0,2017-07-05 03:59:00,99.0,342.0,0.0,0.0,1020.9,29.85,10.7,IDRSING3
1203,11.2,0.0,0.0,2017-07-05 04:04:00,99.0,342.0,0.0,0.0,1021.2,32.05,11.0,IDRSING3
1204,11.6,0.0,0.0,2017-07-05 04:09:00,99.0,342.0,0.0,0.0,1020.9,34.25,11.4,IDRSING3
1205,12.0,0.0,0.0,2017-07-05 04:15:00,99.0,337.0,0.0,0.0,1020.9,51.5,11.8,IDRSING3
1206,12.4,0.0,0.0,2017-07-05 04:20:00,99.0,337.0,0.0,0.0,1020.9,55.05,12.2,IDRSING3
1207,12.7,0.0,0.0,2017-07-05 04:25:00,99.0,337.0,0.0,0.0,1021.2,51.14,12.5,IDRSING3
1208,13.0,0.0,0.0,2017-07-05 04:31:00,99.0,337.0,0.0,0.0,1021.2,47.71,12.8,IDRSING3
1209,13.4,0.0,0.0,2017-07-05 04:36:00,99.0,337.0,0.0,0.0,1020.9,51.5,13.2,IDRSING3
1210,13.9,0.0,0.0,2017-07-05 04:41:00,99.0,337.0,0.0,0.0,1021.2,100.56,13.7,IDRSING3
1211,14.6,0.0,0.0,2017-07-05 04:46:00,99.0,337.0,0.0,0.0,1020.9,106.68,14.4,IDRSING3
1212,15.3,0.0,0.0,2017-07-05 04:51:00,96.0,337.0,0.0,0.0,1020.9,132.24,14.7,IDRSING3
1213,15.8,0.0,0.0,2017-07-05 04:56:00,92.0,337.0,0.0,0.0,1021.2,146.19,14.5,IDRSING3
1214,16.0,0.0,0.0,2017-07-05 05:01:00,89.0,337.0,0.0,0.0,1021.6,164.29,14.2,IDRSING3
1215,16.5,0.0,0.0,2017-07-05 05:07:00,86.0,337.0,0.0,0.0,1021.2,181.3,14.2,IDRSING3
1216,17.1,0.0,0.0,2017-07-05 05:12:00,83.0,338.0,0.3,1.8,1021.2,197.32,14.2,IDRSING3
1217,17.5,0.0,0.0,2017-07-05 05:17:00,81.0,338.0,0.0,0.0,1020.9,206.38,14.2,IDRSING3
1218,17.8,0.0,0.0,2017-07-05 05:23:00,79.0,338.0,0.0,0.0,1021.2,216.9,14.1,IDRSING3
1219,18.0,0.0,0.0,2017-07-05 05:28:00,78.0,338.0,0.0,0.0,1020.9,74.5,14.1,IDRSING3
1220,18.7,0.0,0.0,2017-07-05 05:33:00,75.0,338.0,0.0,0.0,1020.9,172.12,14.2,IDRSING3
1221,18.7,0.0,0.0,2017-07-05 05:39:00,73.0,338.0,0.3,1.8,1021.2,149.12,13.8,IDRSING3
1222,19.0,0.0,0.0,2017-07-05 05:44:00,72.0,338.0,0.0,0.0,1020.9,97.5,13.8,IDRSING3
1223,19.9,0.0,0.0,2017-07-05 05:49:00,69.0,338.0,1.4,1.8,1020.9,271.46,14.1,IDRSING3
1224,20.0,0.0,0.0,2017-07-05 05:54:00,68.0,338.0,0.0,0.0,1020.9,290.18,13.9,IDRSING3
1225,20.6,0.0,0.0,2017-07-05 05:59:00,67.0,338.0,0.0,0.0,1021.2,300.95,14.3,IDRSING3
1226,20.7,0.0,0.0,2017-07-05 06:04:00,65.0,338.0,0.0,0.0,1021.2,331.78,13.9,IDRSING3
1227,21.2,0.0,0.0,2017-07-05 06:10:00,64.0,338.0,0.0,0.0,1021.2,337.89,14.1,IDRSING3
1228,21.2,0.0,0.0,2017-07-05 06:15:00,64.0,338.0,0.3,1.8,1020.9,355.63,14.1,IDRSING3
1229,21.5,0.0,0.0,2017-07-05 06:20:00,62.0,117.0,0.0,0.0,1020.9,382.18,13.9,IDRSING3
1230,22.3,0.0,0.0,2017-07-05 06:25:00,60.0,116.0,0.3,1.8,1020.9,416.43,14.2,IDRSING3
1231,23.0,0.0,0.0,2017-07-05 06:30:00,57.0,117.0,1.4,3.5,1020.9,440.28,14.1,IDRSING3
1232,23.6,0.0,0.0,2017-07-05 06:35:00,56.0,117.0,1.4,1.8,1021.2,461.94,14.3,IDRSING3
1233,23.4,0.0,0.0,2017-07-05 06:40:00,56.0,117.0,0.0,0.0,1020.9,422.06,14.1,IDRSING3
1234,23.5,0.0,0.0,2017-07-05 06:45:00,55.0,117.0,0.3,1.8,1020.9,489.34,14.0,IDRSING3
1235,23.7,0.0,0.0,2017-07-05 06:50:00,53.0,117.0,0.3,1.8,1020.9,492.77,13.6,IDRSING3
1236,24.0,0.0,0.0,2017-07-05 06:55:00,54.0,117.0,0.0,0.0,1020.9,502.31,14.1,IDRSING3
1237,24.7,0.0,0.0,2017-07-05 07:00:00,52.0,117.0,3.2,3.5,1020.9,504.03,14.2,IDRSING3
1238,24.6,0.0,0.0,2017-07-05 07:01:00,53.0,117.0,5.0,7.2,1020.9,500.96,14.4,IDRSING3
1239,24.4,0.0,0.0,2017-07-05 07:06:00,53.0,113.0,0.0,0.0,1020.5,532.28,14.2,IDRSING3
1240,24.5,0.0,0.0,2017-07-05 07:11:00,51.0,108.0,0.3,1.8,1020.9,610.7,13.7,IDRSING3
1241,24.5,0.0,0.0,2017-07-05 07:16:00,51.0,108.0,0.3,1.8,1020.5,636.76,13.7,IDRSING3
1242,24.4,0.0,0.0,2017-07-05 07:21:00,53.0,117.0,0.0,0.0,1020.9,669.3,14.2,IDRSING3
1243,24.5,0.0,0.0,2017-07-05 07:26:00,52.0,215.0,3.2,3.5,1020.9,685.82,14.0,IDRSING3
1244,24.3,0.0,0.0,2017-07-05 07:31:00,51.0,159.0,0.3,1.8,1020.9,699.27,13.6,IDRSING3
1245,24.7,0.0,0.0,2017-07-05 07:36:00,48.0,155.0,1.4,1.8,1020.9,724.35,13.0,IDRSING3
1246,25.3,0.0,0.0,2017-07-05 07:42:00,49.0,132.0,3.2,3.5,1020.9,657.55,13.9,IDRSING3
1247,25.6,0.0,0.0,2017-07-05 07:47:00,46.0,220.0,4.7,5.5,1020.9,744.78,13.2,IDRSING3
1248,25.3,0.0,0.0,2017-07-05 07:52:00,45.0,115.0,3.2,3.5,1020.5,763.87,12.5,IDRSING3
1249,25.6,0.0,0.0,2017-07-05 07:57:00,45.0,197.0,2.1,3.5,1020.5,775.61,12.8,IDRSING3
1250,25.5,0.0,0.0,2017-07-05 08:02:00,45.0,224.0,3.5,5.5,1020.5,771.21,12.7,IDRSING3
1251,25.7,0.0,0.0,2017-07-05 08:07:00,45.0,196.0,0.0,0.0,1020.5,777.32,12.9,IDRSING3
1252,27.1,0.0,0.0,2017-07-05 08:12:00,45.0,107.0,0.0,0.0,1020.5,808.15,14.2,IDRSING3
1253,27.2,0.0,0.0,2017-07-05 08:17:00,49.0,108.0,0.0,0.0,1020.2,806.8,15.6,IDRSING3
1254,27.1,0.0,0.0,2017-07-05 08:22:00,46.0,213.0,0.3,1.8,1020.5,796.04,14.5,IDRSING3
1255,26.8,0.0,0.0,2017-07-05 08:27:00,48.0,105.0,0.3,1.8,1020.5,815.49,14.9,IDRSING3
1256,26.4,0.0,0.0,2017-07-05 08:32:00,45.0,192.0,2.9,5.5,1020.5,800.32,13.5,IDRSING3
1257,27.1,0.0,0.0,2017-07-05 08:37:00,44.0,125.0,0.0,0.0,1020.2,807.66,13.8,IDRSING3
1258,27.2,0.0,0.0,2017-07-05 08:38:00,45.0,108.0,2.1,5.5,1020.2,817.7,14.3,IDRSING3
1259,27.0,0.0,0.0,2017-07-05 08:43:00,44.0,158.0,1.1,1.8,1020.2,823.81,13.7,IDRSING3
1260,26.9,0.0,0.0,2017-07-05 08:48:00,42.0,220.0,5.5,7.2,1020.2,836.78,12.9,IDRSING3
1261,27.1,0.0,0.0,2017-07-05 08:53:00,43.0,117.0,0.3,1.8,1019.9,820.26,13.5,IDRSING3
1262,27.5,0.0,0.0,2017-07-05 08:58:00,42.0,200.0,12.2,18.3,1020.2,818.06,13.5,IDRSING3
1263,27.1,0.0,0.0,2017-07-05 09:03:00,43.0,191.0,5.0,7.2,1019.9,810.72,13.5,IDRSING3
1264,27.9,0.0,0.0,2017-07-05 09:08:00,41.0,225.0,4.0,5.5,1020.2,815.98,13.5,IDRSING3
1265,28.2,0.0,0.0,2017-07-05 09:14:00,43.0,114.0,7.9,9.3,1020.2,814.63,14.5,IDRSING3
1266,27.2,0.0,0.0,2017-07-05 09:19:00,43.0,186.0,2.1,3.5,1020.2,811.21,13.6,IDRSING3
1267,27.9,0.0,0.0,2017-07-05 09:24:00,42.0,177.0,1.1,1.8,1019.9,808.15,13.8,IDRSING3
1268,28.1,0.0,0.0,2017-07-05 09:29:00,43.0,214.0,2.1,3.5,1019.9,775.97,14.4,IDRSING3
1269,28.5,0.0,0.0,2017-07-05 09:34:00,45.0,147.0,1.1,1.8,1019.9,780.75,15.4,IDRSING3
1270,28.2,0.0,0.0,2017-07-05 09:39:00,42.0,213.0,6.1,9.3,1019.9,802.53,14.1,IDRSING3
1271,27.9,0.0,0.0,2017-07-05 09:44:00,41.0,221.0,14.3,16.6,1019.9,798.61,13.5,IDRSING3
1272,27.9,0.0,0.0,2017-07-05 09:49:00,41.0,251.0,5.0,5.5,1019.5,795.55,13.5,IDRSING3
1273,28.3,0.0,0.0,2017-07-05 09:55:00,41.0,175.0,3.2,3.5,1019.9,743.92,13.8,IDRSING3
1274,28.6,0.0,0.0,2017-07-05 10:00:00,39.0,272.0,1.4,3.5,1019.9,774.26,13.3,IDRSING3
1275,28.6,0.0,0.0,2017-07-05 10:04:00,38.0,146.0,0.0,0.0,1019.9,773.04,12.9,IDRSING3
1276,29.5,0.0,0.0,2017-07-05 10:09:00,38.0,158.0,5.5,9.3,1019.5,765.21,13.7,IDRSING3
1277,29.5,0.0,0.0,2017-07-05 10:14:00,38.0,229.0,4.0,5.5,1019.5,833.35,13.7,IDRSING3
1278,29.1,0.0,0.0,2017-07-05 10:19:00,39.0,241.0,7.9,9.3,1019.5,794.21,13.8,IDRSING3
1279,28.6,0.0,0.0,2017-07-05 10:24:00,40.0,311.0,0.0,0.0,1019.2,767.41,13.7,IDRSING3
1280,29.4,0.0,0.0,2017-07-05 10:30:00,38.0,154.0,1.4,1.8,1019.2,790.78,13.6,IDRSING3
1281,30.3,0.0,0.0,2017-07-05 10:35:00,36.0,169.0,0.0,0.0,1019.5,767.41,13.6,IDRSING3
1282,30.8,0.0,0.0,2017-07-05 10:40:00,37.0,206.0,2.9,3.5,1019.2,807.66,14.5,IDRSING3
1283,30.3,0.0,0.0,2017-07-05 10:45:00,37.0,135.0,0.6,1.8,1018.8,821.61,14.0,IDRSING3
1284,30.1,0.0,0.0,2017-07-05 10:50:00,36.0,234.0,10.8,13.0,1019.2,796.41,13.4,IDRSING3
1285,29.9,0.0,0.0,2017-07-05 10:55:00,36.0,233.0,6.4,7.2,1019.2,786.5,13.2,IDRSING3
1286,29.0,0.0,0.0,2017-07-05 11:00:00,37.0,195.0,2.9,3.5,1019.2,760.44,12.9,IDRSING3
1287,29.5,0.0,0.0,2017-07-05 11:06:00,36.0,193.0,9.0,13.0,1018.8,792.98,12.9,IDRSING3
1288,30.6,0.0,0.0,2017-07-05 11:11:00,35.0,161.0,1.1,1.8,1018.8,787.72,13.4,IDRSING3
1289,30.4,0.0,0.0,2017-07-05 11:16:00,35.0,234.0,7.2,9.3,1018.8,797.75,13.3,IDRSING3
1290,29.8,0.0,0.0,2017-07-05 11:21:00,37.0,229.0,7.9,9.3,1018.8,823.32,13.6,IDRSING3
1291,29.9,0.0,0.0,2017-07-05 11:26:00,36.0,186.0,7.6,11.1,1018.8,509.28,13.2,IDRSING3
1292,30.1,0.0,0.0,2017-07-05 11:27:00,35.0,230.0,4.7,7.2,1018.8,821.97,13.0,IDRSING3
1293,30.1,0.0,0.0,2017-07-05 11:32:00,34.0,208.0,1.1,1.8,1018.5,819.04,12.6,IDRSING3
1294,30.3,0.0,0.0,2017-07-05 11:37:00,34.0,214.0,6.1,7.2,1018.5,834.21,12.7,IDRSING3
1295,31.2,0.0,0.0,2017-07-05 11:42:00,33.0,181.0,2.6,3.5,1018.5,381.32,13.1,IDRSING3
1296,30.8,0.0,0.0,2017-07-05 11:47:00,34.0,172.0,0.3,1.8,1018.5,275.37,13.2,IDRSING3
1297,30.0,0.0,0.0,2017-07-05 11:53:00,36.0,278.0,1.8,1.8,1018.2,633.33,13.3,IDRSING3
1298,30.7,0.0,0.0,2017-07-05 11:58:00,33.0,247.0,5.8,7.2,1018.2,964.74,12.6,IDRSING3
1299,31.2,0.0,0.0,2017-07-05 12:03:00,33.0,286.0,6.1,9.3,1018.2,808.15,13.1,IDRSING3
1300,29.9,0.0,0.0,2017-07-05 12:08:00,35.0,232.0,3.5,5.5,1018.2,509.28,12.8,IDRSING3
1301,30.0,0.0,0.0,2017-07-05 12:13:00,33.0,241.0,9.0,11.1,1017.8,530.94,12.0,IDRSING3
1302,29.9,0.0,0.0,2017-07-05 12:18:00,33.0,304.0,10.5,14.8,1018.2,494.11,11.9,IDRSING3
1303,29.9,0.0,0.0,2017-07-05 12:23:00,34.0,267.0,4.0,5.5,1017.8,331.4,12.4,IDRSING3
1304,29.9,0.0,0.0,2017-07-05 12:28:00,34.0,235.0,5.0,5.5,1017.8,331.4,12.4,IDRSING3
1305,30.3,0.0,0.0,2017-07-05 12:34:00,33.0,230.0,6.4,9.3,1018.2,765.58,12.3,IDRSING3
1306,30.5,0.0,0.0,2017-07-05 12:39:00,32.0,220.0,6.9,9.3,1017.8,501.82,12.0,IDRSING3
1307,30.5,0.0,0.0,2017-07-05 12:44:00,36.0,132.0,0.0,0.0,1017.5,787.72,13.8,IDRSING3
1308,32.1,0.0,0.0,2017-07-05 12:49:00,29.0,195.0,0.0,0.0,1017.5,835.07,11.9,IDRSING3
1309,32.6,0.0,0.0,2017-07-05 12:54:00,31.0,300.0,5.0,7.2,1017.5,838.12,13.3,IDRSING3
1310,31.9,0.0,0.0,2017-07-05 12:59:00,30.0,342.0,7.2,9.3,1017.5,828.58,12.2,IDRSING3
1311,31.6,0.0,0.0,2017-07-05 13:04:00,30.0,228.0,2.9,3.5,1017.2,841.55,11.9,IDRSING3
1312,31.8,0.0,0.0,2017-07-05 13:10:00,31.0,187.0,2.6,3.5,1017.5,811.58,12.6,IDRSING3
1313,31.8,0.0,0.0,2017-07-05 13:15:00,31.0,227.0,3.5,3.5,1017.5,462.43,12.6,IDRSING3
1314,31.4,0.0,0.0,2017-07-05 13:20:00,30.0,293.0,6.1,7.2,1017.2,773.41,11.8,IDRSING3
1315,31.2,0.0,0.0,2017-07-05 13:25:00,32.0,265.0,7.9,11.1,1017.8,234.64,12.6,IDRSING3
1316,30.2,0.0,0.0,2017-07-05 13:30:00,33.0,257.0,3.5,3.5,1017.2,162.22,12.2,IDRSING3
1317,29.8,0.0,0.0,2017-07-05 13:35:00,33.0,291.0,2.1,3.5,1017.2,371.78,11.9,IDRSING3
1318,30.4,0.0,0.0,2017-07-05 13:40:00,33.0,240.0,5.0,7.2,1017.2,403.83,12.4,IDRSING3
1319,31.2,0.0,0.0,2017-07-05 13:46:00,31.0,230.0,5.5,5.5,1017.2,228.15,12.1,IDRSING3
1320,30.8,0.0,0.0,2017-07-05 13:51:00,32.0,281.0,8.7,11.1,1017.2,741.36,12.2,IDRSING3
1321,31.7,0.0,0.0,2017-07-05 13:56:00,30.0,297.0,7.2,7.2,1017.2,710.04,12.0,IDRSING3
1322,32.0,0.0,0.0,2017-07-05 14:01:00,31.0,253.0,2.1,3.5,1017.2,681.04,12.8,IDRSING3
1323,32.3,0.0,0.0,2017-07-05 14:06:00,31.0,240.0,7.2,9.3,1016.8,639.82,13.1,IDRSING3
1324,32.0,0.0,0.0,2017-07-05 14:11:00,30.0,263.0,9.3,13.0,1017.2,659.39,12.3,IDRSING3
1325,32.3,0.0,0.0,2017-07-05 14:16:00,30.0,270.0,6.4,9.3,1016.8,699.64,12.6,IDRSING3
1326,32.1,0.0,0.0,2017-07-05 14:22:00,30.0,228.0,11.9,14.8,1017.2,203.81,12.4,IDRSING3
1327,30.8,0.0,0.0,2017-07-05 14:27:00,32.0,233.0,4.0,5.5,1016.8,185.58,12.2,IDRSING3
1328,30.6,0.0,0.0,2017-07-05 14:32:00,32.0,348.0,1.8,3.5,1016.5,618.16,12.1,IDRSING3
1329,31.9,0.0,0.0,2017-07-05 14:37:00,31.0,219.0,5.0,7.2,1016.8,628.07,12.7,IDRSING3
1330,32.3,0.0,0.0,2017-07-05 14:42:00,29.0,187.0,1.4,1.8,1016.8,537.42,12.1,IDRSING3
1331,32.2,0.0,0.0,2017-07-05 14:47:00,31.0,218.0,5.0,7.2,1017.2,517.97,13.0,IDRSING3
1332,31.7,0.0,0.0,2017-07-05 14:52:00,31.0,229.0,9.3,11.1,1016.8,141.42,12.5,IDRSING3
1333,30.9,0.0,0.0,2017-07-05 14:57:00,31.0,248.0,5.8,7.2,1016.5,186.44,11.9,IDRSING3
1334,30.7,0.0,0.0,2017-07-05 15:02:00,33.0,266.0,4.0,5.5,1016.5,144.85,12.6,IDRSING3
1335,31.2,0.0,0.0,2017-07-05 15:07:00,31.0,197.0,1.8,1.8,1016.5,488.86,12.1,IDRSING3
1336,32.3,0.0,0.0,2017-07-05 15:12:00,30.0,274.0,5.8,7.2,1016.1,473.2,12.6,IDRSING3
1337,32.4,0.0,0.0,2017-07-05 15:17:00,30.0,224.0,9.0,13.0,1016.1,432.94,12.6,IDRSING3
1338,31.0,0.0,0.0,2017-07-05 15:22:00,32.0,267.0,9.7,11.1,1016.5,103.61,12.4,IDRSING3
1339,30.5,0.0,0.0,2017-07-05 15:27:00,31.0,249.0,5.8,7.2,1016.1,399.42,11.5,IDRSING3
1340,31.7,0.0,0.0,2017-07-05 15:32:00,31.0,298.0,4.3,5.5,1016.1,373.86,12.5,IDRSING3
1341,32.1,0.0,0.0,2017-07-05 15:37:00,31.0,275.0,2.9,3.5,1016.1,401.63,12.9,IDRSING3
1342,32.1,0.0,0.0,2017-07-05 15:42:00,31.0,199.0,2.1,3.5,1016.1,382.54,12.9,IDRSING3
1343,31.7,0.0,0.0,2017-07-05 15:47:00,33.0,220.0,5.5,7.2,1016.1,120.5,13.5,IDRSING3
1344,31.0,0.0,0.0,2017-07-05 15:52:00,32.0,324.0,7.2,9.3,1016.1,240.27,12.4,IDRSING3
1345,31.2,0.0,0.0,2017-07-05 15:54:00,31.0,271.0,5.5,5.5,1016.1,291.4,12.1,IDRSING3
1346,31.9,0.0,0.0,2017-07-05 15:59:00,31.0,227.0,8.2,9.3,1016.1,349.15,12.7,IDRSING3
1347,31.8,0.0,0.0,2017-07-05 16:04:00,31.0,217.0,5.5,7.2,1016.1,352.57,12.6,IDRSING3
1348,32.0,0.0,0.0,2017-07-05 16:09:00,31.0,233.0,8.2,11.1,1016.1,333.98,12.8,IDRSING3
1349,31.4,0.0,0.0,2017-07-05 16:14:00,32.0,244.0,4.7,5.5,1016.1,124.9,12.8,IDRSING3
1350,30.5,0.0,0.0,2017-07-05 16:19:00,33.0,223.0,7.2,9.3,1015.8,120.13,12.5,IDRSING3
1351,30.5,0.0,0.0,2017-07-05 16:24:00,33.0,246.0,6.1,7.2,1016.1,97.99,12.5,IDRSING3
1352,30.5,0.0,0.0,2017-07-05 16:29:00,32.0,319.0,6.4,11.1,1015.8,124.41,12.0,IDRSING3
1353,31.1,0.0,0.0,2017-07-05 16:34:00,31.0,304.0,7.9,9.3,1016.1,219.83,12.0,IDRSING3
1354,31.0,0.0,0.0,2017-07-05 16:39:00,42.0,305.0,9.3,11.1,1016.1,165.64,16.6,IDRSING3
1355,28.9,0.0,0.0,2017-07-05 16:44:00,42.0,358.0,1.4,1.8,1016.1,224.61,14.7,IDRSING3
1356,29.2,0.0,0.0,2017-07-05 16:49:00,42.0,16.0,0.0,0.0,1016.1,97.99,15.0,IDRSING3
1357,28.0,0.0,0.0,2017-07-05 16:54:00,47.0,309.0,0.3,1.8,1015.8,77.56,15.7,IDRSING3
1358,27.5,0.0,0.0,2017-07-05 16:59:00,47.0,299.0,0.6,1.8,1015.8,58.97,15.2,IDRSING3
1359,27.3,0.0,0.0,2017-07-05 17:04:00,50.0,299.0,0.0,0.0,1016.1,45.87,16.0,IDRSING3
1360,27.0,0.0,0.0,2017-07-05 17:09:00,50.0,299.0,0.0,0.0,1015.8,38.17,15.7,IDRSING3
1361,26.6,0.0,0.0,2017-07-05 17:14:00,51.0,299.0,0.0,0.0,1015.8,28.63,15.7,IDRSING3
1362,26.4,0.0,0.0,2017-07-05 17:19:00,52.0,299.0,0.0,0.0,1015.5,20.31,15.8,IDRSING3
1363,26.1,0.0,0.0,2017-07-05 17:24:00,53.0,299.0,0.0,0.0,1015.8,16.02,15.8,IDRSING3
1364,25.8,0.0,0.0,2017-07-05 17:30:00,55.0,299.0,0.0,0.0,1015.8,11.25,16.1,IDRSING3
1365,25.4,0.0,0.0,2017-07-05 17:35:00,59.0,299.0,0.0,0.0,1015.8,5.63,16.8,IDRSING3
1366,24.9,0.0,0.0,2017-07-05 17:40:00,60.0,106.0,0.3,1.8,1015.8,2.57,16.6,IDRSING3
1367,25.0,0.0,0.0,2017-07-05 17:45:00,51.0,129.0,5.0,7.2,1016.1,4.77,14.2,IDRSING3
1368,26.1,0.0,0.0,2017-07-05 17:50:00,49.0,130.0,1.4,1.8,1016.1,9.91,14.6,IDRSING3
1369,25.7,0.0,0.0,2017-07-05 17:55:00,66.0,210.0,4.0,5.5,1016.5,16.39,18.9,IDRSING3
1370,23.3,1.3,0.3,2017-07-05 18:00:00,80.0,223.0,4.7,5.5,1016.8,28.14,19.7,IDRSING3
1371,22.6,3.0,0.5,2017-07-05 18:05:00,75.0,269.0,6.9,9.3,1017.2,47.22,18.0,IDRSING3
1372,22.3,3.0,0.8,2017-07-05 18:10:00,75.0,256.0,2.1,3.5,1016.8,54.19,17.7,IDRSING3
1373,21.9,3.0,1.0,2017-07-05 18:15:00,68.0,235.0,4.0,5.5,1016.8,39.02,15.7,IDRSING3
1374,21.5,1.8,1.0,2017-07-05 18:20:00,84.0,207.0,1.8,1.8,1016.8,20.31,18.7,IDRSING3
1375,20.4,0.0,1.0,2017-07-05 18:25:00,89.0,206.0,0.3,1.8,1016.8,9.91,18.5,IDRSING3
1376,20.1,0.0,1.0,2017-07-05 18:30:00,91.0,198.0,0.0,0.0,1017.2,4.77,18.6,IDRSING3
1377,20.1,0.0,1.0,2017-07-05 18:35:00,94.0,211.0,1.1,1.8,1016.8,5.99,19.0,IDRSING3
1378,20.0,0.0,1.0,2017-07-05 18:40:00,96.0,195.0,0.0,0.0,1016.5,6.85,19.4,IDRSING3
1379,20.0,0.0,1.0,2017-07-05 18:45:00,97.0,193.0,0.0,0.0,1016.5,2.08,19.6,IDRSING3
1380,19.9,0.0,1.0,2017-07-05 18:50:00,99.0,173.0,0.0,0.0,1016.5,0.36,19.7,IDRSING3
1381,19.7,0.0,1.0,2017-07-05 18:55:00,99.0,164.0,0.0,0.0,1016.5,0.0,19.5,IDRSING3
1382,19.7,0.0,1.0,2017-07-05 19:00:00,99.0,195.0,1.1,1.8,1016.8,0.0,19.5,IDRSING3
1383,19.6,0.0,1.0,2017-07-05 19:06:00,99.0,155.0,0.0,0.0,1016.8,0.0,19.4,IDRSING3
1384,19.5,0.0,1.0,2017-07-05 19:11:00,99.0,131.0,0.0,0.0,1016.8,0.0,19.3,IDRSING3
1385,19.5,0.0,1.0,2017-07-05 19:16:00,99.0,116.0,1.8,1.8,1016.8,0.0,19.3,IDRSING3
1386,19.5,0.0,1.0,2017-07-05 19:21:00,99.0,113.0,0.0,0.0,1016.5,0.0,19.3,IDRSING3
1387,19.4,0.0,1.0,2017-07-05 19:26:00,99.0,113.0,0.6,1.8,1016.5,0.0,19.2,IDRSING3
1388,19.5,0.0,1.0,2017-07-05 19:31:00,99.0,111.0,2.1,3.5,1016.8,0.0,19.3,IDRSING3
1389,19.5,3.0,1.5,2017-07-05 19:36:00,99.0,143.0,0.0,0.0,1016.8,0.0,19.3,IDRSING3
1390,19.1,4.8,1.8,2017-07-05 19:41:00,99.0,142.0,0.0,0.0,1016.8,0.0,18.9,IDRSING3
1391,18.8,1.8,1.8,2017-07-05 19:46:00,99.0,141.0,0.0,0.0,1016.5,0.0,18.6,IDRSING3
1392,18.6,0.0,1.8,2017-07-05 19:51:00,99.0,142.0,0.0,0.0,1016.5,0.0,18.4,IDRSING3
1393,18.6,0.0,1.8,2017-07-05 19:56:00,10.0,142.0,0.0,0.0,1016.8,0.0,-13.6,IDRSING3
1394,18.6,0.0,1.8,2017-07-05 20:01:00,10.0,142.0,0.0,0.0,1016.8,0.0,-13.6,IDRSING3
1395,18.5,0.0,1.8,2017-07-05 20:07:00,10.0,142.0,1.8,1.8,1016.8,0.0,-13.7,IDRSING3
1396,18.5,0.0,1.8,2017-07-05 20:12:00,10.0,142.0,0.0,0.0,1016.8,0.0,-13.7,IDRSING3
1397,18.4,0.0,1.8,2017-07-05 20:17:00,10.0,142.0,0.0,0.0,1016.5,0.0,-13.8,IDRSING3
1398,18.2,0.0,1.8,2017-07-05 20:22:00,10.0,142.0,1.1,1.8,1016.8,0.0,-13.9,IDRSING3
1399,18.1,0.0,1.8,2017-07-05 20:27:00,10.0,104.0,0.0,0.0,1017.2,0.0,-14.0,IDRSING3
1400,18.1,0.0,1.8,2017-07-05 20:28:00,10.0,104.0,0.0,0.0,1017.2,0.0,-14.0,IDRSING3
1401,18.3,0.0,1.8,2017-07-05 20:33:00,99.0,342.0,6.1,7.2,1017.5,0.0,18.1,IDRSING3
1402,18.6,0.0,1.8,2017-07-05 20:38:00,99.0,333.0,5.8,7.2,1017.5,0.0,18.4,IDRSING3
1403,18.6,0.0,1.8,2017-07-05 20:43:00,99.0,329.0,1.8,1.8,1017.5,0.0,18.4,IDRSING3
1404,18.5,0.0,1.8,2017-07-05 20:48:00,99.0,329.0,4.0,5.5,1017.2,0.0,18.3,IDRSING3
1405,18.9,0.0,1.8,2017-07-05 20:53:00,99.0,321.0,1.4,1.8,1017.5,0.0,18.7,IDRSING3
1406,18.9,0.0,1.8,2017-07-05 20:58:00,99.0,322.0,2.6,3.5,1017.2,0.0,18.7,IDRSING3
1407,18.5,0.0,1.8,2017-07-05 21:03:00,10.0,266.0,3.2,3.5,1017.5,0.0,-13.7,IDRSING3
1408,18.2,0.0,1.8,2017-07-05 21:08:00,10.0,272.0,2.1,3.5,1017.5,0.0,-13.9,IDRSING3
1409,18.4,0.0,1.8,2017-07-05 21:13:00,10.0,272.0,0.0,0.0,1017.2,0.0,-13.8,IDRSING3
1410,18.5,0.0,1.8,2017-07-05 21:18:00,10.0,272.0,0.0,0.0,1017.5,0.0,-13.7,IDRSING3
1411,18.5,0.0,1.8,2017-07-05 21:23:00,10.0,272.0,1.8,1.8,1017.8,0.0,-13.7,IDRSING3
1412,18.8,0.0,1.8,2017-07-05 21:28:00,99.0,301.0,2.1,3.5,1017.8,0.0,18.6,IDRSING3
1413,18.9,0.0,1.8,2017-07-05 21:33:00,10.0,354.0,1.4,1.8,1017.8,0.0,-13.4,IDRSING3
1414,18.6,0.0,1.8,2017-07-05 21:38:00,10.0,323.0,0.0,0.0,1017.5,0.0,-13.6,IDRSING3
1415,18.4,0.0,1.8,2017-07-05 21:43:00,10.0,323.0,0.0,0.0,1017.5,0.0,-13.8,IDRSING3
1416,18.2,0.0,1.8,2017-07-05 21:48:00,10.0,323.0,0.0,0.0,1017.2,0.0,-13.9,IDRSING3
1417,18.2,0.0,1.8,2017-07-05 21:50:00,10.0,323.0,0.0,0.0,1017.5,0.0,-13.9,IDRSING3
1418,17.8,0.0,1.8,2017-07-05 21:55:00,13.0,323.0,0.0,0.0,1017.5,0.0,-11.0,IDRSING3
1419,17.8,0.0,0.0,2017-07-05 22:00:00,15.0,323.0,0.0,0.0,1017.8,0.0,-9.2,IDRSING3
1420,17.8,0.0,0.0,2017-07-05 22:05:00,10.0,323.0,0.0,0.0,1017.5,0.0,-14.2,IDRSING3
1421,18.0,0.0,0.0,2017-07-05 22:11:00,10.0,323.0,0.0,0.0,1017.8,0.0,-14.1,IDRSING3
1422,18.1,0.0,0.0,2017-07-05 22:16:00,99.0,323.0,0.0,0.0,1017.8,0.0,17.9,IDRSING3
1423,17.8,0.0,0.0,2017-07-05 22:22:00,10.0,323.0,0.0,0.0,1017.8,0.0,-14.2,IDRSING3
1424,17.7,0.0,0.0,2017-07-05 22:27:00,10.0,323.0,0.0,0.0,1017.5,0.0,-14.3,IDRSING3
1425,17.6,0.0,0.0,2017-07-05 22:32:00,10.0,323.0,2.6,3.5,1017.8,0.0,-14.4,IDRSING3
1426,18.1,0.0,0.0,2017-07-05 22:37:00,10.0,348.0,1.8,1.8,1017.8,0.0,-14.0,IDRSING3
1427,18.2,0.0,0.0,2017-07-05 22:43:00,10.0,341.0,2.9,5.5,1017.8,0.0,-13.9,IDRSING3
1428,18.1,0.0,0.0,2017-07-05 22:48:00,10.0,342.0,1.4,1.8,1017.8,0.0,-14.0,IDRSING3
1429,18.0,0.0,0.0,2017-07-05 22:53:00,10.0,342.0,1.8,1.8,1018.2,0.0,-14.1,IDRSING3
1430,17.8,0.0,0.0,2017-07-05 22:58:00,10.0,341.0,1.4,1.8,1017.8,0.0,-14.2,IDRSING3
1431,17.9,0.0,0.0,2017-07-05 23:03:00,10.0,335.0,1.1,1.8,1018.2,0.0,-14.1,IDRSING3
1432,17.8,0.0,0.0,2017-07-05 23:08:00,10.0,335.0,1.8,1.8,1017.8,0.0,-14.2,IDRSING3
1433,17.7,0.0,0.0,2017-07-05 23:14:00,10.0,335.0,2.9,3.5,1018.2,0.0,-14.3,IDRSING3
1434,17.5,0.0,0.0,2017-07-05 23:19:00,10.0,332.0,4.0,5.5,1017.8,0.0,-14.5,IDRSING3
1435,17.4,0.0,0.0,2017-07-05 23:24:00,10.0,331.0,4.0,5.5,1018.2,0.0,-14.5,IDRSING3
1436,17.4,0.0,0.0,2017-07-05 23:29:00,10.0,332.0,4.3,5.5,1018.2,0.0,-14.5,IDRSING3
1437,17.4,0.0,0.0,2017-07-05 23:34:00,10.0,328.0,4.7,5.5,1018.2,0.0,-14.5,IDRSING3
1438,17.5,0.0,0.0,2017-07-05 23:39:00,10.0,341.0,5.0,7.2,1018.2,0.0,-14.5,IDRSING3
1439,17.3,0.0,0.0,2017-07-05 23:44:00,10.0,339.0,5.5,7.2,1018.2,0.0,-14.6,IDRSING3
1440,17.3,0.0,0.0,2017-07-05 23:49:00,10.0,347.0,5.0,7.2,1018.5,0.0,-14.6,IDRSING3
1441,17.2,0.0,0.0,2017-07-05 23:55:00,10.0,335.0,3.2,5.5,1018.2,0.0,-14.7,IDRSING3
1442,17.1,0.0,0.0,2017-07-06 00:00:00,10.0,317.0,6.4,7.2,1018.2,0.0,-14.8,IDRSING3
1443,17.1,0.0,0.0,2017-07-06 00:05:00,99.0,355.0,10.1,13.0,1018.5,0.0,16.9,IDRSING3
1444,17.0,0.0,0.0,2017-07-06 00:10:00,99.0,335.0,6.1,7.2,1018.5,0.0,16.8,IDRSING3
1445,16.8,0.0,0.0,2017-07-06 00:15:00,99.0,327.0,5.5,5.5,1018.5,0.0,16.6,IDRSING3
1446,16.7,0.0,0.0,2017-07-06 00:20:00,10.0,317.0,6.1,7.2,1018.8,0.0,-15.1,IDRSING3
1447,16.5,0.0,0.0,2017-07-06 00:25:00,10.0,342.0,6.1,7.2,1018.5,0.0,-15.2,IDRSING3
1448,16.5,0.0,0.0,2017-07-06 00:31:00,10.0,298.0,5.8,7.2,1018.8,0.0,-15.2,IDRSING3
1449,16.4,0.0,0.0,2017-07-06 00:36:00,10.0,322.0,1.4,3.5,1018.5,0.0,-15.3,IDRSING3
1450,16.4,0.0,0.0,2017-07-06 00:40:00,99.0,334.0,2.6,3.5,1018.8,0.0,16.2,IDRSING3
1451,16.4,0.0,0.0,2017-07-06 00:45:00,99.0,269.0,5.5,5.5,1018.8,0.0,16.2,IDRSING3
1452,16.3,0.0,0.0,2017-07-06 00:50:00,99.0,339.0,3.5,3.5,1018.5,0.0,16.1,IDRSING3
1453,16.3,0.0,0.0,2017-07-06 00:55:00,99.0,341.0,6.4,7.2,1018.8,0.0,16.1,IDRSING3
1454,16.2,0.0,0.0,2017-07-06 01:00:00,10.0,341.0,2.9,3.5,1018.8,0.0,-15.5,IDRSING3
1455,16.1,0.0,0.0,2017-07-06 01:05:00,10.0,329.0,2.9,3.5,1018.8,0.0,-15.5,IDRSING3
1456,16.0,0.0,0.0,2017-07-06 01:10:00,10.0,338.0,1.1,1.8,1018.8,0.0,-15.6,IDRSING3
1457,15.9,0.0,0.0,2017-07-06 01:15:00,10.0,338.0,2.9,3.5,1018.8,0.0,-15.7,IDRSING3
1458,15.8,0.0,0.0,2017-07-06 01:20:00,10.0,338.0,3.2,3.5,1018.8,0.0,-15.8,IDRSING3
1459,15.7,0.0,0.0,2017-07-06 01:25:00,10.0,338.0,1.4,1.8,1018.8,0.0,-15.8,IDRSING3
1460,15.6,0.0,0.0,2017-07-06 01:31:00,10.0,338.0,0.3,1.8,1018.8,0.0,-15.9,IDRSING3
1461,15.7,0.0,0.0,2017-07-06 01:36:00,10.0,343.0,1.8,1.8,1018.8,0.0,-15.8,IDRSING3
1462,15.9,0.0,0.0,2017-07-06 01:41:00,10.0,323.0,0.0,0.0,1018.8,0.0,-15.7,IDRSING3
1463,15.7,0.0,0.0,2017-07-06 01:46:00,10.0,332.0,0.3,1.8,1018.8,0.0,-15.8,IDRSING3
1464,15.7,0.0,0.0,2017-07-06 01:51:00,10.0,334.0,0.0,0.0,1018.8,0.0,-15.8,IDRSING3
1465,15.5,0.0,0.0,2017-07-06 01:56:00,10.0,334.0,0.0,0.0,1018.8,0.0,-16.0,IDRSING3
1466,15.7,0.0,0.0,2017-07-06 02:01:00,99.0,334.0,1.8,1.8,1018.8,0.0,15.5,IDRSING3
1467,15.6,0.0,0.0,2017-07-06 02:06:00,10.0,334.0,1.8,1.8,1018.8,0.0,-15.9,IDRSING3
1468,15.5,0.0,0.0,2017-07-06 02:11:00,10.0,334.0,2.9,3.5,1018.8,0.0,-16.0,IDRSING3
1469,15.4,0.0,0.0,2017-07-06 02:16:00,10.0,302.0,4.0,5.5,1018.8,0.0,-16.1,IDRSING3
1470,15.2,0.0,0.0,2017-07-06 02:21:00,10.0,322.0,2.9,3.5,1019.2,0.0,-16.2,IDRSING3
1471,15.2,0.0,0.0,2017-07-06 02:26:00,10.0,308.0,5.5,5.5,1019.2,0.0,-16.2,IDRSING3
1472,15.4,0.0,0.0,2017-07-06 02:31:00,10.0,359.0,7.2,9.3,1018.8,0.0,-16.1,IDRSING3
1473,15.5,0.0,0.0,2017-07-06 02:36:00,99.0,359.0,6.9,7.2,1019.2,0.0,15.3,IDRSING3
1474,15.4,0.0,0.0,2017-07-06 02:41:00,10.0,351.0,6.9,9.3,1019.2,0.0,-16.1,IDRSING3
1475,15.4,0.0,0.0,2017-07-06 02:47:00,99.0,302.0,4.0,5.5,1019.5,0.0,15.2,IDRSING3
1476,15.4,0.0,0.0,2017-07-06 02:52:00,99.0,333.0,5.5,7.2,1019.5,0.0,15.2,IDRSING3
1477,15.5,0.0,0.0,2017-07-06 02:57:00,99.0,335.0,5.8,7.2,1019.5,0.85,15.3,IDRSING3
1478,15.6,0.0,0.0,2017-07-06 03:02:00,99.0,326.0,6.4,9.3,1019.5,1.71,15.4,IDRSING3
1479,15.7,0.0,0.0,2017-07-06 03:07:00,99.0,325.0,7.2,9.3,1019.9,3.79,15.5,IDRSING3
1480,15.7,0.0,0.0,2017-07-06 03:12:00,99.0,358.0,7.6,9.3,1019.9,5.99,15.5,IDRSING3
1481,15.5,0.0,0.0,2017-07-06 03:17:00,99.0,351.0,6.9,9.3,1019.9,8.56,15.3,IDRSING3
1482,15.4,0.0,0.0,2017-07-06 03:22:00,99.0,354.0,6.4,7.2,1019.9,10.77,15.2,IDRSING3
1483,15.4,0.0,0.0,2017-07-06 03:27:00,99.0,332.0,2.6,3.5,1019.9,12.48,15.2,IDRSING3
1484,15.3,0.0,0.0,2017-07-06 03:32:00,99.0,332.0,3.5,3.5,1019.9,14.31,15.1,IDRSING3
1485,15.1,0.0,0.0,2017-07-06 03:37:00,99.0,331.0,4.7,5.5,1020.2,17.73,14.9,IDRSING3
1486,15.1,0.0,0.0,2017-07-06 03:42:00,99.0,328.0,5.8,7.2,1020.2,24.22,14.9,IDRSING3
1487,15.1,0.0,0.0,2017-07-06 03:45:00,99.0,329.0,8.7,11.1,1020.2,25.56,14.9,IDRSING3
1488,15.2,0.0,0.0,2017-07-06 03:50:00,99.0,337.0,5.5,5.5,1020.2,28.14,15.0,IDRSING3
1489,15.3,0.0,0.0,2017-07-06 03:55:00,99.0,347.0,4.7,7.2,1020.2,31.56,15.1,IDRSING3
1490,15.3,0.0,0.0,2017-07-06 04:00:00,99.0,337.0,5.5,7.2,1020.5,34.25,15.1,IDRSING3
1491,15.5,0.0,0.0,2017-07-06 04:05:00,99.0,346.0,4.3,5.5,1020.2,37.68,15.3,IDRSING3
1492,15.6,0.0,0.0,2017-07-06 04:11:00,99.0,315.0,5.5,5.5,1020.5,42.45,15.4,IDRSING3
1493,15.9,0.0,0.0,2017-07-06 04:16:00,99.0,347.0,3.5,5.5,1020.5,50.28,15.7,IDRSING3
1494,16.1,0.0,0.0,2017-07-06 04:21:00,99.0,332.0,3.5,3.5,1020.5,66.8,15.9,IDRSING3
1495,16.2,0.0,0.0,2017-07-06 04:27:00,99.0,335.0,5.0,5.5,1020.5,71.56,16.0,IDRSING3
1496,16.4,0.0,0.0,2017-07-06 04:32:00,99.0,310.0,4.0,5.5,1020.5,54.56,16.2,IDRSING3
1497,16.6,0.0,0.0,2017-07-06 04:37:00,99.0,339.0,5.5,7.2,1020.9,59.33,16.4,IDRSING3
1498,16.7,0.0,0.0,2017-07-06 04:42:00,99.0,343.0,2.9,3.5,1020.5,90.16,16.5,IDRSING3
1499,16.9,0.0,0.0,2017-07-06 04:47:00,99.0,291.0,2.1,3.5,1020.9,104.96,16.7,IDRSING3
1500,16.9,0.0,0.0,2017-07-06 04:52:00,99.0,306.0,4.3,5.5,1020.5,118.42,16.7,IDRSING3
1501,16.9,0.0,0.0,2017-07-06 04:53:00,99.0,323.0,5.5,7.2,1020.9,115.36,16.7,IDRSING3
1502,16.9,0.0,0.0,2017-07-06 04:58:00,99.0,323.0,3.5,3.5,1020.9,71.93,16.7,IDRSING3
1503,17.0,0.0,0.0,2017-07-06 05:03:00,99.0,331.0,4.7,5.5,1020.9,78.05,16.8,IDRSING3
1504,16.9,0.0,0.0,2017-07-06 05:08:00,99.0,315.0,3.5,3.5,1020.9,83.68,16.7,IDRSING3
1505,16.9,0.0,0.0,2017-07-06 05:13:00,99.0,345.0,1.8,1.8,1021.2,92.36,16.7,IDRSING3
1506,17.2,0.0,0.0,2017-07-06 05:19:00,99.0,308.0,4.7,5.5,1020.9,197.32,17.0,IDRSING3
1507,17.5,0.0,0.0,2017-07-06 05:24:00,99.0,288.0,2.1,3.5,1020.9,160.51,17.3,IDRSING3
1508,17.9,0.0,0.0,2017-07-06 05:29:00,99.0,347.0,6.4,9.3,1021.2,118.78,17.7,IDRSING3
1509,18.1,0.0,0.0,2017-07-06 05:35:00,99.0,302.0,0.0,0.0,1021.2,152.19,17.9,IDRSING3
1510,18.6,0.0,0.0,2017-07-06 05:40:00,99.0,335.0,1.4,1.8,1021.2,185.58,18.4,IDRSING3
1511,19.2,0.0,0.0,2017-07-06 05:45:00,94.0,72.0,0.6,3.5,1021.2,211.15,18.1,IDRSING3
1512,19.0,0.0,0.0,2017-07-06 05:50:00,96.0,342.0,3.5,3.5,1021.2,278.07,18.4,IDRSING3
1513,19.5,0.0,0.0,2017-07-06 05:55:00,92.0,48.0,0.3,1.8,1021.2,293.24,18.2,IDRSING3
1514,19.6,0.0,0.0,2017-07-06 06:05:00,89.0,328.0,1.8,1.8,1021.6,320.15,17.7,IDRSING3
1515,20.3,0.0,0.0,2017-07-06 06:11:00,85.0,94.0,0.0,0.0,1021.6,321.37,17.7,IDRSING3
1516,19.7,0.0,0.0,2017-07-06 06:16:00,90.0,343.0,5.5,7.2,1021.6,336.54,18.0,IDRSING3
1517,19.6,0.0,0.0,2017-07-06 06:21:00,86.0,69.0,1.1,1.8,1021.6,355.63,17.2,IDRSING3
1518,19.7,0.0,0.0,2017-07-06 06:27:00,90.0,342.0,3.5,5.5,1021.6,383.4,18.0,IDRSING3
1519,19.2,0.0,0.0,2017-07-06 06:32:00,88.0,341.0,7.2,9.3,1021.6,376.06,17.1,IDRSING3
1520,19.8,0.0,0.0,2017-07-06 06:37:00,86.0,73.0,2.1,3.5,1021.6,406.03,17.4,IDRSING3
1521,20.2,0.0,0.0,2017-07-06 06:43:00,84.0,331.0,9.3,11.1,1021.9,435.88,17.4,IDRSING3
1522,19.6,0.0,0.0,2017-07-06 06:48:00,83.0,351.0,4.0,5.5,1021.6,465.0,16.7,IDRSING3
1523,20.4,0.0,0.0,2017-07-06 06:53:00,84.0,352.0,0.0,0.0,1021.6,487.51,17.6,IDRSING3
1524,21.1,0.0,0.0,2017-07-06 06:58:00,81.0,321.0,6.1,7.2,1021.6,496.69,17.7,IDRSING3
1525,21.0,0.0,0.0,2017-07-06 07:03:00,79.0,64.0,0.0,0.0,1021.6,523.96,17.3,IDRSING3
1526,22.2,0.0,0.0,2017-07-06 07:08:00,75.0,108.0,0.6,1.8,1021.9,563.48,17.6,IDRSING3
1527,21.7,0.0,0.0,2017-07-06 07:13:00,78.0,331.0,4.7,5.5,1021.6,587.33,17.7,IDRSING3
1528,20.8,0.0,0.0,2017-07-06 07:18:00,81.0,325.0,0.0,0.0,1021.6,608.13,17.4,IDRSING3
1529,21.7,0.0,0.0,2017-07-06 07:23:00,77.0,327.0,1.8,1.8,1021.6,589.91,17.5,IDRSING3
1530,21.3,0.0,0.0,2017-07-06 07:28:00,77.0,256.0,2.1,3.5,1021.6,628.93,17.1,IDRSING3
1531,21.7,0.0,0.0,2017-07-06 07:33:00,76.0,354.0,0.0,0.0,1021.6,706.61,17.3,IDRSING3
1532,21.8,0.0,0.0,2017-07-06 07:39:00,75.0,349.0,3.5,5.5,1021.6,688.87,17.2,IDRSING3
1533,21.7,0.0,0.0,2017-07-06 07:44:00,77.0,99.0,0.0,0.0,1021.6,681.9,17.5,IDRSING3
1534,23.2,0.0,0.0,2017-07-06 07:49:00,69.0,186.0,1.4,1.8,1021.9,665.38,17.2,IDRSING3
1535,22.1,0.0,0.0,2017-07-06 07:54:00,73.0,326.0,9.7,11.1,1021.9,684.47,17.0,IDRSING3
1536,21.5,0.0,0.0,2017-07-06 07:59:00,74.0,278.0,2.1,3.5,1021.9,706.24,16.7,IDRSING3
1537,21.9,0.0,0.0,2017-07-06 08:04:00,74.0,349.0,6.1,7.2,1021.9,723.13,17.1,IDRSING3
1538,22.0,0.0,0.0,2017-07-06 08:09:00,72.0,343.0,1.4,1.8,1021.6,709.67,16.7,IDRSING3
1539,22.6,0.0,0.0,2017-07-06 08:14:00,71.0,340.0,3.2,3.5,1021.6,741.36,17.1,IDRSING3
1540,22.9,0.0,0.0,2017-07-06 08:19:00,70.0,38.0,0.3,1.8,1021.9,739.16,17.2,IDRSING3
1541,24.1,0.0,0.0,2017-07-06 08:24:00,66.0,340.0,6.4,9.3,1021.6,759.95,17.4,IDRSING3
1542,24.3,0.0,0.0,2017-07-06 08:29:00,65.0,128.0,0.3,1.8,1021.6,788.21,17.3,IDRSING3
1543,24.3,0.0,0.0,2017-07-06 08:35:00,67.0,89.0,1.1,1.8,1021.6,804.24,17.8,IDRSING3
1544,24.3,0.0,0.0,2017-07-06 08:38:00,66.0,240.0,2.9,5.5,1021.6,799.46,17.6,IDRSING3
1545,23.8,0.0,0.0,2017-07-06 08:43:00,65.0,337.0,7.2,9.3,1021.9,857.58,16.8,IDRSING3
1546,24.0,0.0,0.0,2017-07-06 08:48:00,67.0,260.0,0.3,1.8,1021.6,879.23,17.5,IDRSING3
1547,24.8,0.0,0.0,2017-07-06 09:11:00,61.0,123.0,1.4,3.5,1021.6,391.23,16.8,IDRSING3
1548,23.5,0.0,0.0,2017-07-06 09:19:00,63.0,293.0,0.6,1.8,1021.6,462.43,16.1,IDRSING3
1549,23.6,0.0,0.0,2017-07-06 09:20:00,63.0,119.0,0.6,1.8,1021.6,443.35,16.2,IDRSING3
1550,23.7,0.0,0.0,2017-07-06 09:21:00,64.0,119.0,1.1,1.8,1021.6,537.06,16.5,IDRSING3
1551,24.4,0.0,0.0,2017-07-06 09:24:00,63.0,332.0,0.3,1.8,1021.6,491.91,16.9,IDRSING3
1552,24.5,0.0,0.0,2017-07-06 09:25:00,63.0,332.0,1.8,3.5,1021.6,384.74,17.0,IDRSING3
1553,24.7,0.0,0.0,2017-07-06 09:26:00,63.0,192.0,1.1,1.8,1021.6,371.78,17.2,IDRSING3
1554,24.8,0.0,0.0,2017-07-06 09:28:00,63.0,192.0,0.0,0.0,1021.6,360.89,17.3,IDRSING3
1555,24.9,0.0,0.0,2017-07-06 09:29:00,63.0,192.0,0.0,0.0,1021.6,372.64,17.4,IDRSING3
1556,25.0,0.0,0.0,2017-07-06 09:30:00,62.0,192.0,0.0,0.0,1021.6,389.88,17.2,IDRSING3
1557,25.5,0.0,0.0,2017-07-06 09:34:00,59.0,113.0,1.4,1.8,1021.9,409.46,16.9,IDRSING3
1558,25.5,0.0,0.0,2017-07-06 09:35:00,61.0,151.0,0.0,0.0,1021.6,435.52,17.5,IDRSING3
1559,25.4,0.0,0.0,2017-07-06 09:40:00,61.0,129.0,0.3,1.8,1021.6,537.91,17.4,IDRSING3
1560,24.6,0.0,0.0,2017-07-06 09:45:00,59.0,345.0,4.0,5.5,1021.6,831.52,16.1,IDRSING3
1561,25.1,0.0,0.0,2017-07-06 09:50:00,57.0,317.0,3.5,5.5,1021.6,567.4,16.0,IDRSING3
1562,24.9,0.0,0.0,2017-07-06 09:55:00,56.0,319.0,5.5,9.3,1021.6,770.35,15.5,IDRSING3
1563,25.3,0.0,0.0,2017-07-06 10:00:00,54.0,277.0,7.6,11.1,1021.2,546.96,15.3,IDRSING3
1564,25.3,0.0,0.0,2017-07-06 10:02:00,55.0,332.0,4.0,5.5,1021.6,373.86,15.6,IDRSING3
1565,25.1,0.0,0.0,2017-07-06 10:07:00,53.0,354.0,7.6,9.3,1021.6,855.0,14.9,IDRSING3
1566,25.5,0.0,0.0,2017-07-06 10:12:00,51.0,336.0,6.1,9.3,1021.2,878.86,14.7,IDRSING3
1567,25.8,0.0,0.0,2017-07-06 10:17:00,54.0,121.0,0.3,1.8,1021.2,831.15,15.8,IDRSING3
1568,25.9,0.0,0.0,2017-07-06 10:22:00,52.0,348.0,3.5,5.5,1021.6,814.27,15.3,IDRSING3
1569,26.0,0.0,0.0,2017-07-06 10:27:00,52.0,103.0,1.1,1.8,1021.2,788.58,15.4,IDRSING3
1570,26.1,0.0,0.0,2017-07-06 10:32:00,52.0,335.0,4.7,7.2,1021.2,463.65,15.5,IDRSING3
1571,25.8,0.0,0.0,2017-07-06 10:38:00,52.0,136.0,1.8,5.5,1020.9,772.19,15.2,IDRSING3
1572,26.8,0.0,0.0,2017-07-06 10:43:00,50.0,296.0,2.9,3.5,1021.2,779.53,15.5,IDRSING3
1573,27.2,0.0,0.0,2017-07-06 10:48:00,47.0,148.0,0.6,1.8,1021.2,774.75,14.9,IDRSING3
1574,27.3,0.0,0.0,2017-07-06 10:54:00,51.0,168.0,0.0,0.0,1020.9,768.27,16.3,IDRSING3
1575,27.7,0.0,0.0,2017-07-06 10:59:00,50.0,273.0,7.2,9.3,1020.9,765.58,16.4,IDRSING3
1576,26.5,0.0,0.0,2017-07-06 11:04:00,51.0,353.0,7.9,11.1,1021.2,776.46,15.6,IDRSING3
1577,26.4,0.0,0.0,2017-07-06 11:10:00,49.0,278.0,1.4,1.8,1020.9,781.73,14.9,IDRSING3
1578,26.3,0.0,0.0,2017-07-06 11:15:00,51.0,214.0,2.1,3.5,1020.9,771.7,15.4,IDRSING3
1579,26.7,0.0,0.0,2017-07-06 11:20:00,50.0,258.0,2.9,3.5,1020.9,771.21,15.4,IDRSING3
1580,27.2,0.0,0.0,2017-07-06 11:25:00,46.0,295.0,1.8,3.5,1020.5,778.67,14.6,IDRSING3
1581,27.2,0.0,0.0,2017-07-06 11:30:00,46.0,253.0,4.0,5.5,1020.9,782.95,14.6,IDRSING3
1582,27.6,0.0,0.0,2017-07-06 11:35:00,46.0,321.0,14.3,16.6,1020.5,765.58,15.0,IDRSING3
1583,27.8,0.0,0.0,2017-07-06 11:40:00,49.0,96.0,0.3,1.8,1020.9,764.72,16.1,IDRSING3
1584,28.5,0.0,0.0,2017-07-06 11:46:00,47.0,97.0,2.6,3.5,1020.5,773.04,16.1,IDRSING3
1585,27.8,0.0,0.0,2017-07-06 11:51:00,47.0,114.0,0.0,0.0,1020.5,750.9,15.5,IDRSING3
1586,28.7,0.0,0.0,2017-07-06 11:56:00,45.0,219.0,0.0,0.0,1020.9,743.92,15.6,IDRSING3
1587,29.1,0.0,0.0,2017-07-06 12:01:00,44.0,103.0,2.6,3.5,1020.5,732.67,15.6,IDRSING3
1588,29.6,0.0,0.0,2017-07-06 12:06:00,43.0,311.0,6.4,9.3,1020.5,721.41,15.7,IDRSING3
1589,29.0,0.0,0.0,2017-07-06 12:11:00,44.0,118.0,0.3,1.8,1020.5,736.95,15.6,IDRSING3
1590,29.3,0.0,0.0,2017-07-06 12:16:00,45.0,131.0,3.5,7.2,1020.5,749.55,16.2,IDRSING3
1591,29.2,0.0,0.0,2017-07-06 12:22:00,44.0,125.0,0.6,1.8,1020.5,737.44,15.7,IDRSING3
1592,29.4,0.0,0.0,2017-07-06 12:27:00,44.0,120.0,1.8,3.5,1020.5,735.73,15.9,IDRSING3
1593,29.2,0.0,0.0,2017-07-06 12:32:00,44.0,124.0,4.7,7.2,1020.2,739.16,15.7,IDRSING3
1594,28.8,0.0,0.0,2017-07-06 12:38:00,44.0,126.0,4.0,5.5,1020.2,699.64,15.4,IDRSING3
1595,29.1,0.0,0.0,2017-07-06 12:43:00,43.0,120.0,2.1,3.5,1020.2,694.87,15.3,IDRSING3
1596,29.6,0.0,0.0,2017-07-06 12:48:00,43.0,142.0,1.1,1.8,1020.2,707.96,15.7,IDRSING3
1597,29.8,0.0,0.0,2017-07-06 12:54:00,42.0,123.0,2.1,3.5,1020.2,720.92,15.6,IDRSING3
1598,30.0,0.0,0.0,2017-07-06 12:59:00,41.0,129.0,1.8,1.8,1019.9,711.38,15.4,IDRSING3
1599,29.9,0.0,0.0,2017-07-06 13:04:00,41.0,134.0,1.8,1.8,1019.9,723.13,15.3,IDRSING3
1600,30.3,0.0,0.0,2017-07-06 13:10:00,43.0,117.0,0.0,0.0,1020.2,707.96,16.4,IDRSING3
1601,30.2,0.0,0.0,2017-07-06 13:15:00,39.0,125.0,1.1,1.8,1019.9,690.58,14.8,IDRSING3
1602,30.4,0.0,0.0,2017-07-06 13:20:00,39.0,116.0,1.8,3.5,1019.9,666.73,14.9,IDRSING3
1603,30.4,0.0,0.0,2017-07-06 13:25:00,40.0,122.0,0.0,0.0,1019.9,646.79,15.3,IDRSING3
1604,30.2,0.0,0.0,2017-07-06 13:30:00,39.0,120.0,3.5,5.5,1019.9,647.16,14.8,IDRSING3
1605,30.1,0.0,0.0,2017-07-06 13:35:00,38.0,118.0,0.3,1.8,1019.9,663.67,14.3,IDRSING3
1606,30.3,0.0,0.0,2017-07-06 13:40:00,39.0,186.0,1.4,1.8,1019.9,654.62,14.9,IDRSING3
1607,30.6,0.0,0.0,2017-07-06 13:46:00,38.0,331.0,4.3,5.5,1019.5,649.36,14.7,IDRSING3
1608,31.1,0.0,0.0,2017-07-06 13:51:00,39.0,144.0,0.0,0.0,1019.5,646.79,15.6,IDRSING3
1609,31.8,0.0,0.0,2017-07-06 13:56:00,37.0,328.0,0.6,1.8,1019.5,602.01,15.4,IDRSING3
1610,31.2,0.0,0.0,2017-07-06 14:02:00,39.0,301.0,1.8,3.5,1019.5,622.45,15.7,IDRSING3
1611,31.2,0.0,0.0,2017-07-06 14:07:00,39.0,30.0,1.1,3.5,1019.9,605.07,15.7,IDRSING3
1612,31.5,0.0,0.0,2017-07-06 14:12:00,38.0,187.0,0.3,1.8,1019.9,599.94,15.5,IDRSING3
1613,31.1,0.0,0.0,2017-07-06 14:17:00,39.0,122.0,1.1,3.5,1019.5,605.56,15.6,IDRSING3
1614,30.2,0.0,0.0,2017-07-06 14:23:00,40.0,119.0,0.0,0.0,1019.9,429.03,15.1,IDRSING3
1615,31.3,0.0,0.0,2017-07-06 14:28:00,37.0,119.0,0.6,1.8,1019.5,545.25,14.9,IDRSING3
1616,30.5,0.0,0.0,2017-07-06 14:33:00,39.0,131.0,5.0,5.5,1019.9,542.19,15.0,IDRSING3
1617,29.2,0.0,0.0,2017-07-06 14:38:00,40.0,134.0,2.1,3.5,1019.5,521.4,14.2,IDRSING3
1618,29.6,0.0,0.0,2017-07-06 14:43:00,40.0,141.0,1.4,1.8,1019.5,483.23,14.6,IDRSING3
1619,30.9,0.0,0.0,2017-07-06 14:48:00,39.0,269.0,1.8,3.5,1019.2,503.16,15.4,IDRSING3
1620,31.4,0.0,0.0,2017-07-06 14:54:00,38.0,233.0,1.8,1.8,1019.5,204.66,15.4,IDRSING3
1621,30.0,0.0,0.0,2017-07-06 14:59:00,41.0,160.0,0.3,1.8,1019.5,214.21,15.4,IDRSING3
1622,29.8,0.0,0.0,2017-07-06 15:04:00,41.0,176.0,0.0,0.0,1019.2,285.78,15.2,IDRSING3
1623,29.9,0.0,0.0,2017-07-06 15:05:00,40.0,131.0,0.0,0.0,1019.2,271.1,14.9,IDRSING3
1624,29.7,0.0,0.0,2017-07-06 15:10:00,40.0,132.0,4.0,7.2,1018.8,467.2,14.7,IDRSING3
1625,30.9,0.0,0.0,2017-07-06 15:15:00,39.0,124.0,0.3,1.8,1018.8,437.23,15.4,IDRSING3
1626,31.3,0.0,0.0,2017-07-06 15:20:00,39.0,146.0,0.3,1.8,1019.2,402.12,15.7,IDRSING3
1627,31.5,0.0,0.0,2017-07-06 15:25:00,38.0,146.0,0.3,1.8,1018.8,416.8,15.5,IDRSING3
1628,31.3,0.0,0.0,2017-07-06 15:31:00,38.0,92.0,1.1,1.8,1018.8,368.72,15.3,IDRSING3
1629,31.0,0.0,0.0,2017-07-06 15:36:00,40.0,106.0,1.1,1.8,1018.8,280.15,15.9,IDRSING3
1630,30.1,0.0,0.0,2017-07-06 15:41:00,41.0,166.0,1.8,3.5,1019.2,324.44,15.4,IDRSING3
1631,30.2,0.0,0.0,2017-07-06 15:46:00,40.0,126.0,0.0,0.0,1018.8,328.35,15.1,IDRSING3
1632,30.8,0.0,0.0,2017-07-06 15:51:00,41.0,92.0,0.0,0.0,1018.8,314.4,16.1,IDRSING3
1633,31.1,0.0,0.0,2017-07-06 15:56:00,38.0,126.0,2.1,5.5,1018.8,294.46,15.2,IDRSING3
1634,30.8,0.0,0.0,2017-07-06 16:01:00,39.0,121.0,0.3,1.8,1018.8,257.64,15.3,IDRSING3
1635,29.8,0.0,0.0,2017-07-06 16:06:00,43.0,331.0,0.0,0.0,1018.8,209.44,15.9,IDRSING3
1636,29.7,0.0,0.0,2017-07-06 16:11:00,41.0,123.0,0.3,1.8,1018.8,241.98,15.1,IDRSING3
1637,30.4,0.0,0.0,2017-07-06 16:16:00,40.0,139.0,0.0,0.0,1018.8,257.15,15.3,IDRSING3
1638,30.6,0.0,0.0,2017-07-06 16:22:00,40.0,108.0,0.0,0.0,1018.8,248.1,15.5,IDRSING3
1639,30.4,0.0,0.0,2017-07-06 16:27:00,40.0,106.0,0.0,0.0,1018.8,202.95,15.3,IDRSING3
1640,30.2,0.0,0.0,2017-07-06 16:32:00,42.0,95.0,0.0,0.0,1019.2,131.88,15.9,IDRSING3
1641,29.6,0.0,0.0,2017-07-06 16:38:00,41.0,95.0,0.6,1.8,1018.8,171.76,15.0,IDRSING3
1642,29.7,0.0,0.0,2017-07-06 16:43:00,41.0,154.0,0.3,1.8,1018.8,158.3,15.1,IDRSING3
1643,29.7,0.0,0.0,2017-07-06 16:48:00,43.0,137.0,0.0,0.0,1018.8,119.64,15.8,IDRSING3
1644,29.0,0.0,0.0,2017-07-06 16:53:00,42.0,145.0,1.4,1.8,1018.8,83.19,14.8,IDRSING3
1645,28.0,0.0,0.0,2017-07-06 16:59:00,44.0,101.0,0.0,0.0,1018.8,91.51,14.7,IDRSING3
1646,28.2,0.0,0.0,2017-07-06 17:04:00,44.0,101.0,0.0,0.0,1018.8,110.59,14.8,IDRSING3
1647,28.7,0.0,0.0,2017-07-06 17:09:00,44.0,101.0,1.8,1.8,1018.8,102.27,15.3,IDRSING3
1648,28.3,0.0,0.0,2017-07-06 17:14:00,45.0,101.0,0.0,0.0,1018.8,81.1,15.3,IDRSING3
1649,27.8,0.0,0.0,2017-07-06 17:19:00,47.0,101.0,0.0,0.0,1018.8,67.65,15.5,IDRSING3
1650,27.3,0.0,0.0,2017-07-06 17:24:00,48.0,101.0,0.0,0.0,1018.8,83.19,15.4,IDRSING3
1651,27.9,0.0,0.0,2017-07-06 17:29:00,47.0,101.0,0.0,0.0,1018.8,76.34,15.6,IDRSING3
1652,28.3,0.0,0.0,2017-07-06 17:34:00,46.0,101.0,0.3,1.8,1018.8,69.36,15.6,IDRSING3
1653,28.5,0.0,0.0,2017-07-06 17:39:00,46.0,101.0,0.0,0.0,1018.8,51.5,15.8,IDRSING3
1654,27.9,0.0,0.0,2017-07-06 17:44:00,48.0,101.0,0.0,0.0,1019.2,46.73,15.9,IDRSING3
1655,27.0,0.0,0.0,2017-07-06 17:50:00,50.0,101.0,0.0,0.0,1018.8,41.96,15.7,IDRSING3
1656,26.4,0.0,0.0,2017-07-06 17:55:00,52.0,101.0,0.0,0.0,1018.8,37.68,15.8,IDRSING3
1657,26.0,0.0,0.0,2017-07-06 18:00:00,55.0,101.0,0.0,0.0,1019.2,36.33,16.3,IDRSING3
1658,26.2,0.0,0.0,2017-07-06 18:05:00,54.0,101.0,0.0,0.0,1019.2,32.05,16.2,IDRSING3
1659,26.4,0.0,0.0,2017-07-06 18:10:00,53.0,101.0,0.0,0.0,1018.8,28.14,16.1,IDRSING3
1660,26.4,0.0,0.0,2017-07-06 18:15:00,52.0,101.0,0.0,0.0,1019.2,23.85,15.8,IDRSING3
1661,26.2,0.0,0.0,2017-07-06 18:20:00,55.0,101.0,0.0,0.0,1019.2,20.8,16.5,IDRSING3
1662,26.1,0.0,0.0,2017-07-06 18:26:00,55.0,101.0,0.0,0.0,1018.8,16.88,16.4,IDRSING3
1663,25.5,0.0,0.0,2017-07-06 18:31:00,55.0,101.0,0.0,0.0,1019.2,12.97,15.8,IDRSING3
1664,25.0,0.0,0.0,2017-07-06 18:36:00,58.0,101.0,0.0,0.0,1019.2,9.91,16.2,IDRSING3
1665,23.9,0.0,0.0,2017-07-06 18:41:00,60.0,101.0,0.0,0.0,1019.2,7.34,15.7,IDRSING3
1666,23.3,0.0,0.0,2017-07-06 18:46:00,62.0,101.0,0.0,0.0,1019.2,4.77,15.6,IDRSING3
1667,22.7,0.0,0.0,2017-07-06 18:51:00,64.0,101.0,0.0,0.0,1019.2,2.57,15.6,IDRSING3
1668,22.1,0.0,0.0,2017-07-06 18:56:00,66.0,101.0,0.0,0.0,1019.5,0.85,15.5,IDRSING3
1669,21.7,0.0,0.0,2017-07-06 19:02:00,66.0,101.0,0.0,0.0,1019.9,0.0,15.1,IDRSING3
1670,21.4,0.0,0.0,2017-07-06 19:07:00,66.0,101.0,0.0,0.0,1019.5,0.0,14.8,IDRSING3
1671,21.2,0.0,0.0,2017-07-06 19:12:00,66.0,101.0,0.0,0.0,1019.5,0.0,14.6,IDRSING3
1672,21.1,0.0,0.0,2017-07-06 19:17:00,67.0,101.0,0.0,0.0,1019.9,0.0,14.7,IDRSING3
1673,20.8,0.0,0.0,2017-07-06 19:22:00,68.0,101.0,0.0,0.0,1019.9,0.0,14.7,IDRSING3
1674,20.7,0.0,0.0,2017-07-06 19:27:00,68.0,101.0,0.0,0.0,1019.9,0.0,14.6,IDRSING3
1675,20.5,0.0,0.0,2017-07-06 19:32:00,71.0,101.0,0.0,0.0,1019.5,0.0,15.1,IDRSING3
1676,20.3,0.0,0.0,2017-07-06 19:38:00,73.0,101.0,0.0,0.0,1019.5,0.0,15.3,IDRSING3
1677,20.0,0.0,0.0,2017-07-06 19:43:00,74.0,101.0,0.0,0.0,1019.9,0.0,15.3,IDRSING3
1678,19.6,0.0,0.0,2017-07-06 19:48:00,76.0,101.0,0.0,0.0,1019.9,0.0,15.3,IDRSING3
1679,19.2,0.0,0.0,2017-07-06 19:53:00,77.0,101.0,0.0,0.0,1019.5,0.0,15.1,IDRSING3
1680,18.9,0.0,0.0,2017-07-06 19:58:00,79.0,101.0,0.0,0.0,1019.9,0.0,15.2,IDRSING3
1681,18.8,0.0,0.0,2017-07-06 20:03:00,76.0,101.0,0.0,0.0,1019.9,0.0,14.5,IDRSING3
1682,18.6,0.0,0.0,2017-07-06 20:08:00,79.0,101.0,0.0,0.0,1019.9,0.0,14.9,IDRSING3
1683,18.6,0.0,0.0,2017-07-06 20:14:00,77.0,101.0,0.0,0.0,1020.2,0.0,14.5,IDRSING3
1684,18.6,0.0,0.0,2017-07-06 20:19:00,76.0,101.0,0.0,0.0,1019.9,0.0,14.3,IDRSING3
1685,18.7,0.0,0.0,2017-07-06 20:24:00,75.0,101.0,0.0,0.0,1019.9,0.0,14.2,IDRSING3
1686,19.0,0.0,0.0,2017-07-06 20:30:00,73.0,101.0,0.0,0.0,1020.2,0.0,14.1,IDRSING3
1687,18.3,0.0,0.0,2017-07-06 20:35:00,76.0,101.0,0.0,0.0,1019.9,0.0,14.0,IDRSING3
1688,18.0,0.0,0.0,2017-07-06 20:40:00,77.0,101.0,0.0,0.0,1019.9,0.0,13.9,IDRSING3
1689,18.1,0.0,0.0,2017-07-06 20:45:00,77.0,101.0,0.0,0.0,1019.9,0.0,14.0,IDRSING3
1690,18.8,0.0,0.0,2017-07-06 20:50:00,76.0,101.0,0.0,0.0,1019.9,0.0,14.5,IDRSING3
1691,18.7,0.0,0.0,2017-07-06 20:55:00,77.0,101.0,0.0,0.0,1019.9,0.0,14.6,IDRSING3
1692,18.6,0.0,0.0,2017-07-06 21:00:00,77.0,101.0,0.0,0.0,1019.9,0.0,14.5,IDRSING3
1693,18.4,0.0,0.0,2017-07-06 21:06:00,79.0,101.0,0.0,0.0,1019.9,0.0,14.7,IDRSING3
1694,18.0,0.0,0.0,2017-07-06 21:11:00,81.0,101.0,0.0,0.0,1019.9,0.0,14.7,IDRSING3
1695,17.7,0.0,0.0,2017-07-06 21:16:00,81.0,101.0,0.0,0.0,1019.9,0.0,14.4,IDRSING3
1696,17.1,0.0,0.0,2017-07-06 21:21:00,84.0,101.0,0.0,0.0,1020.2,0.0,14.4,IDRSING3
1697,16.9,0.0,0.0,2017-07-06 21:26:00,84.0,101.0,0.0,0.0,1019.9,0.0,14.2,IDRSING3
1698,16.7,0.0,0.0,2017-07-06 21:31:00,83.0,101.0,0.0,0.0,1019.9,0.0,13.8,IDRSING3
1699,16.5,0.0,0.0,2017-07-06 21:36:00,83.0,101.0,0.0,0.0,1020.2,0.0,13.6,IDRSING3
1700,16.2,0.0,0.0,2017-07-06 21:41:00,87.0,101.0,0.0,0.0,1020.2,0.0,14.1,IDRSING3
1701,16.4,0.0,0.0,2017-07-06 21:46:00,85.0,101.0,0.0,0.0,1019.9,0.0,13.9,IDRSING3
1702,16.4,0.0,0.0,2017-07-06 21:51:00,89.0,101.0,0.0,0.0,1019.9,0.0,14.6,IDRSING3
1703,16.7,0.0,0.0,2017-07-06 21:56:00,89.0,101.0,0.0,0.0,1020.2,0.0,14.9,IDRSING3
1704,17.0,0.0,0.0,2017-07-06 22:02:00,90.0,101.0,0.0,0.0,1020.2,0.0,15.3,IDRSING3
1705,16.3,0.0,0.0,2017-07-06 22:07:00,89.0,101.0,0.0,0.0,1019.9,0.0,14.5,IDRSING3
1706,15.9,0.0,0.0,2017-07-06 22:12:00,91.0,101.0,0.0,0.0,1020.2,0.0,14.5,IDRSING3
1707,15.7,0.0,0.0,2017-07-06 22:17:00,94.0,101.0,0.0,0.0,1019.9,0.0,14.7,IDRSING3
1708,15.6,0.0,0.0,2017-07-06 22:22:00,99.0,101.0,0.0,0.0,1019.9,0.0,15.4,IDRSING3
1709,15.5,0.0,0.0,2017-07-06 22:27:00,99.0,101.0,0.0,0.0,1019.9,0.0,15.3,IDRSING3
1710,15.3,0.0,0.0,2017-07-06 22:32:00,99.0,101.0,0.0,0.0,1019.9,0.0,15.1,IDRSING3
1711,15.3,0.0,0.0,2017-07-06 22:37:00,99.0,101.0,0.0,0.0,1019.9,0.0,15.1,IDRSING3
1712,15.3,0.0,0.0,2017-07-06 22:42:00,99.0,101.0,0.0,0.0,1019.9,0.0,15.1,IDRSING3
1713,15.2,0.0,0.0,2017-07-06 22:47:00,99.0,101.0,0.0,0.0,1019.9,0.0,15.0,IDRSING3
1714,15.1,0.0,0.0,2017-07-06 22:52:00,96.0,101.0,0.0,0.0,1019.9,0.0,14.5,IDRSING3
1715,14.9,0.0,0.0,2017-07-06 22:58:00,98.0,101.0,0.0,0.0,1019.9,0.0,14.6,IDRSING3
1716,14.9,0.0,0.0,2017-07-06 23:03:00,94.0,101.0,0.0,0.0,1019.9,0.0,13.9,IDRSING3
1717,14.9,0.0,0.0,2017-07-06 23:08:00,96.0,101.0,0.0,0.0,1019.5,0.0,14.3,IDRSING3
1718,14.8,0.0,0.0,2017-07-06 23:13:00,99.0,101.0,0.0,0.0,1019.5,0.0,14.6,IDRSING3
1719,14.9,0.0,0.0,2017-07-06 23:19:00,99.0,101.0,0.0,0.0,1019.9,0.0,14.7,IDRSING3
1720,15.2,0.0,0.0,2017-07-06 23:24:00,99.0,101.0,0.0,0.0,1019.9,0.0,15.0,IDRSING3
1721,15.1,0.0,0.0,2017-07-06 23:29:00,96.0,101.0,0.0,0.0,1019.9,0.0,14.5,IDRSING3
1722,15.0,0.0,0.0,2017-07-06 23:34:00,99.0,101.0,0.0,0.0,1019.9,0.0,14.8,IDRSING3
1723,15.1,0.0,0.0,2017-07-06 23:39:00,99.0,101.0,0.0,0.0,1019.9,0.0,14.9,IDRSING3
1724,15.4,0.0,0.0,2017-07-06 23:44:00,97.0,101.0,0.0,0.0,1019.9,0.0,15.0,IDRSING3
1725,15.5,0.0,0.0,2017-07-06 23:49:00,98.0,101.0,0.0,0.0,1019.9,0.0,15.2,IDRSING3
1726,14.8,0.0,0.0,2017-07-06 23:54:00,99.0,101.0,0.0,0.0,1019.5,0.0,14.6,IDRSING3
1727,14.7,0.0,0.0,2017-07-06 23:59:00,99.0,101.0,0.0,0.0,1019.9,0.0,14.5,IDRSING3
1728,14.7,0.0,0.0,2017-07-07 00:04:00,99.0,101.0,0.0,0.0,1019.9,0.0,14.5,IDRSING3
1729,14.4,0.0,0.0,2017-07-07 00:09:00,99.0,101.0,0.0,0.0,1019.5,0.0,14.2,IDRSING3
1730,14.5,0.0,0.0,2017-07-07 00:14:00,99.0,101.0,0.0,0.0,1019.9,0.0,14.3,IDRSING3
1731,14.6,0.0,0.0,2017-07-07 00:20:00,99.0,101.0,0.0,0.0,1019.9,0.0,14.4,IDRSING3
1732,14.5,0.0,0.0,2017-07-07 00:25:00,99.0,101.0,0.0,0.0,1019.9,0.0,14.3,IDRSING3
1733,14.5,0.0,0.0,2017-07-07 00:30:00,99.0,101.0,0.0,0.0,1019.5,0.0,14.3,IDRSING3
1734,14.5,0.0,0.0,2017-07-07 00:35:00,99.0,101.0,0.0,0.0,1019.5,0.0,14.3,IDRSING3
1735,14.7,0.0,0.0,2017-07-07 00:40:00,99.0,101.0,0.0,0.0,1019.5,0.0,14.5,IDRSING3
1736,14.9,0.0,0.0,2017-07-07 00:46:00,99.0,101.0,0.0,0.0,1019.5,0.0,14.7,IDRSING3
1737,15.4,0.0,0.0,2017-07-07 00:51:00,99.0,101.0,0.0,0.0,1019.2,0.0,15.2,IDRSING3
1738,15.2,0.0,0.0,2017-07-07 00:56:00,99.0,101.0,0.0,0.0,1019.2,0.0,15.0,IDRSING3
1739,14.6,0.0,0.0,2017-07-07 01:01:00,99.0,101.0,0.0,0.0,1019.5,0.0,14.4,IDRSING3
1740,14.3,0.0,0.0,2017-07-07 01:06:00,99.0,101.0,0.0,0.0,1019.2,0.0,14.1,IDRSING3
1741,14.2,0.0,0.0,2017-07-07 01:11:00,99.0,101.0,0.0,0.0,1019.2,0.0,14.0,IDRSING3
1742,14.1,0.0,0.0,2017-07-07 01:16:00,99.0,101.0,0.0,0.0,1018.8,0.0,13.9,IDRSING3
1743,13.8,0.0,0.0,2017-07-07 01:21:00,99.0,101.0,0.0,0.0,1019.2,0.0,13.6,IDRSING3
1744,13.5,0.0,0.0,2017-07-07 01:26:00,99.0,101.0,0.0,0.0,1019.2,0.0,13.3,IDRSING3
1745,13.3,0.0,0.0,2017-07-07 01:31:00,99.0,101.0,0.0,0.0,1019.2,0.0,13.1,IDRSING3
1746,13.4,0.0,0.0,2017-07-07 01:36:00,99.0,101.0,0.0,0.0,1019.2,0.0,13.2,IDRSING3
1747,13.6,0.0,0.0,2017-07-07 01:42:00,99.0,101.0,0.0,0.0,1019.2,0.0,13.4,IDRSING3
1748,13.6,0.0,0.0,2017-07-07 01:43:00,99.0,101.0,0.0,0.0,1019.2,0.0,13.4,IDRSING3
1749,13.3,0.0,0.0,2017-07-07 01:48:00,99.0,101.0,0.0,0.0,1018.8,0.0,13.1,IDRSING3
1750,12.9,0.0,0.0,2017-07-07 01:54:00,99.0,101.0,0.0,0.0,1019.2,0.0,12.7,IDRSING3
1751,12.7,0.0,0.0,2017-07-07 01:59:00,99.0,101.0,0.0,0.0,1019.2,0.0,12.5,IDRSING3
1752,12.6,0.0,0.0,2017-07-07 02:09:00,99.0,101.0,0.0,0.0,1019.2,0.0,12.4,IDRSING3
1753,12.6,0.0,0.0,2017-07-07 02:14:00,99.0,101.0,0.0,0.0,1019.2,0.0,12.4,IDRSING3
1754,12.8,0.0,0.0,2017-07-07 02:20:00,99.0,101.0,0.0,0.0,1019.2,0.0,12.6,IDRSING3
1755,13.4,0.0,0.0,2017-07-07 02:25:00,99.0,101.0,0.0,0.0,1018.8,0.0,13.2,IDRSING3
1756,13.3,0.0,0.0,2017-07-07 02:30:00,99.0,101.0,0.0,0.0,1018.8,0.0,13.1,IDRSING3
1757,13.3,0.0,0.0,2017-07-07 02:35:00,99.0,101.0,0.0,0.0,1018.8,0.0,13.1,IDRSING3
1758,13.2,0.0,0.0,2017-07-07 02:40:00,99.0,101.0,0.0,0.0,1018.8,0.0,13.0,IDRSING3
1759,13.2,0.0,0.0,2017-07-07 02:45:00,99.0,101.0,0.0,0.0,1018.8,0.0,13.0,IDRSING3
1760,13.0,0.0,0.0,2017-07-07 02:50:00,99.0,101.0,0.0,0.0,1018.8,0.0,12.8,IDRSING3
1761,12.7,0.0,0.0,2017-07-07 02:55:00,99.0,101.0,0.0,0.0,1018.5,1.22,12.5,IDRSING3
1762,12.5,0.0,0.0,2017-07-07 03:00:00,99.0,101.0,0.0,0.0,1018.5,1.22,12.3,IDRSING3
1763,12.5,0.0,0.0,2017-07-07 03:05:00,99.0,101.0,0.0,0.0,1018.8,2.94,12.3,IDRSING3
1764,12.6,0.0,0.0,2017-07-07 03:10:00,99.0,101.0,0.0,0.0,1018.8,5.14,12.4,IDRSING3
1765,12.7,0.0,0.0,2017-07-07 03:15:00,10.0,101.0,0.0,0.0,1018.5,5.63,-18.2,IDRSING3
1766,12.8,0.0,0.0,2017-07-07 03:20:00,10.0,101.0,0.0,0.0,1018.5,7.7,-18.1,IDRSING3
1767,13.2,0.0,0.0,2017-07-07 03:26:00,10.0,101.0,0.0,0.0,1018.5,10.77,-17.8,IDRSING3
1768,13.3,0.0,0.0,2017-07-07 03:31:00,99.0,101.0,0.0,0.0,1018.8,11.62,13.1,IDRSING3
1769,13.0,0.0,0.0,2017-07-07 03:36:00,99.0,101.0,0.0,0.0,1018.5,13.33,12.8,IDRSING3
1770,13.1,0.0,0.0,2017-07-07 03:41:00,99.0,101.0,0.0,0.0,1018.5,18.6,12.9,IDRSING3
1771,13.2,0.0,0.0,2017-07-07 03:46:00,99.0,101.0,0.0,0.0,1018.5,20.8,13.0,IDRSING3
1772,13.5,0.0,0.0,2017-07-07 03:51:00,99.0,101.0,0.0,0.0,1018.8,22.51,13.3,IDRSING3
1773,14.0,0.0,0.0,2017-07-07 03:56:00,10.0,101.0,0.0,0.0,1018.5,25.94,-17.1,IDRSING3
1774,15.3,0.0,0.0,2017-07-07 04:02:00,99.0,101.0,0.0,0.0,1018.5,28.14,15.1,IDRSING3
1775,16.7,0.0,0.0,2017-07-07 04:07:00,99.0,101.0,0.3,1.8,1018.2,28.99,16.5,IDRSING3
1776,17.7,0.0,0.0,2017-07-07 04:12:00,99.0,101.0,1.1,1.8,1018.5,36.33,17.5,IDRSING3
1777,18.2,0.0,0.0,2017-07-07 04:17:00,99.0,101.0,1.4,1.8,1018.2,44.16,18.0,IDRSING3
1778,18.5,0.0,0.0,2017-07-07 04:23:00,96.0,112.0,0.6,1.8,1018.2,50.65,17.9,IDRSING3
1779,18.7,0.0,0.0,2017-07-07 04:28:00,93.0,119.0,0.0,0.0,1018.5,40.24,17.5,IDRSING3
1780,18.8,0.0,0.0,2017-07-07 04:33:00,91.0,117.0,0.0,0.0,1018.2,39.02,17.3,IDRSING3
1781,18.8,0.0,0.0,2017-07-07 04:38:00,92.0,112.0,0.0,0.0,1018.2,37.68,17.5,IDRSING3
1782,18.6,0.0,0.0,2017-07-07 04:43:00,93.0,112.0,0.6,1.8,1018.2,46.73,17.4,IDRSING3
1783,18.7,0.0,0.0,2017-07-07 04:48:00,90.0,112.0,0.0,0.0,1018.2,117.44,17.0,IDRSING3
1784,19.3,0.0,0.0,2017-07-07 04:53:00,88.0,112.0,0.0,0.0,1018.2,147.41,17.2,IDRSING3
1785,20.0,0.0,0.0,2017-07-07 04:58:00,81.0,112.0,1.1,3.5,1018.2,206.87,16.6,IDRSING3
1786,20.7,0.0,0.0,2017-07-07 05:03:00,78.0,114.0,2.1,3.5,1018.5,143.5,16.7,IDRSING3
1787,21.0,0.0,0.0,2017-07-07 05:08:00,76.0,114.0,0.0,0.0,1018.2,100.56,16.6,IDRSING3
1788,21.1,0.0,0.0,2017-07-07 05:10:00,76.0,114.0,0.0,0.0,1018.2,82.82,16.7,IDRSING3
1789,20.7,0.0,0.0,2017-07-07 05:15:00,79.0,114.0,0.0,0.0,1018.5,133.95,17.0,IDRSING3
1790,20.7,0.0,0.0,2017-07-07 05:20:00,78.0,114.0,1.1,1.8,1018.2,150.96,16.7,IDRSING3
1791,20.9,0.0,0.0,2017-07-07 05:26:00,76.0,113.0,0.3,1.8,1018.5,124.41,16.5,IDRSING3
1792,20.9,0.0,0.0,2017-07-07 05:31:00,77.0,104.0,0.0,0.0,1018.2,146.19,16.7,IDRSING3
1793,20.9,0.0,0.0,2017-07-07 05:36:00,75.0,113.0,2.6,3.5,1018.2,126.12,16.3,IDRSING3
1794,21.0,0.0,0.0,2017-07-07 05:42:00,73.0,116.0,3.5,5.5,1018.2,147.9,16.0,IDRSING3
1795,21.9,0.0,0.0,2017-07-07 05:47:00,70.0,98.0,0.3,1.8,1018.2,282.35,16.2,IDRSING3
1796,22.8,0.0,0.0,2017-07-07 05:52:00,68.0,101.0,0.0,0.0,1018.2,183.87,16.6,IDRSING3
1797,22.7,0.0,0.0,2017-07-07 05:58:00,66.0,122.0,1.1,3.5,1018.2,214.21,16.0,IDRSING3
1798,22.7,0.0,0.0,2017-07-07 06:03:00,62.0,127.0,0.3,1.8,1018.8,365.66,15.0,IDRSING3
1799,23.0,0.0,0.0,2017-07-07 06:05:00,62.0,299.0,2.9,3.5,1018.8,385.6,15.3,IDRSING3
1800,22.7,0.0,0.0,2017-07-07 06:10:00,66.0,302.0,0.3,1.8,1019.2,146.56,16.0,IDRSING3
1801,22.2,0.0,0.0,2017-07-07 06:15:00,66.0,329.0,0.0,0.0,1018.8,137.51,15.6,IDRSING3
1802,22.0,0.0,0.0,2017-07-07 06:20:00,66.0,324.0,4.0,5.5,1019.5,156.95,15.4,IDRSING3
1803,21.9,0.0,0.0,2017-07-07 06:26:00,68.0,349.0,7.2,9.3,1019.2,198.67,15.7,IDRSING3
1804,21.7,0.0,0.0,2017-07-07 06:31:00,69.0,329.0,7.2,9.3,1019.5,198.18,15.8,IDRSING3
1805,21.8,0.0,0.0,2017-07-07 06:36:00,70.0,310.0,0.3,1.8,1019.2,188.64,16.1,IDRSING3
1806,21.6,0.0,0.0,2017-07-07 06:42:00,70.0,350.0,4.0,7.2,1019.2,248.46,15.9,IDRSING3
1807,21.9,0.0,0.0,2017-07-07 06:47:00,69.0,132.0,0.3,1.8,1018.8,625.99,16.0,IDRSING3
1808,23.5,0.0,0.0,2017-07-07 06:52:00,64.0,160.0,0.6,1.8,1019.2,450.69,16.3,IDRSING3
1809,23.9,0.0,0.0,2017-07-07 06:58:00,63.0,127.0,1.4,1.8,1018.8,272.81,16.4,IDRSING3
1810,23.5,0.0,0.0,2017-07-07 07:02:00,64.0,161.0,0.0,0.0,1018.8,212.98,16.3,IDRSING3
1811,23.1,0.0,0.0,2017-07-07 07:07:00,63.0,137.0,0.6,1.8,1019.2,197.81,15.7,IDRSING3
1812,22.9,0.0,0.0,2017-07-07 07:12:00,62.0,156.0,2.1,3.5,1018.8,198.18,15.2,IDRSING3
1813,22.8,0.0,0.0,2017-07-07 07:18:00,63.0,96.0,0.3,1.8,1019.2,155.24,15.4,IDRSING3
1814,22.7,0.0,0.0,2017-07-07 07:23:00,63.0,121.0,0.3,1.8,1019.2,101.05,15.3,IDRSING3
1815,22.6,0.0,0.0,2017-07-07 07:28:00,62.0,120.0,1.8,1.8,1019.2,139.22,15.0,IDRSING3
1816,22.4,0.0,0.0,2017-07-07 07:33:00,63.0,141.0,0.0,0.0,1018.8,138.73,15.0,IDRSING3
1817,22.7,0.0,0.0,2017-07-07 07:38:00,60.0,114.0,4.7,7.2,1018.8,176.04,14.6,IDRSING3
1818,22.7,0.0,0.0,2017-07-07 07:43:00,64.0,123.0,0.0,0.0,1018.8,172.12,15.6,IDRSING3
1819,22.9,0.0,0.0,2017-07-07 07:48:00,59.0,123.0,1.1,1.8,1018.8,149.12,14.5,IDRSING3
1820,22.9,0.0,0.0,2017-07-07 07:54:00,62.0,118.0,0.0,0.0,1019.2,143.13,15.2,IDRSING3
1821,22.8,0.0,0.0,2017-07-07 07:59:00,60.0,341.0,4.7,5.5,1019.9,213.84,14.7,IDRSING3
1822,22.8,0.0,0.0,2017-07-07 08:05:00,62.0,338.0,0.0,0.0,1019.5,243.69,15.1,IDRSING3
1823,23.0,0.0,0.0,2017-07-07 08:10:00,60.0,327.0,5.5,7.2,1020.2,284.55,14.9,IDRSING3
1824,22.9,0.0,0.0,2017-07-07 08:15:00,59.0,325.0,5.8,7.2,1020.2,208.22,14.5,IDRSING3
1825,22.7,0.0,0.0,2017-07-07 08:20:00,60.0,359.0,0.3,1.8,1020.5,110.96,14.6,IDRSING3
1826,22.4,0.0,0.0,2017-07-07 08:26:00,60.0,331.0,1.4,1.8,1020.2,132.73,14.3,IDRSING3
1827,22.4,0.0,0.0,2017-07-07 08:31:00,59.0,359.0,5.8,9.3,1020.5,180.81,14.0,IDRSING3
1828,22.6,0.0,0.0,2017-07-07 08:36:00,59.0,342.0,5.8,7.2,1020.9,120.99,14.2,IDRSING3
1829,22.5,0.0,0.0,2017-07-07 08:41:00,59.0,335.0,6.9,7.2,1020.9,136.16,14.1,IDRSING3
1830,22.3,0.0,0.0,2017-07-07 08:47:00,62.0,339.0,5.5,7.2,1020.9,205.52,14.7,IDRSING3
1831,22.4,0.0,0.0,2017-07-07 08:52:00,64.0,139.0,0.0,0.0,1019.9,107.9,15.3,IDRSING3
1832,22.0,0.0,0.0,2017-07-07 08:57:00,65.0,129.0,2.9,3.5,1019.9,111.82,15.1,IDRSING3
1833,21.0,0.0,0.0,2017-07-07 09:02:00,79.0,126.0,9.3,13.0,1017.8,200.75,17.3,IDRSING3
1834,19.9,1.3,0.3,2017-07-07 09:07:00,84.0,337.0,3.5,3.5,1019.5,233.78,17.1,IDRSING3
1835,20.1,1.3,0.3,2017-07-07 09:12:00,85.0,323.0,1.4,3.5,1019.5,310.61,17.5,IDRSING3
1836,20.6,0.0,0.3,2017-07-07 09:17:00,84.0,124.0,1.1,1.8,1019.5,331.4,17.8,IDRSING3
1837,20.9,0.0,0.3,2017-07-07 09:23:00,80.0,124.0,7.6,9.3,1018.8,446.77,17.3,IDRSING3
1838,21.3,0.0,0.3,2017-07-07 09:28:00,82.0,117.0,1.8,3.5,1018.8,333.98,18.1,IDRSING3
1839,22.4,0.0,0.3,2017-07-07 09:33:00,74.0,105.0,1.1,3.5,1018.5,389.03,17.6,IDRSING3
1840,22.7,0.0,0.3,2017-07-07 09:38:00,70.0,129.0,7.2,11.1,1018.5,293.61,17.0,IDRSING3
1841,22.3,0.0,0.3,2017-07-07 09:43:00,70.0,110.0,3.5,3.5,1018.8,332.63,16.6,IDRSING3
1842,22.8,0.0,0.3,2017-07-07 09:48:00,69.0,122.0,0.6,1.8,1018.8,713.58,16.8,IDRSING3
1843,23.8,0.0,0.3,2017-07-07 09:53:00,66.0,115.0,0.6,1.8,1018.5,919.23,17.1,IDRSING3
1844,24.4,0.0,0.3,2017-07-07 09:58:00,64.0,121.0,0.0,0.0,1018.5,412.52,17.2,IDRSING3
1845,24.8,0.0,0.3,2017-07-07 10:03:00,61.0,110.0,0.6,1.8,1018.8,412.03,16.8,IDRSING3
1846,24.0,0.0,0.3,2017-07-07 10:09:00,61.0,119.0,0.0,0.0,1018.8,390.37,16.0,IDRSING3
1847,24.3,0.0,0.3,2017-07-07 10:14:00,60.0,129.0,5.5,7.2,1019.2,457.17,16.1,IDRSING3
1848,24.0,0.0,0.3,2017-07-07 10:19:00,60.0,118.0,0.0,0.0,1018.8,247.24,15.8,IDRSING3
1849,24.4,0.0,0.3,2017-07-07 10:25:00,60.0,194.0,0.0,0.0,1018.8,216.9,16.2,IDRSING3
1850,24.6,0.0,0.3,2017-07-07 10:30:00,60.0,109.0,0.3,1.8,1018.2,366.03,16.4,IDRSING3
1851,25.2,0.0,0.3,2017-07-07 10:35:00,57.0,125.0,3.2,5.5,1018.2,445.42,16.1,IDRSING3
1852,26.5,0.0,0.3,2017-07-07 10:41:00,54.0,137.0,0.3,1.8,1018.2,397.35,16.5,IDRSING3
1853,26.3,0.0,0.3,2017-07-07 10:46:00,53.0,197.0,10.8,14.8,1018.5,525.31,16.0,IDRSING3
1854,26.7,0.0,0.3,2017-07-07 10:51:00,53.0,153.0,4.0,5.5,1018.2,521.4,16.4,IDRSING3
1855,26.9,0.0,0.3,2017-07-07 10:56:00,54.0,165.0,1.4,1.8,1018.2,313.18,16.8,IDRSING3
1856,26.1,0.0,0.3,2017-07-07 11:01:00,54.0,171.0,4.7,9.3,1018.2,987.25,16.1,IDRSING3
1857,27.6,0.0,0.3,2017-07-07 11:06:00,50.0,185.0,1.4,1.8,1018.2,683.24,16.3,IDRSING3
1858,28.2,0.0,0.3,2017-07-07 11:11:00,49.0,150.0,1.4,1.8,1018.2,894.03,16.5,IDRSING3
1859,27.9,0.0,0.3,2017-07-07 11:17:00,51.0,204.0,6.9,9.3,1017.8,595.16,16.9,IDRSING3
1860,27.1,0.0,0.3,2017-07-07 11:22:00,51.0,209.0,9.7,11.1,1018.2,509.28,16.1,IDRSING3
1861,27.0,0.0,0.3,2017-07-07 11:27:00,52.0,166.0,5.0,7.2,1017.8,384.74,16.3,IDRSING3
1862,27.1,0.0,0.3,2017-07-07 11:33:00,53.0,160.0,4.3,7.2,1017.8,560.42,16.7,IDRSING3
1863,28.4,0.0,0.3,2017-07-07 11:38:00,49.0,123.0,1.4,1.8,1017.8,990.8,16.7,IDRSING3
1864,28.9,0.0,0.3,2017-07-07 11:43:00,49.0,220.0,15.8,20.1,1017.8,881.43,17.2,IDRSING3
1865,28.9,0.0,0.3,2017-07-07 11:49:00,48.0,187.0,0.6,1.8,1018.2,375.57,16.8,IDRSING3
1866,27.4,0.0,0.3,2017-07-07 11:54:00,53.0,170.0,2.1,3.5,1017.8,261.55,17.0,IDRSING3
1867,26.5,0.0,0.3,2017-07-07 11:59:00,53.0,160.0,0.3,1.8,1017.8,215.56,16.2,IDRSING3
1868,26.3,0.0,0.3,2017-07-07 12:04:00,54.0,184.0,0.6,1.8,1017.8,296.17,16.3,IDRSING3
1869,27.4,0.0,0.3,2017-07-07 12:10:00,50.0,156.0,1.4,1.8,1017.8,859.29,16.1,IDRSING3
1870,28.4,0.0,0.3,2017-07-07 12:15:00,48.0,158.0,6.1,9.3,1018.2,804.73,16.4,IDRSING3
1871,28.2,0.0,0.3,2017-07-07 12:21:00,50.0,153.0,0.3,1.8,1017.8,818.55,16.8,IDRSING3
1872,28.4,0.0,0.3,2017-07-07 12:26:00,50.0,139.0,0.3,1.8,1017.8,406.89,17.0,IDRSING3
1873,28.0,0.0,0.3,2017-07-07 12:31:00,51.0,213.0,4.0,7.2,1017.5,790.29,17.0,IDRSING3
1874,28.5,0.0,0.3,2017-07-07 12:36:00,49.0,117.0,0.6,1.8,1017.8,770.84,16.8,IDRSING3
1875,28.9,0.0,0.3,2017-07-07 12:41:00,49.0,166.0,2.1,3.5,1017.5,694.01,17.2,IDRSING3
1876,28.4,0.0,0.3,2017-07-07 12:46:00,49.0,173.0,1.1,1.8,1017.8,719.58,16.7,IDRSING3
1877,28.5,0.0,0.3,2017-07-07 12:51:00,50.0,206.0,2.1,3.5,1017.8,673.7,17.1,IDRSING3
1878,28.2,0.0,0.3,2017-07-07 12:56:00,49.0,156.0,3.2,5.5,1017.8,690.58,16.5,IDRSING3
1879,28.7,0.0,0.3,2017-07-07 13:01:00,49.0,118.0,1.1,1.8,1017.5,657.19,17.0,IDRSING3
1880,28.8,0.0,0.3,2017-07-07 13:07:00,48.0,205.0,6.1,14.8,1017.5,541.82,16.7,IDRSING3
1881,28.4,0.0,0.3,2017-07-07 13:12:00,49.0,236.0,0.3,1.8,1017.5,625.5,16.7,IDRSING3
1882,28.8,0.0,0.3,2017-07-07 13:17:00,50.0,218.0,4.7,9.3,1017.5,760.44,17.4,IDRSING3
1883,29.2,0.0,0.3,2017-07-07 13:22:00,49.0,182.0,10.1,14.8,1017.2,637.62,17.4,IDRSING3
1884,29.3,0.0,0.3,2017-07-07 13:27:00,47.0,218.0,5.5,9.3,1017.2,628.56,16.8,IDRSING3
1885,28.5,0.0,0.3,2017-07-07 13:32:00,50.0,208.0,11.1,14.8,1017.2,537.42,17.1,IDRSING3
1886,28.4,0.0,0.3,2017-07-07 13:33:00,50.0,210.0,10.5,11.1,1017.2,404.2,17.0,IDRSING3
1887,28.6,0.0,0.3,2017-07-07 13:38:00,47.0,212.0,15.8,18.3,1016.8,405.54,16.2,IDRSING3
1888,28.1,0.0,0.3,2017-07-07 13:43:00,50.0,214.0,8.7,11.1,1016.8,399.06,16.7,IDRSING3
1889,28.3,0.0,0.3,2017-07-07 13:48:00,49.0,224.0,11.6,13.0,1016.5,567.4,16.6,IDRSING3
1890,29.1,0.0,0.3,2017-07-07 13:53:00,48.0,195.0,6.9,13.0,1016.5,588.68,17.0,IDRSING3
1891,29.6,0.0,0.3,2017-07-07 13:59:00,47.0,158.0,3.5,7.2,1016.5,653.28,17.1,IDRSING3
1892,30.1,0.0,0.3,2017-07-07 14:04:00,47.0,209.0,4.7,5.5,1016.1,387.81,17.6,IDRSING3
1893,28.8,0.0,0.3,2017-07-07 14:09:00,49.0,224.0,9.7,14.8,1015.8,387.32,17.1,IDRSING3
1894,29.3,0.0,0.3,2017-07-07 14:14:00,46.0,235.0,16.6,20.1,1016.1,582.93,16.5,IDRSING3
1895,29.7,0.0,0.3,2017-07-07 14:19:00,46.0,173.0,4.3,7.2,1015.8,476.74,16.9,IDRSING3
1896,29.5,0.0,0.3,2017-07-07 14:24:00,48.0,225.0,4.0,5.5,1015.8,259.84,17.4,IDRSING3
1897,29.4,0.0,0.3,2017-07-07 14:29:00,48.0,231.0,8.7,9.3,1015.8,303.15,17.3,IDRSING3
1898,29.2,0.0,0.3,2017-07-07 14:34:00,47.0,256.0,6.4,9.3,1015.5,384.25,16.7,IDRSING3
1899,29.5,0.0,0.3,2017-07-07 14:39:00,47.0,235.0,6.1,7.2,1015.5,498.4,17.0,IDRSING3
1900,30.3,0.0,0.3,2017-07-07 14:44:00,45.0,260.0,15.1,16.6,1015.5,471.11,17.1,IDRSING3
1901,30.4,0.0,0.3,2017-07-07 14:49:00,44.0,280.0,14.3,16.6,1015.1,497.54,16.8,IDRSING3
1902,30.7,0.0,0.3,2017-07-07 14:54:00,44.0,272.0,11.1,14.8,1015.1,497.05,17.1,IDRSING3
1903,31.1,0.0,0.3,2017-07-07 14:59:00,43.0,222.0,9.0,11.1,1015.1,472.83,17.1,IDRSING3
1904,31.0,0.0,0.3,2017-07-07 15:04:00,43.0,251.0,13.0,16.6,1015.1,463.65,17.0,IDRSING3
1905,31.0,0.0,0.3,2017-07-07 15:09:00,43.0,217.0,12.2,14.8,1015.1,458.88,17.0,IDRSING3
1906,31.0,0.0,0.3,2017-07-07 15:15:00,43.0,227.0,14.8,18.3,1015.1,424.26,17.0,IDRSING3
1907,30.9,0.0,0.3,2017-07-07 15:20:00,45.0,213.0,3.2,5.5,1014.8,385.6,17.6,IDRSING3
1908,31.3,0.0,0.3,2017-07-07 15:25:00,42.0,206.0,14.8,18.3,1014.4,376.91,16.9,IDRSING3
1909,31.0,0.0,0.3,2017-07-07 15:30:00,42.0,258.0,9.7,13.0,1014.8,345.72,16.6,IDRSING3
1910,31.1,0.0,0.3,2017-07-07 15:35:00,40.0,230.0,11.6,14.8,1014.8,330.06,15.9,IDRSING3
1911,31.2,0.0,0.3,2017-07-07 15:40:00,42.0,145.0,10.5,13.0,1014.8,328.35,16.8,IDRSING3
1912,31.3,0.0,0.3,2017-07-07 15:45:00,42.0,247.0,9.0,11.1,1014.8,312.69,16.9,IDRSING3
1913,31.3,0.0,0.3,2017-07-07 15:50:00,44.0,180.0,2.1,3.5,1014.8,282.35,17.6,IDRSING3
1914,31.6,0.0,0.3,2017-07-07 15:55:00,44.0,169.0,2.6,3.5,1014.8,248.1,17.9,IDRSING3
1915,30.6,0.0,0.3,2017-07-07 16:01:00,47.0,116.0,0.0,0.0,1014.4,140.07,18.0,IDRSING3
1916,30.3,0.0,0.3,2017-07-07 16:02:00,48.0,116.0,1.1,1.8,1014.4,270.24,18.1,IDRSING3
1917,30.4,0.0,0.3,2017-07-07 16:07:00,48.0,116.0,1.1,1.8,1014.4,237.7,18.2,IDRSING3
1918,30.7,0.0,0.3,2017-07-07 16:13:00,47.0,133.0,0.0,0.0,1014.8,244.18,18.1,IDRSING3
1919,30.6,0.0,0.3,2017-07-07 16:18:00,48.0,153.0,1.4,1.8,1014.4,161.73,18.4,IDRSING3
1920,30.3,0.0,0.3,2017-07-07 16:23:00,47.0,167.0,4.7,7.2,1014.4,236.35,17.7,IDRSING3
1921,30.5,0.0,0.3,2017-07-07 16:28:00,47.0,158.0,1.1,1.8,1014.4,204.3,17.9,IDRSING3
1922,30.2,0.0,0.3,2017-07-07 16:33:00,48.0,172.0,2.1,3.5,1014.1,212.49,18.0,IDRSING3
1923,30.0,0.0,0.3,2017-07-07 16:38:00,48.0,171.0,0.0,0.0,1014.1,139.58,17.8,IDRSING3
1924,29.5,0.0,0.3,2017-07-07 16:43:00,49.0,110.0,0.0,0.0,1014.4,166.5,17.7,IDRSING3
1925,29.6,0.0,0.3,2017-07-07 16:48:00,49.0,104.0,0.0,0.0,1014.1,156.59,17.8,IDRSING3
1926,30.0,0.0,0.3,2017-07-07 16:53:00,48.0,177.0,0.0,0.0,1014.1,119.64,17.8,IDRSING3
1927,29.7,0.0,0.3,2017-07-07 16:58:00,49.0,133.0,1.1,1.8,1014.1,149.61,17.9,IDRSING3
1928,29.6,0.0,0.3,2017-07-07 17:03:00,49.0,163.0,0.0,0.0,1013.8,130.53,17.8,IDRSING3
1929,29.7,0.0,0.3,2017-07-07 17:08:00,49.0,175.0,1.4,3.5,1014.1,130.04,17.9,IDRSING3
1930,29.9,0.0,0.3,2017-07-07 17:13:00,49.0,122.0,0.0,0.0,1014.1,134.81,18.1,IDRSING3
1931,29.9,0.0,0.3,2017-07-07 17:19:00,49.0,153.0,0.3,1.8,1014.1,116.58,18.1,IDRSING3
1932,30.1,0.0,0.3,2017-07-07 17:24:00,49.0,191.0,2.9,3.5,1014.1,105.82,18.3,IDRSING3
1933,30.3,0.0,0.3,2017-07-07 17:29:00,48.0,146.0,4.0,5.5,1014.4,104.96,18.1,IDRSING3
1934,30.2,0.0,0.3,2017-07-07 17:34:00,48.0,191.0,1.4,3.5,1014.1,82.82,18.0,IDRSING3
1935,29.7,0.0,0.3,2017-07-07 17:39:00,50.0,186.0,2.6,3.5,1014.4,76.34,18.2,IDRSING3
1936,29.6,0.0,0.3,2017-07-07 17:44:00,50.0,213.0,4.3,5.5,1014.4,66.31,18.1,IDRSING3
1937,29.0,0.0,0.3,2017-07-07 17:49:00,50.0,201.0,4.0,5.5,1014.4,59.33,17.6,IDRSING3
1938,29.4,0.0,0.3,2017-07-07 17:54:00,41.0,229.0,6.9,7.2,1014.4,49.42,14.8,IDRSING3
1939,29.7,0.0,0.3,2017-07-07 17:59:00,41.0,229.0,11.1,14.8,1014.1,45.87,15.1,IDRSING3
1940,29.6,0.0,0.3,2017-07-07 18:04:00,41.0,237.0,7.9,11.1,1014.1,41.1,15.0,IDRSING3
1941,29.3,0.0,0.3,2017-07-07 18:09:00,42.0,239.0,9.7,11.1,1014.1,40.24,15.1,IDRSING3
1942,29.1,0.0,0.3,2017-07-07 18:14:00,42.0,237.0,7.2,9.3,1014.1,35.48,14.9,IDRSING3
1943,28.8,0.0,0.3,2017-07-07 18:19:00,43.0,232.0,10.5,13.0,1014.1,27.28,15.0,IDRSING3
1944,28.5,0.0,0.3,2017-07-07 18:25:00,43.0,217.0,9.3,11.1,1013.8,19.45,14.7,IDRSING3
1945,28.1,0.0,0.3,2017-07-07 18:30:00,45.0,222.0,5.5,5.5,1014.1,14.68,15.1,IDRSING3
1946,27.8,0.0,0.3,2017-07-07 18:35:00,46.0,222.0,6.1,7.2,1014.1,9.91,15.2,IDRSING3
1947,27.5,0.0,0.3,2017-07-07 18:41:00,47.0,233.0,4.0,5.5,1014.1,4.77,15.2,IDRSING3
1948,27.4,0.0,0.3,2017-07-07 18:46:00,47.0,230.0,6.9,9.3,1014.1,0.85,15.1,IDRSING3
1949,27.6,0.0,0.3,2017-07-07 18:51:00,45.0,241.0,7.9,11.1,1014.4,0.36,14.6,IDRSING3
1950,27.9,0.0,0.3,2017-07-07 18:56:00,45.0,229.0,5.8,7.2,1014.1,0.0,14.9,IDRSING3
1951,27.7,0.0,0.3,2017-07-07 19:01:00,46.0,218.0,7.2,9.3,1014.1,0.0,15.1,IDRSING3
1952,27.4,0.0,0.3,2017-07-07 19:06:00,47.0,235.0,5.5,7.2,1014.1,0.0,15.1,IDRSING3
1953,27.0,0.0,0.3,2017-07-07 19:11:00,48.0,235.0,5.8,7.2,1014.4,0.0,15.1,IDRSING3
1954,26.9,0.0,0.3,2017-07-07 19:17:00,48.0,244.0,7.9,9.3,1014.4,0.0,15.0,IDRSING3
1955,27.1,0.0,0.3,2017-07-07 19:22:00,48.0,340.0,10.8,13.0,1015.1,0.0,15.2,IDRSING3
1956,27.6,0.0,0.3,2017-07-07 19:27:00,48.0,300.0,8.2,11.1,1015.5,0.0,15.6,IDRSING3
1957,27.3,0.0,0.3,2017-07-07 19:33:00,53.0,313.0,6.1,7.2,1015.5,0.0,16.9,IDRSING3
1958,26.1,0.0,0.3,2017-07-07 19:43:00,60.0,347.0,5.5,7.2,1015.5,0.0,17.8,IDRSING3
1959,25.7,0.0,0.3,2017-07-07 19:48:00,61.0,344.0,9.3,11.1,1015.8,0.0,17.6,IDRSING3
1960,25.4,0.0,0.3,2017-07-07 19:53:00,62.0,350.0,6.1,9.3,1015.5,0.0,17.6,IDRSING3
1961,25.0,0.0,0.3,2017-07-07 19:58:00,64.0,16.0,0.6,1.8,1015.8,0.0,17.8,IDRSING3
1962,24.8,0.0,0.3,2017-07-07 20:03:00,65.0,70.0,3.5,5.5,1015.8,0.0,17.8,IDRSING3
1963,24.6,0.0,0.3,2017-07-07 20:08:00,66.0,343.0,0.0,0.0,1015.8,0.0,17.8,IDRSING3
1964,24.2,0.0,0.3,2017-07-07 20:13:00,67.0,290.0,2.9,3.5,1015.8,0.0,17.7,IDRSING3
1965,24.0,0.0,0.3,2017-07-07 20:19:00,68.0,345.0,2.6,3.5,1015.8,0.0,17.7,IDRSING3
1966,23.9,0.0,0.3,2017-07-07 20:24:00,69.0,351.0,2.1,3.5,1015.8,0.0,17.9,IDRSING3
1967,23.8,0.0,0.3,2017-07-07 20:29:00,70.0,353.0,1.8,1.8,1015.8,0.0,18.0,IDRSING3
1968,23.7,0.0,0.3,2017-07-07 20:34:00,71.0,353.0,1.4,1.8,1015.8,0.0,18.2,IDRSING3
1969,23.4,0.0,0.3,2017-07-07 20:39:00,72.0,354.0,2.1,3.5,1015.8,0.0,18.1,IDRSING3
1970,23.1,0.0,0.3,2017-07-07 20:44:00,73.0,354.0,0.0,0.0,1015.8,0.0,18.0,IDRSING3
1971,22.8,0.0,0.3,2017-07-07 20:49:00,74.0,354.0,1.8,1.8,1015.5,0.0,18.0,IDRSING3
1972,22.9,0.0,0.3,2017-07-07 20:55:00,74.0,354.0,0.0,0.0,1015.8,0.0,18.0,IDRSING3
1973,22.8,0.0,0.3,2017-07-07 21:00:00,74.0,354.0,4.3,7.2,1015.8,0.0,18.0,IDRSING3
1974,22.7,0.0,0.3,2017-07-07 21:05:00,74.0,324.0,6.1,7.2,1016.1,0.0,17.9,IDRSING3
1975,22.3,0.0,0.3,2017-07-07 21:10:00,76.0,348.0,4.0,5.5,1016.1,0.0,17.9,IDRSING3
1976,22.1,0.0,0.3,2017-07-07 21:15:00,76.0,339.0,3.5,3.5,1016.1,0.0,17.7,IDRSING3
1977,21.8,0.0,0.3,2017-07-07 21:20:00,77.0,323.0,1.8,1.8,1016.1,0.0,17.6,IDRSING3
1978,21.5,0.0,0.3,2017-07-07 21:25:00,78.0,346.0,4.0,5.5,1016.5,0.0,17.5,IDRSING3
1979,21.4,0.0,0.3,2017-07-07 21:30:00,79.0,300.0,4.3,5.5,1016.5,0.0,17.6,IDRSING3
1980,20.9,0.0,0.3,2017-07-07 21:35:00,79.0,334.0,9.7,13.0,1016.5,0.0,17.2,IDRSING3
1981,21.2,0.0,0.3,2017-07-07 21:40:00,78.0,330.0,7.6,11.1,1016.5,0.0,17.2,IDRSING3
1982,21.0,0.0,0.3,2017-07-07 21:45:00,78.0,327.0,5.0,7.2,1016.5,0.0,17.0,IDRSING3
1983,20.8,0.0,0.3,2017-07-07 21:51:00,80.0,344.0,2.9,5.5,1016.5,0.0,17.2,IDRSING3
1984,20.8,0.0,0.3,2017-07-07 21:56:00,80.0,345.0,9.0,11.1,1016.5,0.0,17.2,IDRSING3
1985,20.8,0.0,0.0,2017-07-07 22:01:00,80.0,323.0,9.0,11.1,1016.8,0.0,17.2,IDRSING3
1986,20.6,0.0,0.0,2017-07-07 22:06:00,82.0,351.0,5.8,7.2,1017.2,0.0,17.4,IDRSING3
1987,20.7,0.0,0.0,2017-07-07 22:11:00,82.0,349.0,4.7,5.5,1016.8,0.0,17.5,IDRSING3
1988,20.7,0.0,0.0,2017-07-07 22:16:00,82.0,349.0,0.0,0.0,1016.8,0.0,17.5,IDRSING3
1989,20.6,0.0,0.0,2017-07-07 22:21:00,83.0,349.0,0.0,0.0,1016.8,0.0,17.6,IDRSING3
1990,20.4,0.0,0.0,2017-07-07 22:27:00,82.0,350.0,0.3,1.8,1016.5,0.0,17.2,IDRSING3
1991,20.4,0.0,0.0,2017-07-07 22:32:00,79.0,350.0,0.0,0.0,1016.8,0.0,16.7,IDRSING3
1992,20.6,0.0,0.0,2017-07-07 22:37:00,78.0,13.0,1.1,3.5,1016.5,0.0,16.7,IDRSING3
1993,20.7,0.0,0.0,2017-07-07 22:42:00,78.0,14.0,0.0,0.0,1016.5,0.0,16.7,IDRSING3
1994,20.7,0.0,0.0,2017-07-07 22:47:00,79.0,16.0,0.0,0.0,1016.5,0.0,17.0,IDRSING3
1995,20.5,0.0,0.0,2017-07-07 22:52:00,79.0,33.0,0.0,0.0,1016.1,0.0,16.8,IDRSING3
1996,19.7,0.0,0.0,2017-07-07 22:57:00,83.0,266.0,1.1,1.8,1016.1,0.0,16.7,IDRSING3
1997,19.7,0.0,0.0,2017-07-07 23:02:00,83.0,130.0,1.8,1.8,1015.8,0.0,16.7,IDRSING3
1998,19.4,0.0,0.0,2017-07-07 23:07:00,83.0,165.0,1.8,1.8,1015.8,0.0,16.5,IDRSING3
1999,17.9,0.0,0.0,2017-07-07 23:13:00,90.0,240.0,0.0,0.0,1015.8,0.0,16.2,IDRSING3
2000,17.4,0.0,0.0,2017-07-07 23:18:00,93.0,269.0,0.3,1.8,1015.8,0.0,16.2,IDRSING3
2001,17.4,0.0,0.0,2017-07-07 23:23:00,96.0,269.0,0.0,0.0,1015.5,0.0,16.8,IDRSING3
2002,17.9,0.0,0.0,2017-07-07 23:28:00,95.0,269.0,0.3,1.8,1015.5,0.0,17.1,IDRSING3
2003,18.2,0.0,0.0,2017-07-07 23:33:00,95.0,125.0,0.3,1.8,1015.5,0.0,17.4,IDRSING3
2004,17.6,0.0,0.0,2017-07-07 23:39:00,96.0,212.0,3.5,3.5,1015.5,0.0,17.0,IDRSING3
2005,17.8,0.0,0.0,2017-07-07 23:44:00,97.0,213.0,3.2,3.5,1015.5,0.0,17.4,IDRSING3
2006,17.9,0.0,0.0,2017-07-07 23:49:00,98.0,213.0,0.0,0.0,1015.5,0.0,17.6,IDRSING3
2007,18.0,0.0,0.0,2017-07-07 23:54:00,98.0,213.0,0.0,0.0,1015.5,0.0,17.7,IDRSING3
2008,17.9,0.0,0.0,2017-07-07 23:59:00,99.0,213.0,0.0,0.0,1015.5,0.0,17.7,IDRSING3
2009,18.1,0.0,0.0,2017-07-08 00:04:00,95.0,213.0,0.3,1.8,1015.5,0.0,17.3,IDRSING3
2010,18.4,0.0,0.0,2017-07-08 00:09:00,94.0,213.0,1.8,1.8,1015.5,0.0,17.3,IDRSING3
2011,18.2,0.0,0.0,2017-07-08 00:15:00,98.0,218.0,2.1,3.5,1015.5,0.0,17.9,IDRSING3
2012,17.4,0.0,0.0,2017-07-08 00:20:00,99.0,218.0,0.3,1.8,1015.5,0.0,17.2,IDRSING3
2013,17.6,0.0,0.0,2017-07-08 00:25:00,99.0,218.0,0.0,0.0,1015.5,0.0,17.4,IDRSING3
2014,17.7,0.0,0.0,2017-07-08 00:30:00,99.0,218.0,0.0,0.0,1015.1,0.0,17.5,IDRSING3
2015,17.8,0.0,0.0,2017-07-08 00:35:00,99.0,218.0,0.0,0.0,1015.1,0.0,17.6,IDRSING3
2016,17.8,0.0,0.0,2017-07-08 00:40:00,98.0,218.0,0.0,0.0,1015.5,0.0,17.5,IDRSING3
2017,17.8,0.0,0.0,2017-07-08 00:45:00,99.0,218.0,0.0,0.0,1015.5,0.0,17.6,IDRSING3
2018,17.8,0.0,0.0,2017-07-08 00:50:00,99.0,218.0,0.0,0.0,1015.5,0.0,17.6,IDRSING3
2019,17.8,0.0,0.0,2017-07-08 00:55:00,97.0,218.0,0.0,0.0,1015.5,0.0,17.4,IDRSING3
2020,17.8,0.0,0.0,2017-07-08 01:01:00,97.0,179.0,1.1,1.8,1015.5,0.0,17.4,IDRSING3
2021,17.8,0.0,0.0,2017-07-08 01:06:00,96.0,179.0,2.6,3.5,1015.5,0.0,17.2,IDRSING3
2022,18.1,0.0,0.0,2017-07-08 01:11:00,94.0,179.0,1.8,1.8,1015.8,0.0,17.0,IDRSING3
2023,17.9,0.0,0.0,2017-07-08 01:16:00,96.0,306.0,2.9,3.5,1015.5,0.0,17.3,IDRSING3
2024,18.0,0.0,0.0,2017-07-08 01:21:00,97.0,237.0,4.0,5.5,1015.8,0.0,17.6,IDRSING3
2025,17.1,0.0,0.0,2017-07-08 01:27:00,99.0,205.0,0.3,1.8,1015.8,0.0,16.9,IDRSING3
2026,17.1,0.0,0.0,2017-07-08 01:32:00,99.0,205.0,0.0,0.0,1015.8,0.0,16.9,IDRSING3
2027,16.8,0.0,0.0,2017-07-08 01:37:00,99.0,126.0,1.4,1.8,1015.8,0.0,16.6,IDRSING3
2028,16.5,0.0,0.0,2017-07-08 01:42:00,99.0,126.0,0.0,0.0,1015.8,0.0,16.3,IDRSING3
2029,16.3,0.0,0.0,2017-07-08 01:47:00,99.0,118.0,2.1,3.5,1015.8,0.0,16.1,IDRSING3
2030,16.6,0.0,0.0,2017-07-08 01:52:00,99.0,118.0,0.3,1.8,1015.5,0.0,16.4,IDRSING3
2031,16.9,0.0,0.0,2017-07-08 01:57:00,99.0,118.0,0.3,1.8,1015.8,0.0,16.7,IDRSING3
2032,16.7,0.0,0.0,2017-07-08 02:02:00,99.0,118.0,0.3,1.8,1015.8,0.0,16.5,IDRSING3
2033,16.2,0.0,0.0,2017-07-08 02:07:00,99.0,118.0,0.0,0.0,1016.1,0.0,16.0,IDRSING3
2034,16.1,0.0,0.0,2017-07-08 02:13:00,99.0,118.0,0.0,0.0,1016.5,0.0,15.9,IDRSING3
2035,15.9,0.0,0.0,2017-07-08 02:18:00,99.0,118.0,0.3,1.8,1016.1,0.0,15.7,IDRSING3
2036,15.5,0.0,0.0,2017-07-08 02:23:00,99.0,118.0,0.0,0.0,1016.1,0.0,15.3,IDRSING3
2037,15.3,0.0,0.0,2017-07-08 02:28:00,99.0,118.0,0.3,1.8,1016.1,0.0,15.1,IDRSING3
2038,15.4,0.0,0.0,2017-07-08 02:33:00,10.0,118.0,0.0,0.0,1016.5,0.0,-16.1,IDRSING3
2039,15.4,0.0,0.0,2017-07-08 02:38:00,99.0,118.0,0.0,0.0,1016.1,0.0,15.2,IDRSING3
2040,15.1,0.0,0.0,2017-07-08 02:43:00,10.0,118.0,0.0,0.0,1016.1,0.0,-16.3,IDRSING3
2041,15.0,0.0,0.0,2017-07-08 02:48:00,10.0,118.0,0.0,0.0,1016.1,0.0,-16.4,IDRSING3
2042,14.8,0.0,0.0,2017-07-08 02:53:00,10.0,118.0,0.0,0.0,1016.5,0.0,-16.5,IDRSING3
2043,14.8,0.0,0.0,2017-07-08 02:58:00,10.0,118.0,0.0,0.0,1016.1,0.85,-16.5,IDRSING3
2044,14.6,0.0,0.0,2017-07-08 03:03:00,10.0,118.0,0.0,0.0,1015.8,1.71,-16.7,IDRSING3
2045,14.7,0.0,0.0,2017-07-08 03:08:00,11.0,118.0,1.8,1.8,1016.1,3.43,-15.5,IDRSING3
2046,15.4,0.0,0.0,2017-07-08 03:13:00,10.0,118.0,0.3,1.8,1016.1,5.14,-16.1,IDRSING3
2047,15.7,0.0,0.0,2017-07-08 03:19:00,10.0,118.0,0.3,1.8,1016.5,7.34,-15.8,IDRSING3
2048,15.8,0.0,0.0,2017-07-08 03:24:00,99.0,118.0,0.0,0.0,1016.5,10.39,15.6,IDRSING3
2049,15.5,0.0,0.0,2017-07-08 03:29:00,10.0,118.0,0.0,0.0,1016.5,14.68,-16.0,IDRSING3
2050,15.4,0.0,0.0,2017-07-08 03:34:00,10.0,118.0,0.0,0.0,1016.1,18.6,-16.1,IDRSING3
2051,15.6,0.0,0.0,2017-07-08 03:39:00,10.0,118.0,0.0,0.0,1016.5,22.87,-15.9,IDRSING3
2052,15.8,0.0,0.0,2017-07-08 03:44:00,10.0,118.0,0.0,0.0,1016.1,24.22,-15.8,IDRSING3
2053,16.2,0.0,0.0,2017-07-08 03:49:00,10.0,118.0,0.0,0.0,1016.1,24.22,-15.5,IDRSING3
2054,16.3,0.0,0.0,2017-07-08 03:54:00,99.0,118.0,0.0,0.0,1016.5,24.71,16.1,IDRSING3
2055,16.3,0.0,0.0,2017-07-08 03:59:00,99.0,118.0,0.0,0.0,1016.5,28.99,16.1,IDRSING3
2056,16.3,0.0,0.0,2017-07-08 04:04:00,10.0,118.0,0.0,0.0,1016.1,35.11,-15.4,IDRSING3
2057,16.4,0.0,0.0,2017-07-08 04:09:00,99.0,118.0,1.1,1.8,1016.5,40.73,16.2,IDRSING3
2058,16.6,0.0,0.0,2017-07-08 04:14:00,99.0,118.0,0.0,0.0,1016.5,45.51,16.4,IDRSING3
2059,17.0,0.0,0.0,2017-07-08 04:19:00,99.0,118.0,0.0,0.0,1016.5,53.7,16.8,IDRSING3
2060,17.3,0.0,0.0,2017-07-08 04:25:00,99.0,118.0,0.0,0.0,1016.5,52.85,17.1,IDRSING3
2061,17.6,0.0,0.0,2017-07-08 04:30:00,99.0,118.0,0.0,0.0,1016.5,52.48,17.4,IDRSING3
2062,17.8,0.0,0.0,2017-07-08 04:35:00,99.0,118.0,1.1,1.8,1016.5,62.02,17.6,IDRSING3
2063,18.1,0.0,0.0,2017-07-08 04:41:00,99.0,118.0,2.1,3.5,1016.5,81.1,17.9,IDRSING3
2064,18.2,0.0,0.0,2017-07-08 04:46:00,99.0,118.0,0.0,0.0,1016.5,101.9,18.0,IDRSING3
2065,18.5,0.0,0.0,2017-07-08 04:51:00,10.0,118.0,0.0,0.0,1016.5,133.1,-13.7,IDRSING3
2066,18.8,0.0,0.0,2017-07-08 04:56:00,99.0,118.0,0.0,0.0,1016.5,136.65,18.6,IDRSING3
2067,19.5,0.0,0.0,2017-07-08 05:01:00,97.0,118.0,0.3,1.8,1016.5,129.68,19.1,IDRSING3
2068,20.4,0.0,0.0,2017-07-08 05:06:00,86.0,117.0,1.4,1.8,1016.5,141.78,18.0,IDRSING3
2069,21.0,0.0,0.0,2017-07-08 05:11:00,85.0,20.0,1.1,1.8,1016.5,143.99,18.4,IDRSING3
2070,21.2,0.0,0.0,2017-07-08 05:16:00,83.0,19.0,1.8,1.8,1016.5,177.39,18.2,IDRSING3
2071,21.6,0.0,0.0,2017-07-08 05:21:00,83.0,19.0,1.4,1.8,1016.5,185.58,18.6,IDRSING3
2072,21.9,0.0,0.0,2017-07-08 05:26:00,82.0,5.0,0.0,0.0,1016.5,154.39,18.7,IDRSING3
2073,22.1,0.0,0.0,2017-07-08 05:31:00,81.0,7.0,0.3,1.8,1016.5,131.39,18.7,IDRSING3
2074,22.7,0.0,0.0,2017-07-08 05:37:00,76.0,275.0,6.9,7.2,1016.8,136.65,18.3,IDRSING3
2075,23.1,0.0,0.0,2017-07-08 05:42:00,74.0,315.0,10.1,11.1,1016.5,101.41,18.2,IDRSING3
2076,23.3,0.0,0.0,2017-07-08 05:48:00,72.0,327.0,8.2,9.3,1016.5,244.67,18.0,IDRSING3
2077,23.4,0.0,0.0,2017-07-08 05:53:00,72.0,342.0,8.7,11.1,1016.5,258.98,18.1,IDRSING3
2078,23.6,0.0,0.0,2017-07-08 05:58:00,71.0,330.0,4.0,5.5,1016.5,278.93,18.1,IDRSING3
2079,24.0,0.0,0.0,2017-07-08 06:03:00,75.0,309.0,0.3,1.8,1016.5,280.15,19.3,IDRSING3
2080,24.1,0.0,0.0,2017-07-08 06:09:00,69.0,315.0,3.5,3.5,1016.8,328.35,18.1,IDRSING3
2081,24.2,0.0,0.0,2017-07-08 06:14:00,68.0,338.0,5.8,7.2,1016.5,315.38,17.9,IDRSING3
2082,24.4,0.0,0.0,2017-07-08 06:20:00,67.0,341.0,5.8,11.1,1016.5,346.95,17.9,IDRSING3
2083,24.5,0.0,0.0,2017-07-08 06:25:00,66.0,325.0,8.2,11.1,1016.8,392.57,17.7,IDRSING3
2084,24.5,0.0,0.0,2017-07-08 06:30:00,66.0,357.0,4.0,5.5,1016.5,390.37,17.7,IDRSING3
2085,24.8,0.0,0.0,2017-07-08 06:36:00,65.0,312.0,4.3,5.5,1016.5,422.42,17.8,IDRSING3
2086,25.0,0.0,0.0,2017-07-08 06:41:00,64.0,317.0,4.7,5.5,1016.8,435.52,17.8,IDRSING3
2087,25.2,0.0,0.0,2017-07-08 06:46:00,64.0,258.0,3.5,7.2,1016.8,465.86,17.9,IDRSING3
2088,25.4,0.0,0.0,2017-07-08 06:52:00,63.0,266.0,1.1,1.8,1016.5,488.37,17.9,IDRSING3
2089,25.8,0.0,0.0,2017-07-08 06:57:00,62.0,342.0,5.0,7.2,1016.5,497.54,18.0,IDRSING3
2090,26.1,0.0,0.0,2017-07-08 07:02:00,60.0,358.0,14.3,18.3,1016.5,491.06,17.8,IDRSING3
2091,26.0,0.0,0.0,2017-07-08 07:08:00,61.0,350.0,8.7,9.3,1016.8,547.82,17.9,IDRSING3
2092,26.2,0.0,0.0,2017-07-08 07:13:00,61.0,340.0,5.0,5.5,1016.5,613.76,18.1,IDRSING3
2093,26.5,0.0,0.0,2017-07-08 07:18:00,60.0,327.0,2.9,3.5,1016.5,644.1,18.1,IDRSING3
2094,27.1,0.0,0.0,2017-07-08 07:24:00,57.0,320.0,7.2,7.2,1016.5,633.7,17.9,IDRSING3
2095,27.0,0.0,0.0,2017-07-08 07:29:00,58.0,325.0,8.7,9.3,1016.1,668.45,18.1,IDRSING3
2096,26.8,0.0,0.0,2017-07-08 07:34:00,57.0,312.0,3.5,9.3,1016.5,676.27,17.6,IDRSING3
2097,27.0,0.0,0.0,2017-07-08 07:40:00,57.0,313.0,5.8,7.2,1016.5,686.18,17.8,IDRSING3
2098,27.7,0.0,0.0,2017-07-08 07:45:00,56.0,290.0,11.6,14.8,1016.5,696.7,18.2,IDRSING3
2099,27.8,0.0,0.0,2017-07-08 07:50:00,55.0,308.0,7.6,9.3,1016.5,692.3,18.0,IDRSING3
2100,27.8,0.0,0.0,2017-07-08 07:52:00,56.0,331.0,7.2,9.3,1016.5,715.79,18.2,IDRSING3
2101,27.7,0.0,0.0,2017-07-08 07:57:00,57.0,97.0,1.8,5.5,1016.1,720.92,18.4,IDRSING3
2102,28.0,0.0,0.0,2017-07-08 08:02:00,56.0,295.0,5.5,7.2,1016.5,734.38,18.4,IDRSING3
2103,27.9,0.0,0.0,2017-07-08 08:08:00,56.0,277.0,9.0,11.1,1016.1,726.19,18.3,IDRSING3
2104,28.3,0.0,0.0,2017-07-08 08:13:00,56.0,358.0,10.5,11.1,1016.5,761.29,18.7,IDRSING3
2105,28.2,0.0,0.0,2017-07-08 08:18:00,54.0,331.0,10.8,11.1,1016.5,771.21,18.0,IDRSING3
2106,28.9,0.0,0.0,2017-07-08 08:24:00,53.0,346.0,11.6,14.8,1016.1,737.44,18.4,IDRSING3
2107,28.6,0.0,0.0,2017-07-08 08:29:00,54.0,319.0,10.5,14.8,1016.1,261.07,18.4,IDRSING3
2108,28.1,0.0,0.0,2017-07-08 08:34:00,55.0,307.0,8.7,9.3,1016.1,835.92,18.2,IDRSING3
2109,29.0,0.0,0.0,2017-07-08 08:39:00,52.0,309.0,15.4,18.3,1016.5,843.26,18.2,IDRSING3
2110,29.1,0.0,0.0,2017-07-08 08:44:00,52.0,278.0,6.1,9.3,1016.1,831.15,18.3,IDRSING3
2111,29.4,0.0,0.0,2017-07-08 08:49:00,51.0,337.0,16.9,21.9,1016.1,790.29,18.2,IDRSING3
2112,29.4,0.0,0.0,2017-07-08 08:54:00,51.0,299.0,9.7,11.1,1016.1,813.29,18.2,IDRSING3
2113,29.5,0.0,0.0,2017-07-08 09:00:00,51.0,358.0,10.8,16.6,1015.8,781.73,18.3,IDRSING3
2114,29.5,0.0,0.0,2017-07-08 09:05:00,51.0,313.0,12.6,14.8,1015.8,835.07,18.3,IDRSING3
2115,29.7,0.0,0.0,2017-07-08 09:10:00,50.0,16.0,11.1,13.0,1016.1,848.89,18.2,IDRSING3
2116,29.6,0.0,0.0,2017-07-08 09:16:00,48.0,262.0,12.2,14.8,1016.1,829.44,17.5,IDRSING3
2117,30.1,0.0,0.0,2017-07-08 09:21:00,46.0,290.0,11.6,16.6,1015.8,272.81,17.2,IDRSING3
2118,29.8,0.0,0.0,2017-07-08 09:26:00,44.0,274.0,13.0,18.3,1015.8,848.03,16.3,IDRSING3
2119,30.0,0.0,0.0,2017-07-08 09:31:00,46.0,295.0,10.5,13.0,1015.5,215.07,17.2,IDRSING3
2120,30.0,0.0,0.0,2017-07-08 09:36:00,46.0,337.0,11.6,14.8,1015.8,807.29,17.2,IDRSING3
2121,30.7,0.0,0.0,2017-07-08 09:41:00,45.0,350.0,12.2,18.3,1015.8,810.72,17.4,IDRSING3
2122,30.3,0.0,0.0,2017-07-08 09:46:00,45.0,326.0,13.4,16.6,1015.5,819.9,17.1,IDRSING3
2123,30.8,0.0,0.0,2017-07-08 09:52:00,44.0,279.0,10.8,13.0,1015.5,876.66,17.2,IDRSING3
2124,30.6,0.0,0.0,2017-07-08 09:57:00,43.0,274.0,13.4,14.8,1015.5,282.84,16.6,IDRSING3
2125,30.4,0.0,0.0,2017-07-08 10:02:00,42.0,306.0,22.4,27.7,1015.5,235.49,16.1,IDRSING3
2126,30.3,0.0,0.0,2017-07-08 10:07:00,41.0,292.0,14.8,16.6,1015.5,810.72,15.6,IDRSING3
2127,30.1,0.0,0.0,2017-07-08 10:12:00,40.0,335.0,17.2,18.3,1015.5,892.32,15.1,IDRSING3
2128,30.5,0.0,0.0,2017-07-08 10:17:00,41.0,347.0,6.1,7.2,1015.5,866.75,15.8,IDRSING3
2129,30.3,0.0,0.0,2017-07-08 10:22:00,41.0,340.0,11.9,14.8,1015.1,167.85,15.6,IDRSING3
2130,30.6,0.0,0.0,2017-07-08 10:28:00,39.0,324.0,14.8,16.6,1015.1,857.58,15.1,IDRSING3
2131,32.2,0.0,0.0,2017-07-08 10:33:00,35.0,330.0,12.2,13.0,1015.1,850.6,14.8,IDRSING3
2132,32.5,0.0,0.0,2017-07-08 10:38:00,34.0,324.0,13.0,18.3,1015.1,884.49,14.7,IDRSING3
2133,32.1,0.0,0.0,2017-07-08 10:44:00,34.0,273.0,17.2,21.9,1015.1,849.38,14.3,IDRSING3
2134,32.3,0.0,0.0,2017-07-08 10:49:00,34.0,283.0,12.2,16.6,1014.8,776.46,14.5,IDRSING3
2135,32.0,0.0,0.0,2017-07-08 10:54:00,31.0,284.0,20.6,23.8,1015.1,856.35,12.8,IDRSING3
2136,32.7,0.0,0.0,2017-07-08 10:59:00,31.0,281.0,20.1,21.9,1015.1,890.97,13.4,IDRSING3
2137,31.5,0.0,0.0,2017-07-08 11:04:00,33.0,313.0,17.7,20.1,1015.1,865.9,13.3,IDRSING3
2138,32.0,0.0,0.0,2017-07-08 11:09:00,33.0,326.0,23.8,33.1,1014.8,198.18,13.8,IDRSING3
2139,30.6,0.0,0.0,2017-07-08 11:14:00,33.0,305.0,15.4,18.3,1015.1,764.36,12.6,IDRSING3
2140,32.2,0.0,0.0,2017-07-08 11:20:00,30.0,337.0,14.8,21.9,1014.8,873.6,12.5,IDRSING3
2141,32.0,0.0,0.0,2017-07-08 11:25:00,32.0,4.0,14.8,16.6,1014.8,202.59,13.3,IDRSING3
2142,31.7,0.0,0.0,2017-07-08 11:30:00,30.0,346.0,23.0,25.6,1015.1,823.81,12.0,IDRSING3
2143,32.2,0.0,0.0,2017-07-08 11:36:00,30.0,330.0,13.0,16.6,1014.8,844.12,12.5,IDRSING3
2144,32.3,0.0,0.0,2017-07-08 11:41:00,29.0,315.0,21.2,27.7,1014.8,814.27,12.1,IDRSING3
2145,32.5,0.0,0.0,2017-07-08 11:46:00,28.0,281.0,21.2,23.8,1014.8,828.09,11.7,IDRSING3
2146,32.5,0.0,0.0,2017-07-08 11:52:00,30.0,356.0,12.2,14.8,1014.8,824.18,12.7,IDRSING3
2147,32.8,0.0,0.0,2017-07-08 11:57:00,27.0,276.0,23.8,29.4,1014.8,809.87,11.4,IDRSING3
2148,32.7,0.0,0.0,2017-07-08 12:02:00,27.0,305.0,27.7,36.7,1014.8,765.21,11.3,IDRSING3
2149,32.5,0.0,0.0,2017-07-08 12:07:00,29.0,265.0,16.3,21.9,1014.8,244.67,12.2,IDRSING3
2150,32.4,0.0,0.0,2017-07-08 12:12:00,28.0,325.0,18.3,23.8,1014.8,792.12,11.6,IDRSING3
2151,32.6,0.0,0.0,2017-07-08 12:17:00,29.0,329.0,29.9,40.4,1014.8,825.04,12.3,IDRSING3
2152,32.6,0.0,0.0,2017-07-08 12:22:00,28.0,317.0,15.4,20.1,1014.8,822.46,11.8,IDRSING3
2153,33.0,0.0,0.0,2017-07-08 12:27:00,29.0,335.0,18.0,21.9,1014.8,800.81,12.7,IDRSING3
2154,32.6,0.0,0.0,2017-07-08 12:32:00,30.0,331.0,26.2,29.4,1014.8,271.1,12.8,IDRSING3
2155,32.1,0.0,0.0,2017-07-08 12:37:00,29.0,269.0,16.9,21.9,1014.4,750.9,11.9,IDRSING3
2156,33.1,0.0,0.0,2017-07-08 12:42:00,28.0,346.0,18.0,23.8,1014.4,248.46,12.2,IDRSING3
2157,32.0,0.0,0.0,2017-07-08 12:48:00,30.0,334.0,12.6,18.3,1014.4,812.43,12.3,IDRSING3
2158,32.1,0.0,0.0,2017-07-08 12:53:00,30.0,271.0,16.6,23.8,1014.4,180.44,12.4,IDRSING3
2159,31.9,0.0,0.0,2017-07-08 12:58:00,29.0,302.0,16.3,18.3,1014.4,779.89,11.7,IDRSING3
2160,32.9,0.0,0.0,2017-07-08 13:03:00,29.0,302.0,18.7,23.8,1014.4,224.24,12.6,IDRSING3
2161,31.8,0.0,0.0,2017-07-08 13:08:00,29.0,304.0,14.0,16.6,1014.4,266.69,11.6,IDRSING3
2162,31.6,0.0,0.0,2017-07-08 13:13:00,30.0,292.0,18.3,20.1,1014.8,234.64,11.9,IDRSING3
2163,31.5,0.0,0.0,2017-07-08 13:18:00,30.0,292.0,14.0,18.3,1014.8,219.83,11.9,IDRSING3
2164,31.6,0.0,0.0,2017-07-08 13:23:00,30.0,280.0,19.8,21.9,1014.4,230.73,11.9,IDRSING3
2165,31.5,0.0,0.0,2017-07-08 13:25:00,30.0,276.0,15.4,21.9,1014.4,235.49,11.9,IDRSING3
2166,32.5,0.0,0.0,2017-07-08 13:30:00,31.0,241.0,23.8,27.7,1014.4,625.01,13.2,IDRSING3
2167,32.7,0.0,0.0,2017-07-08 13:35:00,34.0,303.0,24.5,27.7,1014.4,369.57,14.8,IDRSING3
2168,32.6,0.0,0.0,2017-07-08 13:40:00,32.0,241.0,15.4,18.3,1014.4,657.55,13.8,IDRSING3
2169,32.8,0.0,0.0,2017-07-08 13:45:00,31.0,249.0,15.4,18.3,1014.4,622.08,13.5,IDRSING3
2170,32.6,0.0,0.0,2017-07-08 13:50:00,33.0,243.0,14.8,18.3,1014.4,589.05,14.3,IDRSING3
2171,32.7,0.0,0.0,2017-07-08 13:55:00,32.0,255.0,19.8,29.4,1014.4,586.48,13.9,IDRSING3
2172,32.6,0.0,0.0,2017-07-08 14:00:00,34.0,274.0,19.5,21.9,1014.4,222.53,14.7,IDRSING3
2173,31.8,0.0,0.0,2017-07-08 14:05:00,33.0,275.0,15.4,21.9,1014.4,248.1,13.6,IDRSING3
2174,31.5,0.0,0.0,2017-07-08 14:10:00,36.0,267.0,16.3,20.1,1014.4,201.61,14.7,IDRSING3
2175,31.3,0.0,0.0,2017-07-08 14:12:00,36.0,219.0,10.5,14.8,1014.4,247.61,14.5,IDRSING3
2176,32.4,0.0,0.0,2017-07-08 14:17:00,33.0,266.0,17.2,20.1,1014.4,570.45,14.1,IDRSING3
2177,32.6,0.0,0.0,2017-07-08 14:22:00,33.0,261.0,20.1,23.8,1014.1,535.22,14.3,IDRSING3
2178,32.4,0.0,0.0,2017-07-08 14:27:00,34.0,266.0,13.4,14.8,1014.1,417.66,14.6,IDRSING3
2179,31.7,0.0,0.0,2017-07-08 14:32:00,35.0,273.0,12.6,14.8,1014.4,192.07,14.4,IDRSING3
2180,31.7,0.0,0.0,2017-07-08 14:37:00,35.0,251.0,11.9,14.8,1014.4,218.12,14.4,IDRSING3
2181,31.1,0.0,0.0,2017-07-08 14:42:00,36.0,291.0,11.9,13.0,1014.4,138.73,14.3,IDRSING3
2182,30.8,0.0,0.0,2017-07-08 14:48:00,36.0,316.0,10.1,13.0,1014.1,44.65,14.0,IDRSING3
2183,30.8,0.0,0.0,2017-07-08 14:53:00,35.0,317.0,14.3,14.8,1014.4,33.76,13.6,IDRSING3
2184,30.4,0.0,0.0,2017-07-08 14:58:00,36.0,329.0,16.3,20.1,1014.4,30.34,13.7,IDRSING3
2185,30.2,0.0,0.0,2017-07-08 15:03:00,36.0,335.0,12.2,16.6,1014.4,33.39,13.5,IDRSING3
2186,30.2,0.0,0.0,2017-07-08 15:08:00,36.0,299.0,8.7,9.3,1014.8,81.1,13.5,IDRSING3
2187,29.2,0.0,0.0,2017-07-08 15:13:00,47.0,272.0,16.3,18.3,1014.8,277.09,16.7,IDRSING3
2188,28.2,0.0,0.0,2017-07-08 15:18:00,48.0,263.0,11.6,13.0,1014.8,437.72,16.2,IDRSING3
2189,28.6,0.0,0.0,2017-07-08 15:24:00,47.0,274.0,6.9,9.3,1014.4,419.49,16.2,IDRSING3
2190,29.6,0.0,0.0,2017-07-08 15:29:00,39.0,305.0,21.9,25.6,1014.4,420.35,14.2,IDRSING3
2191,31.2,0.0,0.0,2017-07-08 15:34:00,34.0,353.0,11.1,13.0,1014.4,163.44,13.5,IDRSING3
2192,30.7,0.0,0.0,2017-07-08 15:39:00,35.0,352.0,12.6,16.6,1014.8,115.36,13.5,IDRSING3
2193,30.4,0.0,0.0,2017-07-08 15:44:00,35.0,329.0,7.9,11.1,1014.4,183.02,13.3,IDRSING3
2194,30.7,0.0,0.0,2017-07-08 15:49:00,34.0,344.0,12.2,14.8,1014.8,386.95,13.1,IDRSING3
2195,31.4,0.0,0.0,2017-07-08 15:54:00,34.0,333.0,15.1,18.3,1014.4,342.17,13.7,IDRSING3
2196,31.4,0.0,0.0,2017-07-08 15:59:00,34.0,6.0,14.0,16.6,1014.4,342.66,13.7,IDRSING3
2197,31.5,0.0,0.0,2017-07-08 16:04:00,34.0,323.0,11.1,13.0,1014.4,337.89,13.8,IDRSING3
2198,31.4,0.0,0.0,2017-07-08 16:09:00,33.0,321.0,11.1,18.3,1014.4,314.4,13.3,IDRSING3
2199,31.6,0.0,0.0,2017-07-08 16:14:00,32.0,342.0,14.8,18.3,1014.4,281.86,12.9,IDRSING3
2200,31.2,0.0,0.0,2017-07-08 16:20:00,34.0,356.0,8.2,9.3,1014.4,176.9,13.5,IDRSING3
2201,30.5,0.0,0.0,2017-07-08 16:25:00,34.0,323.0,6.4,7.2,1014.4,274.52,12.9,IDRSING3
2202,31.0,0.0,0.0,2017-07-08 16:30:00,33.0,311.0,7.6,11.1,1014.4,241.61,12.9,IDRSING3
2203,30.7,0.0,0.0,2017-07-08 16:35:00,34.0,355.0,12.2,14.8,1014.4,168.21,13.1,IDRSING3
2204,30.4,0.0,0.0,2017-07-08 16:40:00,35.0,355.0,8.2,9.3,1014.4,91.87,13.3,IDRSING3
2205,30.1,0.0,0.0,2017-07-08 16:45:00,34.0,327.0,14.0,18.3,1014.4,111.82,12.6,IDRSING3
2206,30.4,0.0,0.0,2017-07-08 16:50:00,34.0,336.0,9.3,11.1,1014.4,176.04,12.8,IDRSING3
2207,30.4,0.0,0.0,2017-07-08 16:55:00,35.0,314.0,5.5,5.5,1014.4,107.9,13.3,IDRSING3
2208,30.0,0.0,0.0,2017-07-08 17:00:00,35.0,13.0,9.7,13.0,1014.4,78.41,12.9,IDRSING3
2209,30.1,0.0,0.0,2017-07-08 17:05:00,34.0,306.0,16.9,20.1,1014.8,130.04,12.6,IDRSING3
2210,30.4,0.0,0.0,2017-07-08 17:10:00,34.0,340.0,8.2,11.1,1014.8,129.68,12.8,IDRSING3
2211,30.2,0.0,0.0,2017-07-08 17:15:00,35.0,311.0,7.6,9.3,1014.4,114.02,13.1,IDRSING3
2212,30.1,0.0,0.0,2017-07-08 17:20:00,35.0,334.0,15.4,18.3,1014.4,93.58,13.0,IDRSING3
2213,29.9,0.0,0.0,2017-07-08 17:25:00,35.0,322.0,13.0,16.6,1014.8,75.85,12.8,IDRSING3
2214,29.8,0.0,0.0,2017-07-08 17:31:00,35.0,340.0,7.9,13.0,1014.8,69.73,12.7,IDRSING3
2215,29.4,0.0,0.0,2017-07-08 17:36:00,41.0,332.0,4.7,5.5,1014.8,53.7,14.8,IDRSING3
2216,29.1,0.0,0.0,2017-07-08 17:41:00,42.0,345.0,4.0,7.2,1014.8,45.87,14.9,IDRSING3
2217,28.9,0.0,0.0,2017-07-08 17:46:00,43.0,23.0,0.3,1.8,1015.1,43.31,15.1,IDRSING3
2218,29.0,0.0,0.0,2017-07-08 17:52:00,44.0,22.0,0.6,1.8,1014.8,35.48,15.6,IDRSING3
2219,28.2,0.0,0.0,2017-07-08 17:57:00,45.0,131.0,0.0,0.0,1014.8,36.82,15.2,IDRSING3
2220,27.8,0.0,0.0,2017-07-08 18:02:00,46.0,131.0,0.0,0.0,1015.1,34.25,15.2,IDRSING3
2221,28.1,0.0,0.0,2017-07-08 18:07:00,47.0,131.0,0.0,0.0,1015.1,34.62,15.7,IDRSING3
2222,28.3,0.0,0.0,2017-07-08 18:12:00,47.0,131.0,0.0,0.0,1015.1,32.42,15.9,IDRSING3
2223,28.0,0.0,0.0,2017-07-08 18:17:00,47.0,131.0,0.0,0.0,1015.1,20.8,15.7,IDRSING3
2224,27.8,0.0,0.0,2017-07-08 18:22:00,49.0,131.0,0.0,0.0,1015.1,15.53,16.1,IDRSING3
2225,27.3,0.0,0.0,2017-07-08 18:27:00,48.0,131.0,0.0,0.0,1014.8,14.31,15.4,IDRSING3
2226,26.8,0.0,0.0,2017-07-08 18:32:00,48.0,131.0,0.6,1.8,1015.1,12.48,14.9,IDRSING3
2227,26.0,0.0,0.0,2017-07-08 18:37:00,50.0,133.0,2.9,3.5,1015.1,9.54,14.8,IDRSING3
2228,24.4,0.0,0.0,2017-07-08 18:42:00,54.0,196.0,3.5,3.5,1015.1,9.05,14.5,IDRSING3
2229,24.5,0.0,0.0,2017-07-08 18:48:00,53.0,264.0,2.9,3.5,1015.5,4.77,14.3,IDRSING3
2230,24.9,0.0,0.0,2017-07-08 18:53:00,54.0,275.0,7.9,9.3,1015.1,2.94,15.0,IDRSING3
2231,25.0,0.0,0.0,2017-07-08 18:58:00,52.0,308.0,4.0,5.5,1015.1,1.22,14.5,IDRSING3
2232,25.5,0.0,0.0,2017-07-08 19:03:00,52.0,272.0,2.1,3.5,1015.5,0.0,15.0,IDRSING3
2233,24.9,0.0,0.0,2017-07-08 19:08:00,54.0,313.0,4.7,5.5,1015.5,0.0,15.0,IDRSING3
2234,25.0,0.0,0.0,2017-07-08 19:13:00,55.0,293.0,5.5,7.2,1015.5,0.0,15.4,IDRSING3
2235,24.7,0.0,0.0,2017-07-08 19:18:00,55.0,301.0,3.5,3.5,1015.5,0.0,15.1,IDRSING3
2236,24.5,0.0,0.0,2017-07-08 19:24:00,56.0,286.0,4.0,5.5,1015.5,0.0,15.2,IDRSING3
2237,24.3,0.0,0.0,2017-07-08 19:29:00,58.0,288.0,3.5,3.5,1015.5,0.0,15.5,IDRSING3
2238,24.0,0.0,0.0,2017-07-08 19:34:00,58.0,288.0,0.0,0.0,1015.8,0.0,15.2,IDRSING3
2239,23.9,0.0,0.0,2017-07-08 19:39:00,59.0,288.0,0.0,0.0,1015.8,0.0,15.4,IDRSING3
2240,23.5,0.0,0.0,2017-07-08 19:44:00,61.0,288.0,0.0,0.0,1015.8,0.0,15.6,IDRSING3
2241,22.9,0.0,0.0,2017-07-08 19:49:00,63.0,288.0,0.0,0.0,1015.8,0.0,15.5,IDRSING3
2242,22.3,0.0,0.0,2017-07-08 19:54:00,63.0,288.0,0.0,0.0,1015.8,0.0,14.9,IDRSING3
2243,21.6,0.0,0.0,2017-07-08 20:00:00,65.0,288.0,0.0,0.0,1015.8,0.0,14.8,IDRSING3
2244,20.7,0.0,0.0,2017-07-08 20:05:00,68.0,288.0,0.0,0.0,1016.1,0.0,14.6,IDRSING3
2245,20.3,0.0,0.0,2017-07-08 20:10:00,70.0,288.0,0.0,0.0,1015.8,0.0,14.7,IDRSING3
2246,20.4,0.0,0.0,2017-07-08 20:15:00,68.0,288.0,0.0,0.0,1015.8,0.0,14.3,IDRSING3
2247,21.3,0.0,0.0,2017-07-08 20:20:00,64.0,288.0,2.1,3.5,1016.1,0.0,14.2,IDRSING3
2248,22.9,0.0,0.0,2017-07-08 20:25:00,61.0,309.0,2.1,3.5,1016.1,0.0,15.0,IDRSING3
2249,23.5,0.0,0.0,2017-07-08 20:30:00,61.0,309.0,0.0,0.0,1016.5,0.0,15.6,IDRSING3
2250,22.8,0.0,0.0,2017-07-08 20:35:00,63.0,309.0,0.0,0.0,1016.5,0.0,15.4,IDRSING3
2251,22.4,0.0,0.0,2017-07-08 20:40:00,65.0,309.0,0.0,0.0,1016.1,0.0,15.5,IDRSING3
2252,22.4,0.0,0.0,2017-07-08 20:45:00,65.0,309.0,0.3,1.8,1016.5,0.0,15.5,IDRSING3
2253,22.7,0.0,0.0,2017-07-08 20:50:00,64.0,309.0,1.1,1.8,1016.5,0.0,15.6,IDRSING3
2254,22.8,0.0,0.0,2017-07-08 20:56:00,65.0,309.0,0.0,0.0,1016.5,0.0,15.9,IDRSING3
2255,22.6,0.0,0.0,2017-07-08 21:01:00,65.0,309.0,0.0,0.0,1016.5,0.0,15.7,IDRSING3
2256,22.5,0.0,0.0,2017-07-08 21:06:00,66.0,309.0,0.0,0.0,1016.5,0.0,15.8,IDRSING3
2257,22.2,0.0,0.0,2017-07-08 21:12:00,68.0,309.0,0.0,0.0,1016.5,0.0,16.0,IDRSING3
2258,21.8,0.0,0.0,2017-07-08 21:17:00,68.0,309.0,2.1,3.5,1016.5,0.0,15.6,IDRSING3
2259,21.5,0.0,0.0,2017-07-08 21:22:00,71.0,309.0,0.0,0.0,1016.5,0.0,16.0,IDRSING3
2260,21.1,0.0,0.0,2017-07-08 21:27:00,71.0,309.0,0.0,0.0,1016.5,0.0,15.7,IDRSING3
2261,20.6,0.0,0.0,2017-07-08 21:32:00,73.0,309.0,0.0,0.0,1016.5,0.0,15.6,IDRSING3
2262,20.2,0.0,0.0,2017-07-08 21:37:00,75.0,309.0,0.3,1.8,1016.8,0.0,15.7,IDRSING3
2263,19.8,0.0,0.0,2017-07-08 21:42:00,77.0,309.0,0.0,0.0,1016.5,0.0,15.6,IDRSING3
2264,20.1,0.0,0.0,2017-07-08 21:47:00,77.0,309.0,0.0,0.0,1016.5,0.0,15.9,IDRSING3
2265,19.9,0.0,0.0,2017-07-08 21:52:00,78.0,309.0,0.0,0.0,1016.5,0.0,16.0,IDRSING3
2266,19.7,0.0,0.0,2017-07-08 21:57:00,81.0,309.0,0.0,0.0,1016.5,0.0,16.3,IDRSING3
2267,19.6,0.0,0.0,2017-07-08 22:02:00,82.0,309.0,0.0,0.0,1016.8,0.0,16.4,IDRSING3
2268,19.2,0.0,0.0,2017-07-08 22:08:00,81.0,309.0,0.3,1.8,1016.8,0.0,15.9,IDRSING3
2269,18.7,0.0,0.0,2017-07-08 22:13:00,86.0,309.0,0.0,0.0,1016.5,0.0,16.3,IDRSING3
2270,18.8,0.0,0.0,2017-07-08 22:18:00,88.0,309.0,0.0,0.0,1016.5,0.0,16.7,IDRSING3
2271,18.8,0.0,0.0,2017-07-08 22:24:00,88.0,309.0,0.0,0.0,1016.5,0.0,16.7,IDRSING3
2272,18.8,0.0,0.0,2017-07-08 22:29:00,88.0,309.0,0.0,0.0,1016.5,0.0,16.7,IDRSING3
2273,18.6,0.0,0.0,2017-07-08 22:34:00,85.0,309.0,0.0,0.0,1016.8,0.0,16.0,IDRSING3
2274,18.4,0.0,0.0,2017-07-08 22:39:00,87.0,309.0,0.0,0.0,1016.5,0.0,16.2,IDRSING3
2275,18.8,0.0,0.0,2017-07-08 22:44:00,88.0,309.0,0.0,0.0,1016.5,0.0,16.7,IDRSING3
2276,18.6,0.0,0.0,2017-07-08 22:49:00,85.0,309.0,0.0,0.0,1016.5,0.0,16.0,IDRSING3
2277,18.9,0.0,0.0,2017-07-08 22:54:00,86.0,309.0,0.0,0.0,1016.5,0.0,16.5,IDRSING3
2278,19.2,0.0,0.0,2017-07-08 22:59:00,84.0,309.0,0.0,0.0,1016.5,0.0,16.4,IDRSING3
2279,19.2,0.0,0.0,2017-07-08 23:00:00,83.0,309.0,0.0,0.0,1016.5,0.0,16.3,IDRSING3
2280,19.1,0.0,0.0,2017-07-08 23:05:00,84.0,309.0,0.0,0.0,1016.5,0.0,16.3,IDRSING3
2281,19.0,0.0,0.0,2017-07-08 23:10:00,85.0,309.0,0.0,0.0,1016.5,0.0,16.4,IDRSING3
2282,18.8,0.0,0.0,2017-07-08 23:16:00,84.0,309.0,0.0,0.0,1016.5,0.0,16.0,IDRSING3
2283,18.4,0.0,0.0,2017-07-08 23:21:00,86.0,309.0,0.0,0.0,1016.5,0.0,16.0,IDRSING3
2284,18.1,0.0,0.0,2017-07-08 23:24:00,87.0,309.0,0.0,0.0,1016.5,0.0,15.9,IDRSING3
2285,17.7,0.0,0.0,2017-07-08 23:29:00,90.0,309.0,0.0,0.0,1016.5,0.0,16.0,IDRSING3
2286,17.5,0.0,0.0,2017-07-08 23:34:00,93.0,309.0,0.0,0.0,1016.5,0.0,16.3,IDRSING3
2287,17.4,0.0,0.0,2017-07-08 23:40:00,92.0,309.0,0.0,0.0,1016.5,0.0,16.1,IDRSING3
2288,17.4,0.0,0.0,2017-07-08 23:45:00,92.0,309.0,0.0,0.0,1016.5,0.0,16.1,IDRSING3
2289,17.2,0.0,0.0,2017-07-08 23:50:00,93.0,309.0,0.0,0.0,1016.5,0.0,16.0,IDRSING3
2290,17.2,0.0,0.0,2017-07-08 23:55:00,94.0,309.0,0.0,0.0,1016.5,0.0,16.1,IDRSING3
2291,17.8,0.0,0.0,2017-07-09 00:00:00,86.0,313.0,2.6,3.5,1016.5,0.0,15.4,IDRSING3
2292,19.5,0.0,0.0,2017-07-09 00:05:00,80.0,340.0,2.1,3.5,1016.5,0.0,16.0,IDRSING3
2293,20.1,0.0,0.0,2017-07-09 00:10:00,79.0,334.0,1.1,3.5,1016.5,0.0,16.4,IDRSING3
2294,20.4,0.0,0.0,2017-07-09 00:16:00,80.0,345.0,0.6,1.8,1016.5,0.0,16.8,IDRSING3
2295,20.3,0.0,0.0,2017-07-09 00:21:00,81.0,339.0,0.0,0.0,1016.8,0.0,16.9,IDRSING3
2296,20.1,0.0,0.0,2017-07-09 00:26:00,82.0,339.0,0.0,0.0,1016.5,0.0,16.9,IDRSING3
2297,19.9,0.0,0.0,2017-07-09 00:32:00,82.0,339.0,0.0,0.0,1016.5,0.0,16.7,IDRSING3
2298,19.6,0.0,0.0,2017-07-09 00:37:00,83.0,340.0,0.0,0.0,1016.5,0.0,16.7,IDRSING3
2299,19.1,0.0,0.0,2017-07-09 00:42:00,86.0,340.0,0.0,0.0,1016.5,0.0,16.7,IDRSING3
2300,18.6,0.0,0.0,2017-07-09 00:48:00,89.0,340.0,0.0,0.0,1016.5,0.0,16.7,IDRSING3
2301,18.2,0.0,0.0,2017-07-09 00:53:00,90.0,340.0,0.0,0.0,1016.5,0.0,16.5,IDRSING3
2302,17.7,0.0,0.0,2017-07-09 00:58:00,92.0,340.0,0.0,0.0,1016.5,0.0,16.4,IDRSING3
2303,17.3,0.0,0.0,2017-07-09 01:03:00,97.0,340.0,0.0,0.0,1016.8,0.0,16.9,IDRSING3
2304,17.0,0.0,0.0,2017-07-09 01:08:00,99.0,340.0,0.0,0.0,1016.5,0.0,16.8,IDRSING3
2305,16.9,0.0,0.0,2017-07-09 01:13:00,99.0,340.0,0.0,0.0,1016.5,0.0,16.7,IDRSING3
2306,16.9,0.0,0.0,2017-07-09 01:18:00,99.0,340.0,0.0,0.0,1016.5,0.0,16.7,IDRSING3
2307,17.0,0.0,0.0,2017-07-09 01:23:00,99.0,340.0,0.0,0.0,1016.1,0.0,16.8,IDRSING3
2308,16.7,0.0,0.0,2017-07-09 01:28:00,99.0,340.0,0.0,0.0,1016.5,0.0,16.5,IDRSING3
2309,16.5,0.0,0.0,2017-07-09 01:33:00,99.0,340.0,0.0,0.0,1016.5,0.0,16.3,IDRSING3
2310,16.4,0.0,0.0,2017-07-09 01:38:00,99.0,340.0,1.1,1.8,1016.5,0.0,16.2,IDRSING3
2311,17.5,0.0,0.0,2017-07-09 01:44:00,99.0,340.0,0.0,0.0,1016.8,0.0,17.3,IDRSING3
2312,17.5,0.0,0.0,2017-07-09 01:49:00,99.0,340.0,0.0,0.0,1016.5,0.0,17.3,IDRSING3
2313,17.3,0.0,0.0,2017-07-09 01:54:00,96.0,340.0,0.3,1.8,1016.8,0.0,16.7,IDRSING3
2314,16.6,0.0,0.0,2017-07-09 02:00:00,99.0,340.0,0.0,0.0,1016.5,0.0,16.4,IDRSING3
2315,16.5,0.0,0.0,2017-07-09 02:05:00,99.0,340.0,0.0,0.0,1016.8,0.0,16.3,IDRSING3
2316,16.3,0.0,0.0,2017-07-09 02:10:00,99.0,340.0,0.0,0.0,1016.8,0.0,16.1,IDRSING3
2317,16.2,0.0,0.0,2017-07-09 02:15:00,99.0,340.0,0.0,0.0,1016.8,0.0,16.0,IDRSING3
2318,16.1,0.0,0.0,2017-07-09 02:20:00,99.0,340.0,0.0,0.0,1016.5,0.0,15.9,IDRSING3
2319,16.2,0.0,0.0,2017-07-09 02:25:00,99.0,340.0,0.0,0.0,1016.5,0.0,16.0,IDRSING3
2320,16.2,0.0,0.0,2017-07-09 02:30:00,99.0,340.0,0.3,1.8,1016.8,0.0,16.0,IDRSING3
2321,15.8,0.0,0.0,2017-07-09 02:35:00,99.0,340.0,0.0,0.0,1016.8,0.0,15.6,IDRSING3
2322,15.6,0.0,0.0,2017-07-09 02:40:00,99.0,340.0,0.0,0.0,1016.8,0.0,15.4,IDRSING3
2323,15.7,0.0,0.0,2017-07-09 02:45:00,99.0,340.0,0.0,0.0,1016.8,0.0,15.5,IDRSING3
2324,15.8,0.0,0.0,2017-07-09 02:50:00,99.0,340.0,0.0,0.0,1016.5,0.0,15.6,IDRSING3
2325,15.8,0.0,0.0,2017-07-09 02:56:00,99.0,340.0,0.0,0.0,1016.5,0.0,15.6,IDRSING3
2326,16.0,0.0,0.0,2017-07-09 03:01:00,99.0,340.0,0.0,0.0,1016.5,1.71,15.8,IDRSING3
2327,15.6,0.0,0.0,2017-07-09 03:06:00,99.0,340.0,0.0,0.0,1016.1,2.94,15.4,IDRSING3
2328,15.1,0.0,0.0,2017-07-09 03:12:00,99.0,340.0,0.0,0.0,1016.5,4.77,14.9,IDRSING3
2329,15.0,0.0,0.0,2017-07-09 03:17:00,99.0,340.0,0.0,0.0,1016.5,6.48,14.8,IDRSING3
2330,15.0,0.0,0.0,2017-07-09 03:22:00,99.0,340.0,0.0,0.0,1016.5,9.05,14.8,IDRSING3
2331,14.7,0.0,0.0,2017-07-09 03:28:00,99.0,340.0,0.0,0.0,1016.5,10.77,14.5,IDRSING3
2332,14.6,0.0,0.0,2017-07-09 03:33:00,99.0,340.0,0.0,0.0,1016.8,12.97,14.4,IDRSING3
2333,14.4,0.0,0.0,2017-07-09 03:38:00,99.0,340.0,0.0,0.0,1016.8,17.25,14.2,IDRSING3
2334,14.3,0.0,0.0,2017-07-09 03:44:00,99.0,340.0,0.0,0.0,1016.5,21.16,14.1,IDRSING3
2335,14.4,0.0,0.0,2017-07-09 03:49:00,10.0,340.0,0.0,0.0,1016.5,29.85,-16.8,IDRSING3
2336,14.7,0.0,0.0,2017-07-09 03:54:00,10.0,341.0,0.0,0.0,1016.5,35.48,-16.6,IDRSING3
2337,15.2,0.0,0.0,2017-07-09 03:59:00,10.0,340.0,0.0,0.0,1016.8,39.02,-16.2,IDRSING3
2338,15.6,0.0,0.0,2017-07-09 04:04:00,10.0,340.0,0.3,1.8,1016.5,41.59,-15.9,IDRSING3
2339,16.1,0.0,0.0,2017-07-09 04:09:00,99.0,340.0,0.0,0.0,1016.8,48.56,15.9,IDRSING3
2340,16.6,0.0,0.0,2017-07-09 04:14:00,99.0,340.0,0.0,0.0,1016.5,56.27,16.4,IDRSING3
2341,17.0,0.0,0.0,2017-07-09 04:20:00,99.0,340.0,1.4,1.8,1016.5,73.65,16.8,IDRSING3
2342,17.6,0.0,0.0,2017-07-09 04:25:00,99.0,341.0,0.0,0.0,1016.5,76.7,17.4,IDRSING3
2343,18.0,0.0,0.0,2017-07-09 04:30:00,99.0,341.0,4.0,5.5,1016.8,77.56,17.8,IDRSING3
2344,18.3,0.0,0.0,2017-07-09 04:36:00,99.0,341.0,0.0,0.0,1016.5,65.45,18.1,IDRSING3
2345,18.5,0.0,0.0,2017-07-09 04:41:00,99.0,341.0,2.9,3.5,1016.5,100.56,18.3,IDRSING3
2346,18.5,0.0,0.0,2017-07-09 04:46:00,99.0,345.0,4.0,5.5,1016.8,124.41,18.3,IDRSING3
2347,18.6,0.0,0.0,2017-07-09 04:52:00,99.0,342.0,2.9,3.5,1016.8,137.02,18.4,IDRSING3
2348,19.2,0.0,0.0,2017-07-09 04:57:00,99.0,342.0,1.1,1.8,1016.8,161.73,19.0,IDRSING3
2349,19.4,0.0,0.0,2017-07-09 05:02:00,99.0,309.0,3.2,3.5,1016.5,98.36,19.2,IDRSING3
2350,19.6,0.0,0.0,2017-07-09 05:07:00,99.0,325.0,0.3,1.8,1016.5,153.04,19.4,IDRSING3
2351,20.0,0.0,0.0,2017-07-09 05:12:00,96.0,325.0,0.0,0.0,1016.8,179.1,19.4,IDRSING3
2352,20.5,0.0,0.0,2017-07-09 05:17:00,92.0,325.0,0.0,0.0,1016.5,111.44,19.2,IDRSING3
2353,20.7,0.0,0.0,2017-07-09 05:22:00,88.0,105.0,1.8,3.5,1016.8,226.81,18.6,IDRSING3
2354,21.2,0.0,0.0,2017-07-09 05:28:00,84.0,105.0,1.1,1.8,1016.5,197.32,18.4,IDRSING3
2355,21.8,0.0,0.0,2017-07-09 05:33:00,81.0,104.0,0.0,0.0,1016.5,245.9,18.4,IDRSING3
2356,21.9,0.0,0.0,2017-07-09 05:38:00,82.0,8.0,0.0,0.0,1016.8,247.61,18.7,IDRSING3
2357,22.6,0.0,0.0,2017-07-09 05:44:00,77.0,7.0,2.9,3.5,1016.8,294.46,18.4,IDRSING3
2358,22.7,0.0,0.0,2017-07-09 05:49:00,78.0,59.0,0.0,0.0,1016.8,279.78,18.7,IDRSING3
2359,22.8,0.0,0.0,2017-07-09 05:54:00,77.0,59.0,0.3,1.8,1016.5,265.47,18.5,IDRSING3
2360,23.2,0.0,0.0,2017-07-09 06:00:00,73.0,59.0,0.0,0.0,1017.2,187.29,18.1,IDRSING3
2361,22.7,0.0,0.0,2017-07-09 06:05:00,78.0,61.0,1.1,1.8,1017.2,142.27,18.7,IDRSING3
2362,22.3,0.0,0.0,2017-07-09 06:10:00,79.0,61.0,0.0,0.0,1016.8,219.83,18.5,IDRSING3
2363,22.8,0.0,0.0,2017-07-09 06:15:00,76.0,111.0,0.3,1.8,1017.2,399.91,18.4,IDRSING3
2364,23.5,0.0,0.0,2017-07-09 06:20:00,74.0,105.0,1.4,3.5,1016.8,320.15,18.6,IDRSING3
2365,22.9,0.0,0.0,2017-07-09 06:25:00,74.0,332.0,0.3,1.8,1017.2,406.03,18.0,IDRSING3
2366,24.0,0.0,0.0,2017-07-09 06:30:00,71.0,120.0,0.0,0.0,1016.8,433.31,18.4,IDRSING3
2367,24.2,0.0,0.0,2017-07-09 06:36:00,70.0,124.0,2.6,3.5,1017.2,433.31,18.4,IDRSING3
2368,24.7,0.0,0.0,2017-07-09 06:41:00,67.0,124.0,0.0,0.0,1016.8,447.26,18.2,IDRSING3
2369,24.9,0.0,0.0,2017-07-09 06:47:00,66.0,121.0,2.9,3.5,1016.8,486.28,18.1,IDRSING3
2370,25.4,0.0,0.0,2017-07-09 06:52:00,65.0,122.0,0.0,0.0,1016.8,533.14,18.4,IDRSING3
2371,26.1,0.0,0.0,2017-07-09 06:57:00,62.0,122.0,0.0,0.0,1016.8,599.08,18.3,IDRSING3
2372,26.4,0.0,0.0,2017-07-09 07:02:00,59.0,121.0,2.9,3.5,1016.8,331.78,17.8,IDRSING3
2373,25.4,0.0,0.0,2017-07-09 07:08:00,64.0,117.0,1.1,1.8,1017.2,542.19,18.1,IDRSING3
2374,25.5,0.0,0.0,2017-07-09 07:13:00,64.0,223.0,2.1,3.5,1017.2,591.62,18.2,IDRSING3
2375,25.5,0.0,0.0,2017-07-09 07:14:00,62.0,213.0,3.5,7.2,1016.8,445.06,17.7,IDRSING3
2376,25.3,0.0,0.0,2017-07-09 07:20:00,63.0,216.0,4.7,7.2,1017.2,301.44,17.8,IDRSING3
2377,25.0,0.0,0.0,2017-07-09 07:25:00,64.0,205.0,2.9,3.5,1017.2,303.15,17.8,IDRSING3
2378,25.4,0.0,0.0,2017-07-09 07:30:00,64.0,218.0,2.1,3.5,1017.2,432.45,18.1,IDRSING3
2379,25.7,0.0,0.0,2017-07-09 07:36:00,62.0,117.0,0.0,0.0,1017.2,714.81,17.9,IDRSING3
2380,26.1,0.0,0.0,2017-07-09 07:41:00,60.0,212.0,0.0,0.0,1017.2,207.36,17.8,IDRSING3
2381,25.8,0.0,0.0,2017-07-09 07:46:00,60.0,215.0,2.9,5.5,1017.2,759.58,17.5,IDRSING3
2382,26.0,0.0,0.0,2017-07-09 07:51:00,61.0,202.0,1.4,1.8,1017.2,773.41,17.9,IDRSING3
2383,26.3,0.0,0.0,2017-07-09 07:56:00,59.0,242.0,2.6,3.5,1016.8,784.66,17.7,IDRSING3
2384,26.4,0.0,0.0,2017-07-09 08:01:00,59.0,209.0,0.0,0.0,1017.2,822.83,17.8,IDRSING3
2385,26.9,0.0,0.0,2017-07-09 08:06:00,55.0,206.0,6.4,7.2,1017.2,787.72,17.1,IDRSING3
2386,27.4,0.0,0.0,2017-07-09 08:12:00,54.0,220.0,0.0,0.0,1017.2,415.94,17.3,IDRSING3
2387,27.3,0.0,0.0,2017-07-09 08:17:00,56.0,130.0,1.4,1.8,1017.2,791.27,17.8,IDRSING3
2388,27.6,0.0,0.0,2017-07-09 08:22:00,54.0,220.0,0.3,1.8,1017.2,777.81,17.5,IDRSING3
2389,27.8,0.0,0.0,2017-07-09 08:28:00,56.0,125.0,0.3,1.8,1017.2,889.75,18.2,IDRSING3
2390,28.3,0.0,0.0,2017-07-09 08:33:00,53.0,122.0,0.6,1.8,1016.8,710.53,17.8,IDRSING3
2391,28.1,0.0,0.0,2017-07-09 08:38:00,57.0,126.0,0.0,0.0,1016.8,821.97,18.8,IDRSING3
2392,28.1,0.0,0.0,2017-07-09 08:40:00,53.0,144.0,0.3,1.8,1016.8,876.29,17.6,IDRSING3
2393,28.9,0.0,0.0,2017-07-09 08:45:00,55.0,106.0,1.4,1.8,1016.8,927.92,19.0,IDRSING3
2394,28.8,0.0,0.0,2017-07-09 08:50:00,53.0,125.0,3.5,5.5,1016.8,788.21,18.3,IDRSING3
2395,29.0,0.0,0.0,2017-07-09 08:55:00,52.0,123.0,4.7,5.5,1016.8,517.97,18.2,IDRSING3
2396,28.0,0.0,0.0,2017-07-09 09:00:00,55.0,220.0,0.0,0.0,1016.8,498.4,18.1,IDRSING3
2397,29.2,0.0,0.0,2017-07-09 09:05:00,49.0,105.0,0.6,1.8,1016.8,828.09,17.4,IDRSING3
2398,29.8,0.0,0.0,2017-07-09 09:10:00,50.0,114.0,3.5,9.3,1016.5,786.01,18.3,IDRSING3
2399,29.3,0.0,0.0,2017-07-09 09:16:00,51.0,126.0,0.3,1.8,1016.8,777.32,18.2,IDRSING3
2400,30.1,0.0,0.0,2017-07-09 09:21:00,50.0,206.0,1.4,3.5,1016.8,804.24,18.6,IDRSING3
2401,29.3,0.0,0.0,2017-07-09 09:26:00,52.0,233.0,3.5,3.5,1016.8,783.44,18.5,IDRSING3
2402,29.1,0.0,0.0,2017-07-09 09:32:00,52.0,234.0,3.5,3.5,1016.8,764.72,18.3,IDRSING3
2403,28.7,0.0,0.0,2017-07-09 09:37:00,51.0,207.0,3.2,3.5,1016.8,781.73,17.6,IDRSING3
2404,29.1,0.0,0.0,2017-07-09 09:42:00,48.0,217.0,7.6,11.1,1016.5,789.07,17.0,IDRSING3
2405,29.5,0.0,0.0,2017-07-09 09:48:00,49.0,221.0,1.1,1.8,1016.5,778.18,17.7,IDRSING3
2406,30.0,0.0,0.0,2017-07-09 09:53:00,48.0,155.0,1.4,1.8,1016.5,750.04,17.8,IDRSING3
2407,30.3,0.0,0.0,2017-07-09 09:58:00,48.0,131.0,0.6,1.8,1016.5,758.73,18.1,IDRSING3
2408,30.8,0.0,0.0,2017-07-09 10:03:00,44.0,215.0,1.8,1.8,1016.5,792.98,17.2,IDRSING3
2409,30.8,0.0,0.0,2017-07-09 10:08:00,45.0,244.0,2.6,3.5,1016.5,805.09,17.5,IDRSING3
2410,30.4,0.0,0.0,2017-07-09 10:13:00,44.0,276.0,2.1,3.5,1016.5,802.53,16.8,IDRSING3
2411,30.8,0.0,0.0,2017-07-09 10:18:00,47.0,220.0,1.1,1.8,1016.5,790.29,18.2,IDRSING3
2412,30.7,0.0,0.0,2017-07-09 10:24:00,45.0,123.0,0.3,1.8,1016.5,788.58,17.4,IDRSING3
2413,31.5,0.0,0.0,2017-07-09 10:29:00,47.0,158.0,0.0,0.0,1016.5,797.75,18.8,IDRSING3
2414,31.7,0.0,0.0,2017-07-09 10:34:00,44.0,110.0,2.9,3.5,1016.5,683.24,18.0,IDRSING3
2415,30.8,0.0,0.0,2017-07-09 10:40:00,46.0,112.0,2.6,3.5,1016.1,740.5,17.9,IDRSING3
2416,31.4,0.0,0.0,2017-07-09 10:45:00,45.0,107.0,0.3,1.8,1016.1,789.43,18.1,IDRSING3
2417,31.9,0.0,0.0,2017-07-09 10:50:00,42.0,105.0,0.3,1.8,1016.5,815.49,17.4,IDRSING3
2418,31.3,0.0,0.0,2017-07-09 10:56:00,46.0,115.0,0.3,1.8,1016.1,824.66,18.3,IDRSING3
2419,31.2,0.0,0.0,2017-07-09 11:01:00,43.0,194.0,4.0,7.2,1016.1,822.83,17.2,IDRSING3
2420,31.2,0.0,0.0,2017-07-09 11:06:00,46.0,258.0,2.9,3.5,1016.1,651.07,18.2,IDRSING3
2421,31.2,0.0,0.0,2017-07-09 11:11:00,44.0,167.0,0.3,1.8,1015.8,751.75,17.5,IDRSING3
2422,32.0,0.0,0.0,2017-07-09 11:16:00,46.0,167.0,1.8,1.8,1016.1,541.33,19.0,IDRSING3
2423,31.7,0.0,0.0,2017-07-09 11:21:00,45.0,203.0,3.2,3.5,1016.1,488.37,18.3,IDRSING3
2424,30.7,0.0,0.0,2017-07-09 11:26:00,46.0,255.0,5.8,7.2,1016.1,395.15,17.8,IDRSING3
2425,30.5,0.0,0.0,2017-07-09 11:32:00,45.0,251.0,7.2,9.3,1016.1,308.41,17.3,IDRSING3
2426,30.2,0.0,0.0,2017-07-09 11:37:00,46.0,308.0,3.5,3.5,1016.1,393.8,17.3,IDRSING3
2427,31.4,0.0,0.0,2017-07-09 11:42:00,43.0,151.0,2.1,3.5,1015.8,718.72,17.3,IDRSING3
2428,31.8,0.0,0.0,2017-07-09 11:47:00,46.0,130.0,0.0,0.0,1015.8,1003.76,18.8,IDRSING3
2429,32.4,0.0,0.0,2017-07-09 11:52:00,41.0,198.0,4.0,5.5,1015.8,821.12,17.5,IDRSING3
2430,32.2,0.0,0.0,2017-07-09 11:57:00,44.0,126.0,2.1,3.5,1015.5,356.12,18.4,IDRSING3
2431,31.0,0.0,0.0,2017-07-09 12:02:00,45.0,109.0,6.9,7.2,1015.8,628.56,17.7,IDRSING3
2432,31.8,0.0,0.0,2017-07-09 12:07:00,46.0,104.0,0.0,0.0,1015.5,458.52,18.8,IDRSING3
2433,31.6,0.0,0.0,2017-07-09 12:12:00,45.0,117.0,4.3,7.2,1015.5,462.43,18.3,IDRSING3
2434,30.7,0.0,0.0,2017-07-09 12:17:00,47.0,119.0,0.0,0.0,1015.1,378.26,18.1,IDRSING3
2435,31.1,0.0,0.0,2017-07-09 12:21:00,44.0,110.0,4.3,9.3,1015.1,524.45,17.5,IDRSING3
2436,31.8,0.0,0.0,2017-07-09 12:26:00,42.0,185.0,2.1,3.5,1015.1,860.14,17.4,IDRSING3
2437,33.4,0.0,0.0,2017-07-09 12:31:00,39.0,211.0,11.6,13.0,1015.1,909.69,17.6,IDRSING3
2438,32.3,0.0,0.0,2017-07-09 12:36:00,41.0,219.0,10.8,14.8,1015.1,637.62,17.4,IDRSING3
2439,31.7,0.0,0.0,2017-07-09 12:41:00,44.0,239.0,6.4,11.1,1015.1,292.75,18.0,IDRSING3
2440,31.2,0.0,0.0,2017-07-09 12:46:00,44.0,215.0,7.2,11.1,1015.1,171.76,17.5,IDRSING3
2441,30.4,0.0,0.0,2017-07-09 12:52:00,45.0,218.0,6.4,9.3,1015.1,156.95,17.2,IDRSING3
2442,30.1,0.0,0.0,2017-07-09 12:57:00,46.0,252.0,5.8,7.2,1015.1,134.44,17.2,IDRSING3
2443,29.9,0.0,0.0,2017-07-09 13:02:00,46.0,268.0,3.5,5.5,1015.1,110.96,17.1,IDRSING3
2444,29.9,0.0,0.0,2017-07-09 13:08:00,46.0,273.0,3.5,3.5,1014.8,87.59,17.1,IDRSING3
2445,29.8,0.0,0.0,2017-07-09 13:13:00,45.0,249.0,4.0,5.5,1015.5,80.62,16.6,IDRSING3
2446,29.8,0.0,0.0,2017-07-09 13:18:00,46.0,221.0,3.5,3.5,1015.1,83.68,17.0,IDRSING3
2447,29.8,0.0,0.0,2017-07-09 13:23:00,48.0,206.0,0.0,0.0,1015.1,94.93,17.6,IDRSING3
2448,29.7,0.0,0.0,2017-07-09 13:28:00,49.0,192.0,1.1,1.8,1015.1,145.21,17.9,IDRSING3
2449,29.8,0.0,0.0,2017-07-09 13:33:00,49.0,180.0,0.0,0.0,1015.1,220.32,18.0,IDRSING3
2450,30.1,0.0,0.0,2017-07-09 13:38:00,49.0,182.0,1.1,1.8,1015.1,235.98,18.3,IDRSING3
2451,30.1,0.0,0.0,2017-07-09 13:44:00,49.0,184.0,2.6,3.5,1015.1,230.73,18.3,IDRSING3
2452,30.0,0.0,0.0,2017-07-09 13:49:00,50.0,167.0,4.0,5.5,1015.5,217.27,18.5,IDRSING3
2453,29.9,0.0,0.0,2017-07-09 13:54:00,50.0,146.0,2.6,3.5,1015.5,218.98,18.4,IDRSING3
2454,29.9,0.0,0.0,2017-07-09 14:00:00,51.0,181.0,4.7,7.2,1015.5,266.69,18.7,IDRSING3
2455,29.7,0.0,0.0,2017-07-09 14:05:00,52.0,185.0,13.0,20.1,1015.8,186.44,18.8,IDRSING3
2456,27.6,0.0,0.0,2017-07-09 14:10:00,60.0,207.0,18.7,21.9,1016.1,171.76,19.2,IDRSING3
2457,26.6,0.0,0.0,2017-07-09 14:16:00,62.0,198.0,27.0,33.1,1016.8,147.9,18.7,IDRSING3
2458,25.6,0.0,0.0,2017-07-09 14:21:00,65.0,218.0,24.8,36.7,1016.5,192.56,18.6,IDRSING3
2459,25.4,0.0,0.0,2017-07-09 14:26:00,65.0,215.0,30.2,34.9,1016.5,458.03,18.4,IDRSING3
2460,25.6,0.0,0.0,2017-07-09 14:32:00,66.0,212.0,22.4,29.4,1016.5,383.03,18.8,IDRSING3
2461,26.1,0.0,0.0,2017-07-09 14:37:00,65.0,211.0,17.2,21.9,1016.5,563.84,19.0,IDRSING3
2462,26.4,0.0,0.0,2017-07-09 14:42:00,65.0,220.0,16.9,21.9,1016.5,484.08,19.3,IDRSING3
2463,26.3,0.0,0.0,2017-07-09 14:47:00,65.0,147.0,15.8,18.3,1016.5,433.31,19.2,IDRSING3
2464,26.5,0.0,0.0,2017-07-09 14:52:00,65.0,195.0,8.7,18.3,1016.1,438.94,19.4,IDRSING3
2465,26.5,0.0,0.0,2017-07-09 14:57:00,65.0,160.0,6.1,7.2,1016.1,450.2,19.4,IDRSING3
2466,26.2,0.0,0.0,2017-07-09 15:02:00,66.0,178.0,9.3,13.0,1015.8,396.86,19.4,IDRSING3
2467,25.6,0.0,0.0,2017-07-09 15:08:00,70.0,199.0,6.9,9.3,1016.1,200.75,19.7,IDRSING3
2468,24.7,0.0,0.0,2017-07-09 15:13:00,71.0,155.0,2.1,3.5,1015.8,216.9,19.1,IDRSING3
2469,24.7,0.0,0.0,2017-07-09 15:14:00,71.0,157.0,6.1,11.1,1016.1,221.18,19.1,IDRSING3
2470,24.9,0.0,0.0,2017-07-09 15:19:00,70.0,170.0,1.1,1.8,1015.5,226.44,19.1,IDRSING3
2471,25.3,0.0,0.0,2017-07-09 15:24:00,69.0,162.0,2.9,3.5,1015.8,220.32,19.2,IDRSING3
2472,26.2,0.0,0.0,2017-07-09 15:29:00,64.0,212.0,2.9,3.5,1015.5,443.35,18.9,IDRSING3
2473,27.0,0.0,0.0,2017-07-09 15:34:00,62.0,148.0,2.9,5.5,1015.5,406.89,19.1,IDRSING3
2474,26.8,0.0,0.0,2017-07-09 15:39:00,62.0,156.0,1.8,1.8,1015.1,370.43,18.9,IDRSING3
2475,27.0,0.0,0.0,2017-07-09 15:44:00,61.0,212.0,9.7,13.0,1015.1,365.66,18.9,IDRSING3
2476,27.1,0.0,0.0,2017-07-09 15:49:00,61.0,205.0,4.7,5.5,1015.1,329.2,19.0,IDRSING3
2477,27.4,0.0,0.0,2017-07-09 15:54:00,61.0,189.0,4.3,9.3,1015.1,315.75,19.2,IDRSING3
2478,27.5,0.0,0.0,2017-07-09 16:00:00,60.0,171.0,1.1,1.8,1015.1,307.55,19.1,IDRSING3
2479,27.9,0.0,0.0,2017-07-09 16:05:00,58.0,147.0,4.0,7.2,1014.8,287.61,18.9,IDRSING3
2480,27.8,0.0,0.0,2017-07-09 16:10:00,58.0,176.0,2.1,3.5,1014.8,283.2,18.8,IDRSING3
2481,28.2,0.0,0.0,2017-07-09 16:15:00,57.0,175.0,1.4,1.8,1014.8,275.86,18.9,IDRSING3
2482,28.1,0.0,0.0,2017-07-09 16:20:00,57.0,178.0,1.4,1.8,1014.4,278.93,18.8,IDRSING3
2483,28.5,0.0,0.0,2017-07-09 16:25:00,55.0,173.0,1.8,3.5,1014.4,232.07,18.6,IDRSING3
2484,28.5,0.0,0.0,2017-07-09 16:30:00,55.0,220.0,0.6,1.8,1014.8,135.67,18.6,IDRSING3
2485,28.8,0.0,0.0,2017-07-09 16:36:00,55.0,189.0,5.0,7.2,1014.4,220.69,18.9,IDRSING3
2486,28.8,0.0,0.0,2017-07-09 16:41:00,54.0,213.0,1.8,3.5,1014.4,202.59,18.6,IDRSING3
2487,28.5,0.0,0.0,2017-07-09 16:46:00,56.0,186.0,4.7,7.2,1014.4,102.27,18.9,IDRSING3
2488,27.7,0.0,0.0,2017-07-09 16:51:00,55.0,202.0,7.9,11.1,1014.4,177.75,17.9,IDRSING3
2489,28.2,0.0,0.0,2017-07-09 16:56:00,55.0,149.0,1.1,1.8,1014.4,81.1,18.3,IDRSING3
2490,27.4,0.0,0.0,2017-07-09 17:01:00,59.0,168.0,1.4,1.8,1014.4,60.19,18.7,IDRSING3
2491,26.6,0.0,0.0,2017-07-09 17:06:00,61.0,162.0,0.3,1.8,1014.4,55.41,18.5,IDRSING3
2492,26.4,0.0,0.0,2017-07-09 17:12:00,61.0,162.0,0.0,0.0,1014.4,74.99,18.3,IDRSING3
2493,26.6,0.0,0.0,2017-07-09 17:17:00,60.0,162.0,0.0,0.0,1014.4,120.13,18.2,IDRSING3
2494,27.5,0.0,0.0,2017-07-09 17:22:00,57.0,161.0,0.0,0.0,1014.1,120.5,18.3,IDRSING3
2495,27.8,0.0,0.0,2017-07-09 17:27:00,56.0,162.0,0.0,0.0,1014.4,97.13,18.2,IDRSING3
2496,27.4,0.0,0.0,2017-07-09 17:32:00,58.0,167.0,0.0,0.0,1014.4,62.39,18.4,IDRSING3
2497,26.8,0.0,0.0,2017-07-09 17:37:00,60.0,167.0,0.0,0.0,1014.1,42.94,18.4,IDRSING3
2498,26.3,0.0,0.0,2017-07-09 17:42:00,60.0,167.0,0.0,0.0,1014.1,35.97,17.9,IDRSING3
2499,26.6,0.0,0.0,2017-07-09 17:47:00,59.0,166.0,0.0,0.0,1014.1,38.53,18.0,IDRSING3
2500,26.8,0.0,0.0,2017-07-09 17:52:00,60.0,167.0,0.0,0.0,1014.1,32.42,18.4,IDRSING3
2501,25.9,0.0,0.0,2017-07-09 17:57:00,62.0,167.0,0.0,0.0,1014.1,29.85,18.1,IDRSING3
2502,25.4,0.0,0.0,2017-07-09 18:02:00,64.0,188.0,1.4,3.5,1014.1,26.79,18.1,IDRSING3
2503,25.0,0.0,0.0,2017-07-09 18:07:00,65.0,166.0,0.0,0.0,1013.8,22.87,18.0,IDRSING3
2504,24.6,0.0,0.0,2017-07-09 18:12:00,67.0,166.0,0.0,0.0,1014.1,18.11,18.1,IDRSING3
2505,24.1,0.0,0.0,2017-07-09 18:17:00,69.0,166.0,1.1,1.8,1014.4,15.17,18.1,IDRSING3
2506,23.9,0.0,0.0,2017-07-09 18:22:00,70.0,200.0,3.2,3.5,1014.4,12.11,18.1,IDRSING3
2507,23.8,0.0,0.0,2017-07-09 18:28:00,71.0,207.0,2.9,3.5,1014.4,9.91,18.3,IDRSING3
2508,23.6,0.0,0.0,2017-07-09 18:33:00,72.0,180.0,1.1,1.8,1014.4,6.85,18.3,IDRSING3
2509,23.5,0.0,0.0,2017-07-09 18:38:00,73.0,176.0,1.1,1.8,1014.4,4.77,18.4,IDRSING3
2510,23.4,0.0,0.0,2017-07-09 18:43:00,74.0,177.0,0.0,0.0,1014.4,2.08,18.5,IDRSING3
2511,23.2,0.0,0.0,2017-07-09 18:48:00,75.0,177.0,0.0,0.0,1014.4,0.36,18.6,IDRSING3
2512,23.2,0.0,0.0,2017-07-09 18:53:00,76.0,176.0,0.0,0.0,1014.4,0.0,18.7,IDRSING3
2513,23.0,0.0,0.0,2017-07-09 18:58:00,78.0,176.0,1.4,1.8,1014.4,0.0,19.0,IDRSING3
2514,23.0,0.0,0.0,2017-07-09 19:04:00,78.0,176.0,0.0,0.0,1014.4,0.0,19.0,IDRSING3
2515,22.9,0.0,0.0,2017-07-09 19:09:00,78.0,176.0,0.0,0.0,1014.4,0.0,18.9,IDRSING3
2516,22.7,0.0,0.0,2017-07-09 19:14:00,81.0,176.0,0.0,0.0,1014.4,0.0,19.3,IDRSING3
2517,22.4,0.0,0.0,2017-07-09 19:19:00,83.0,176.0,0.0,0.0,1014.4,0.0,19.4,IDRSING3
2518,22.0,0.0,0.0,2017-07-09 19:24:00,82.0,176.0,0.0,0.0,1014.8,0.0,18.8,IDRSING3
2519,21.5,0.0,0.0,2017-07-09 19:29:00,87.0,176.0,0.0,0.0,1014.4,0.0,19.3,IDRSING3
2520,21.4,0.0,0.0,2017-07-09 19:35:00,88.0,176.0,0.0,0.0,1014.8,0.0,19.3,IDRSING3
2521,21.6,0.0,0.0,2017-07-09 19:40:00,86.0,176.0,0.0,0.0,1014.4,0.0,19.2,IDRSING3
2522,21.2,0.0,0.0,2017-07-09 19:45:00,83.0,176.0,0.0,0.0,1014.4,0.0,18.2,IDRSING3
2523,20.6,0.0,0.0,2017-07-09 19:50:00,89.0,176.0,0.0,0.0,1014.8,0.0,18.7,IDRSING3
2524,20.3,0.0,0.0,2017-07-09 19:55:00,90.0,176.0,0.0,0.0,1014.4,0.0,18.6,IDRSING3
2525,20.1,0.0,0.0,2017-07-09 20:00:00,92.0,176.0,0.0,0.0,1014.8,0.0,18.8,IDRSING3
2526,19.9,0.0,0.0,2017-07-09 20:05:00,95.0,176.0,0.0,0.0,1014.8,0.0,19.0,IDRSING3
2527,19.9,0.0,0.0,2017-07-09 20:11:00,98.0,176.0,0.0,0.0,1015.1,0.0,19.6,IDRSING3
2528,20.0,0.0,0.0,2017-07-09 20:16:00,96.0,176.0,1.1,1.8,1015.1,0.0,19.4,IDRSING3
2529,20.3,0.0,0.0,2017-07-09 20:21:00,97.0,176.0,0.0,0.0,1015.5,0.0,19.9,IDRSING3
2530,20.2,0.0,0.0,2017-07-09 20:26:00,99.0,176.0,0.0,0.0,1015.1,0.0,20.0,IDRSING3
2531,20.3,0.0,0.0,2017-07-09 20:31:00,97.0,176.0,0.0,0.0,1015.1,0.0,19.9,IDRSING3
2532,20.5,0.0,0.0,2017-07-09 20:36:00,95.0,176.0,0.0,0.0,1015.1,0.0,19.6,IDRSING3
2533,20.4,0.0,0.0,2017-07-09 20:41:00,95.0,176.0,0.0,0.0,1015.5,0.0,19.5,IDRSING3
2534,20.1,0.0,0.0,2017-07-09 20:47:00,94.0,176.0,0.0,0.0,1015.1,0.0,19.0,IDRSING3
2535,20.0,0.0,0.0,2017-07-09 20:52:00,89.0,176.0,0.0,0.0,1015.1,0.0,18.1,IDRSING3
2536,19.8,0.0,0.0,2017-07-09 20:57:00,99.0,176.0,0.0,0.0,1015.1,0.0,19.6,IDRSING3
2537,19.9,0.0,0.0,2017-07-09 21:03:00,99.0,176.0,0.0,0.0,1015.1,0.0,19.7,IDRSING3
2538,20.0,0.0,0.0,2017-07-09 21:08:00,99.0,176.0,0.0,0.0,1015.1,0.0,19.8,IDRSING3
2539,20.2,0.0,0.0,2017-07-09 21:13:00,97.0,176.0,0.0,0.0,1015.1,0.0,19.8,IDRSING3
2540,20.5,0.0,0.0,2017-07-09 21:18:00,99.0,176.0,2.6,3.5,1015.5,0.0,20.3,IDRSING3
2541,21.4,0.0,0.0,2017-07-09 21:23:00,97.0,215.0,2.6,5.5,1015.1,0.0,21.0,IDRSING3
2542,21.9,0.0,0.0,2017-07-09 21:28:00,94.0,214.0,6.4,9.3,1015.5,0.0,20.8,IDRSING3
2543,22.0,0.0,0.0,2017-07-09 21:33:00,93.0,215.0,5.0,5.5,1015.8,0.0,20.8,IDRSING3
2544,22.1,0.0,0.0,2017-07-09 21:39:00,91.0,205.0,5.0,7.2,1015.8,0.0,20.6,IDRSING3
2545,22.5,0.0,0.0,2017-07-09 21:44:00,92.0,218.0,4.3,7.2,1015.5,0.0,21.2,IDRSING3
2546,22.6,0.0,0.0,2017-07-09 21:47:00,92.0,187.0,5.0,5.5,1015.8,0.0,21.3,IDRSING3
2547,22.5,0.0,0.0,2017-07-09 21:52:00,93.0,176.0,0.3,1.8,1015.8,0.0,21.3,IDRSING3
2548,22.5,0.0,0.0,2017-07-09 21:57:00,95.0,146.0,1.8,1.8,1015.5,0.0,21.6,IDRSING3
2549,22.5,0.0,0.0,2017-07-09 22:02:00,92.0,164.0,1.8,3.5,1015.5,0.0,21.2,IDRSING3
2550,22.7,0.0,0.0,2017-07-09 22:08:00,91.0,154.0,0.6,1.8,1015.1,0.0,21.2,IDRSING3
2551,22.7,0.0,0.0,2017-07-09 22:13:00,93.0,142.0,1.1,1.8,1014.8,0.0,21.5,IDRSING3
2552,22.6,0.0,0.0,2017-07-09 22:18:00,94.0,163.0,0.6,1.8,1014.8,0.0,21.5,IDRSING3
2553,22.3,0.0,0.0,2017-07-09 22:24:00,95.0,131.0,0.6,1.8,1014.4,0.0,21.4,IDRSING3
2554,22.1,0.0,0.0,2017-07-09 22:29:00,96.0,109.0,0.3,1.8,1014.4,0.0,21.5,IDRSING3
2555,21.9,0.0,0.0,2017-07-09 22:34:00,96.0,112.0,2.1,3.5,1014.1,0.0,21.3,IDRSING3
2556,21.7,0.0,0.0,2017-07-09 22:39:00,98.0,142.0,0.3,1.8,1014.1,0.0,21.4,IDRSING3
2557,21.4,0.0,0.0,2017-07-09 22:44:00,99.0,149.0,4.3,9.3,1014.1,0.0,21.2,IDRSING3
2558,21.1,0.0,0.0,2017-07-09 22:49:00,99.0,120.0,4.7,7.2,1013.8,0.0,20.9,IDRSING3
2559,21.0,0.0,0.0,2017-07-09 22:55:00,99.0,118.0,7.2,13.0,1013.4,0.0,20.8,IDRSING3
2560,20.9,0.0,0.0,2017-07-09 23:00:00,99.0,122.0,4.0,13.0,1013.1,0.0,20.7,IDRSING3
2561,20.7,0.0,0.0,2017-07-09 23:05:00,99.0,102.0,4.0,5.5,1013.1,0.0,20.5,IDRSING3
2562,20.7,0.0,0.0,2017-07-09 23:09:00,99.0,110.0,1.8,3.5,1012.8,0.0,20.5,IDRSING3
2563,20.6,0.0,0.0,2017-07-09 23:14:00,99.0,113.0,0.0,0.0,1013.4,0.0,20.4,IDRSING3
2564,20.6,0.0,0.0,2017-07-09 23:19:00,99.0,119.0,1.8,3.5,1013.4,0.0,20.4,IDRSING3
2565,20.5,0.0,0.0,2017-07-09 23:24:00,99.0,118.0,0.3,1.8,1013.8,0.0,20.3,IDRSING3
2566,20.2,0.0,0.0,2017-07-09 23:29:00,99.0,217.0,9.7,11.1,1013.8,0.0,20.0,IDRSING3
2567,19.8,0.0,0.0,2017-07-09 23:34:00,99.0,209.0,7.9,9.3,1014.4,0.0,19.6,IDRSING3
2568,19.9,0.0,0.0,2017-07-09 23:39:00,99.0,169.0,1.8,1.8,1014.1,0.0,19.7,IDRSING3
2569,20.0,0.0,0.0,2017-07-09 23:44:00,99.0,224.0,11.9,14.8,1014.8,0.0,19.8,IDRSING3
2570,20.0,0.0,0.0,2017-07-09 23:49:00,99.0,225.0,13.0,16.6,1015.1,0.0,19.8,IDRSING3
2571,19.7,0.0,0.0,2017-07-09 23:54:00,99.0,258.0,10.1,13.0,1014.8,0.0,19.5,IDRSING3
2572,19.5,0.0,0.0,2017-07-10 00:00:00,99.0,222.0,6.4,7.2,1014.8,0.0,19.3,IDRSING3
2573,19.6,0.0,0.0,2017-07-10 00:05:00,99.0,223.0,6.4,7.2,1014.8,0.0,19.4,IDRSING3
2574,19.5,0.0,0.0,2017-07-10 00:10:00,99.0,217.0,2.9,3.5,1014.4,0.0,19.3,IDRSING3
2575,19.3,0.0,0.0,2017-07-10 00:15:00,99.0,189.0,0.3,1.8,1014.8,0.0,19.1,IDRSING3
2576,19.2,0.0,0.0,2017-07-10 00:20:00,99.0,189.0,0.0,0.0,1014.4,0.0,19.0,IDRSING3
2577,19.2,0.0,0.0,2017-07-10 00:25:00,99.0,189.0,0.0,0.0,1014.4,0.0,19.0,IDRSING3
2578,19.2,0.0,0.0,2017-07-10 00:30:00,99.0,189.0,0.0,0.0,1014.4,0.0,19.0,IDRSING3
2579,19.3,0.0,0.0,2017-07-10 00:35:00,99.0,189.0,0.3,1.8,1014.4,0.0,19.1,IDRSING3
2580,19.2,0.0,0.0,2017-07-10 00:40:00,99.0,161.0,1.8,1.8,1014.1,0.0,19.0,IDRSING3
2581,19.1,0.0,0.0,2017-07-10 00:45:00,99.0,161.0,0.3,1.8,1013.8,0.0,18.9,IDRSING3
2582,18.9,0.0,0.0,2017-07-10 00:50:00,99.0,161.0,0.0,0.0,1013.8,0.0,18.7,IDRSING3
2583,18.9,0.0,0.0,2017-07-10 00:56:00,99.0,161.0,1.8,1.8,1013.8,0.0,18.7,IDRSING3
2584,18.9,0.0,0.0,2017-07-10 01:01:00,99.0,161.0,0.0,0.0,1013.8,0.0,18.7,IDRSING3
2585,18.7,0.0,0.0,2017-07-10 01:06:00,10.0,161.0,0.0,0.0,1013.8,0.0,-13.5,IDRSING3
2586,18.6,0.0,0.0,2017-07-10 01:11:00,10.0,161.0,0.0,0.0,1013.8,0.0,-13.6,IDRSING3
2587,18.5,0.0,0.0,2017-07-10 01:16:00,10.0,161.0,0.0,0.0,1013.8,0.0,-13.7,IDRSING3
2588,18.5,0.0,0.0,2017-07-10 01:21:00,10.0,161.0,0.0,0.0,1013.8,0.0,-13.7,IDRSING3
2589,18.3,0.0,0.0,2017-07-10 01:26:00,10.0,161.0,0.0,0.0,1013.8,0.0,-13.8,IDRSING3
2590,18.3,0.0,0.0,2017-07-10 01:32:00,10.0,161.0,0.0,0.0,1013.8,0.0,-13.8,IDRSING3
2591,18.4,0.0,0.0,2017-07-10 01:37:00,10.0,161.0,1.8,1.8,1013.8,0.0,-13.8,IDRSING3
2592,18.4,0.0,0.0,2017-07-10 01:42:00,10.0,161.0,0.0,0.0,1013.8,0.0,-13.8,IDRSING3
2593,18.3,0.0,0.0,2017-07-10 01:45:00,10.0,161.0,0.0,0.0,1013.8,0.0,-13.8,IDRSING3
2594,17.8,0.0,0.0,2017-07-10 01:50:00,12.0,161.0,0.0,0.0,1013.8,0.0,-12.0,IDRSING3
2595,17.7,0.0,0.0,2017-07-10 01:55:00,14.0,161.0,0.0,0.0,1013.8,0.0,-10.1,IDRSING3
2596,17.7,0.0,0.0,2017-07-10 02:00:00,14.0,161.0,0.0,0.0,1013.8,0.0,-10.1,IDRSING3
2597,17.7,0.0,0.0,2017-07-10 02:05:00,16.0,161.0,0.0,0.0,1013.8,0.0,-8.4,IDRSING3
2598,17.7,0.0,0.0,2017-07-10 02:11:00,16.0,161.0,0.0,0.0,1013.8,0.0,-8.4,IDRSING3
2599,17.9,0.0,0.0,2017-07-10 02:16:00,16.0,161.0,0.0,0.0,1013.4,0.0,-8.3,IDRSING3
2600,17.7,0.0,0.0,2017-07-10 02:21:00,15.0,161.0,0.0,0.0,1013.4,0.0,-9.2,IDRSING3
2601,17.6,0.0,0.0,2017-07-10 02:27:00,16.0,161.0,0.0,0.0,1013.1,0.0,-8.5,IDRSING3
2602,17.7,0.0,0.0,2017-07-10 02:32:00,16.0,161.0,0.3,1.8,1013.1,0.0,-8.4,IDRSING3
2603,17.7,0.0,0.0,2017-07-10 02:37:00,16.0,161.0,0.0,0.0,1013.1,0.0,-8.4,IDRSING3
2604,17.6,0.0,0.0,2017-07-10 02:43:00,16.0,161.0,0.0,0.0,1013.4,0.0,-8.5,IDRSING3
2605,17.3,0.0,0.0,2017-07-10 02:48:00,15.0,161.0,0.0,0.0,1013.4,0.0,-9.6,IDRSING3
2606,17.2,0.0,0.0,2017-07-10 02:53:00,16.0,161.0,0.0,0.0,1013.4,0.0,-8.8,IDRSING3
2607,17.3,0.0,0.0,2017-07-10 02:59:00,17.0,161.0,0.0,0.0,1013.1,0.0,-8.0,IDRSING3
2608,17.2,0.0,0.0,2017-07-10 03:04:00,17.0,161.0,0.0,0.0,1013.1,0.36,-8.0,IDRSING3
2609,17.3,0.0,0.0,2017-07-10 03:09:00,18.0,161.0,0.0,0.0,1013.1,2.08,-7.2,IDRSING3
2610,17.2,0.0,0.0,2017-07-10 03:15:00,17.0,161.0,0.0,0.0,1013.1,3.79,-8.0,IDRSING3
2611,16.8,0.0,0.0,2017-07-10 03:20:00,17.0,161.0,0.0,0.0,1012.8,5.14,-8.4,IDRSING3
2612,16.7,0.0,0.0,2017-07-10 03:25:00,18.0,161.0,0.0,0.0,1013.1,6.48,-7.7,IDRSING3
2613,16.8,0.0,0.0,2017-07-10 03:31:00,18.0,161.0,0.0,0.0,1012.8,7.34,-7.6,IDRSING3
2614,16.9,0.0,0.0,2017-07-10 03:36:00,18.0,161.0,0.0,0.0,1012.8,8.56,-7.6,IDRSING3
2615,16.9,0.0,0.0,2017-07-10 03:41:00,18.0,161.0,0.0,0.0,1012.8,12.11,-7.6,IDRSING3
2616,16.9,0.0,0.0,2017-07-10 03:47:00,18.0,161.0,0.0,0.0,1012.8,14.68,-7.6,IDRSING3
2617,17.0,0.0,0.0,2017-07-10 03:52:00,18.0,161.0,0.0,0.0,1012.8,18.11,-7.5,IDRSING3
2618,17.4,0.0,0.0,2017-07-10 03:57:00,18.0,161.0,0.0,0.0,1012.8,21.65,-7.1,IDRSING3
2619,17.5,0.0,0.0,2017-07-10 04:02:00,18.0,161.0,0.0,0.0,1012.8,26.42,-7.1,IDRSING3
2620,17.6,0.0,0.0,2017-07-10 04:07:00,17.0,161.0,0.0,0.0,1012.8,34.25,-7.7,IDRSING3
2621,17.8,0.0,0.0,2017-07-10 04:12:00,17.0,161.0,0.0,0.0,1012.8,45.87,-7.6,IDRSING3
2622,18.1,0.0,0.0,2017-07-10 04:17:00,17.0,161.0,0.0,0.0,1013.1,55.41,-7.3,IDRSING3
2623,18.4,0.0,0.0,2017-07-10 04:23:00,16.0,161.0,0.0,0.0,1013.1,43.8,-7.8,IDRSING3
2624,18.6,0.0,0.0,2017-07-10 04:28:00,15.0,161.0,0.0,0.0,1013.1,51.99,-8.5,IDRSING3
2625,18.8,0.0,0.0,2017-07-10 04:33:00,13.0,161.0,0.0,0.0,1013.1,66.31,-10.2,IDRSING3
2626,19.1,0.0,0.0,2017-07-10 04:39:00,11.0,161.0,0.0,0.0,1013.1,71.07,-12.0,IDRSING3
2627,19.2,0.0,0.0,2017-07-10 04:44:00,10.0,161.0,0.0,0.0,1013.1,71.07,-13.1,IDRSING3
2628,19.4,0.0,0.0,2017-07-10 04:49:00,10.0,162.0,0.0,0.0,1013.4,76.7,-13.0,IDRSING3
2629,19.4,0.0,0.0,2017-07-10 04:54:00,10.0,197.0,0.3,1.8,1013.1,75.85,-13.0,IDRSING3
2630,19.4,0.0,0.0,2017-07-10 04:59:00,10.0,182.0,1.1,1.8,1013.1,109.24,-13.0,IDRSING3
2631,19.6,0.0,0.0,2017-07-10 05:04:00,10.0,173.0,1.1,1.8,1013.1,126.61,-12.8,IDRSING3
2632,19.9,0.0,0.0,2017-07-10 05:09:00,10.0,180.0,0.0,0.0,1013.1,96.65,-12.6,IDRSING3
2633,20.2,0.0,0.0,2017-07-10 05:14:00,99.0,169.0,1.1,1.8,1013.4,96.65,20.0,IDRSING3
2634,20.8,0.0,0.0,2017-07-10 05:20:00,99.0,176.0,1.4,1.8,1013.1,186.93,20.6,IDRSING3
2635,21.1,0.0,0.0,2017-07-10 05:25:00,99.0,173.0,0.0,0.0,1013.1,119.64,20.9,IDRSING3
2636,21.4,0.0,0.0,2017-07-10 05:31:00,99.0,133.0,0.0,0.0,1013.1,140.07,21.2,IDRSING3
2637,21.6,0.0,0.0,2017-07-10 05:36:00,99.0,116.0,1.4,1.8,1013.1,110.1,21.4,IDRSING3
2638,21.7,0.0,0.0,2017-07-10 05:41:00,99.0,116.0,1.1,3.5,1013.1,171.27,21.5,IDRSING3
2639,22.2,0.0,0.0,2017-07-10 05:47:00,95.0,117.0,0.0,0.0,1013.1,219.83,21.3,IDRSING3
2640,22.9,0.0,0.0,2017-07-10 05:52:00,92.0,117.0,0.0,0.0,1013.1,212.13,21.6,IDRSING3
2641,23.3,0.0,0.0,2017-07-10 05:57:00,87.0,117.0,0.0,0.0,1013.1,210.29,21.0,IDRSING3
2642,23.5,0.0,0.0,2017-07-10 06:02:00,89.0,112.0,5.5,9.3,1013.1,364.32,21.6,IDRSING3
2643,23.3,0.0,0.0,2017-07-10 06:07:00,87.0,118.0,1.1,1.8,1012.8,394.29,21.0,IDRSING3
2644,23.8,0.0,0.0,2017-07-10 06:12:00,87.0,117.0,0.0,0.0,1012.8,157.44,21.5,IDRSING3
2645,22.9,0.0,0.0,2017-07-10 06:17:00,90.0,123.0,1.1,3.5,1012.8,340.09,21.2,IDRSING3
2646,23.2,0.0,0.0,2017-07-10 06:22:00,89.0,105.0,1.1,1.8,1013.1,193.05,21.3,IDRSING3
2647,22.8,0.0,0.0,2017-07-10 06:27:00,90.0,100.0,0.3,1.8,1013.1,306.69,21.1,IDRSING3
2648,23.6,0.0,0.0,2017-07-10 06:32:00,84.0,118.0,1.8,1.8,1013.1,232.07,20.8,IDRSING3
2649,24.1,0.0,0.0,2017-07-10 06:37:00,82.0,118.0,0.3,1.8,1013.1,258.98,20.8,IDRSING3
2650,24.1,0.0,0.0,2017-07-10 06:43:00,82.0,122.0,1.1,1.8,1013.1,321.01,20.8,IDRSING3
2651,24.5,0.0,0.0,2017-07-10 06:48:00,79.0,132.0,1.1,1.8,1013.4,456.8,20.7,IDRSING3
2652,24.8,0.0,0.0,2017-07-10 06:53:00,80.0,121.0,0.3,1.8,1013.4,230.73,21.1,IDRSING3
2653,24.2,0.0,0.0,2017-07-10 06:58:00,80.0,108.0,3.5,5.5,1013.4,253.24,20.6,IDRSING3
2654,24.3,0.0,0.0,2017-07-10 07:03:00,79.0,140.0,1.1,3.5,1013.8,163.93,20.5,IDRSING3
2655,24.0,0.0,0.0,2017-07-10 07:08:00,81.0,184.0,7.2,11.1,1014.1,198.67,20.5,IDRSING3
2656,23.7,0.0,0.0,2017-07-10 07:13:00,81.0,204.0,5.5,7.2,1014.1,235.49,20.2,IDRSING3
2657,23.8,0.0,0.0,2017-07-10 07:14:00,81.0,172.0,5.5,5.5,1014.1,239.78,20.3,IDRSING3
2658,23.9,0.0,0.0,2017-07-10 07:19:00,80.0,174.0,1.4,3.5,1014.1,189.49,20.3,IDRSING3
2659,23.7,0.0,0.0,2017-07-10 07:24:00,81.0,170.0,0.6,1.8,1013.8,128.33,20.2,IDRSING3
2660,23.5,0.0,0.0,2017-07-10 07:29:00,80.0,151.0,4.7,7.2,1014.1,109.73,19.9,IDRSING3
2661,23.3,0.0,0.0,2017-07-10 07:34:00,82.0,119.0,2.9,3.5,1014.1,185.22,20.0,IDRSING3
2662,23.2,0.0,0.0,2017-07-10 07:39:00,85.0,191.0,2.9,3.5,1014.1,113.16,20.5,IDRSING3
2663,22.7,0.0,0.0,2017-07-10 07:44:00,90.0,162.0,1.4,1.8,1013.8,119.27,21.0,IDRSING3
2664,22.1,1.8,0.3,2017-07-10 07:49:00,97.0,172.0,0.0,0.0,1013.4,184.36,21.7,IDRSING3
2665,22.1,1.8,0.3,2017-07-10 07:54:00,97.0,244.0,0.0,0.0,1013.4,279.78,21.7,IDRSING3
2666,22.5,0.0,0.3,2017-07-10 08:00:00,91.0,133.0,1.1,1.8,1013.4,638.47,21.0,IDRSING3
2667,23.4,0.0,0.3,2017-07-10 08:05:00,87.0,125.0,0.6,1.8,1013.8,389.03,21.1,IDRSING3
2668,23.8,0.0,0.3,2017-07-10 08:10:00,84.0,169.0,8.2,13.0,1013.8,395.64,20.9,IDRSING3
2669,24.1,0.0,0.3,2017-07-10 08:15:00,81.0,150.0,1.4,1.8,1013.8,483.59,20.6,IDRSING3
2670,25.1,0.0,0.3,2017-07-10 08:20:00,78.0,151.0,1.4,1.8,1013.4,461.08,21.0,IDRSING3
2671,24.8,0.0,0.3,2017-07-10 08:25:00,80.0,127.0,1.8,3.5,1013.4,347.43,21.1,IDRSING3
2672,24.3,0.0,0.3,2017-07-10 08:31:00,81.0,125.0,1.4,3.5,1013.1,332.27,20.8,IDRSING3
2673,24.4,0.0,0.3,2017-07-10 08:36:00,78.0,120.0,3.5,7.2,1013.1,566.54,20.3,IDRSING3
2674,24.5,0.0,0.3,2017-07-10 08:41:00,79.0,108.0,14.3,18.3,1012.8,321.86,20.7,IDRSING3
2675,23.9,0.0,0.3,2017-07-10 08:46:00,80.0,108.0,1.1,3.5,1012.8,300.95,20.3,IDRSING3
2676,24.8,0.0,0.3,2017-07-10 08:51:00,75.0,93.0,5.5,9.3,1012.8,867.12,20.1,IDRSING3
2677,26.1,0.0,0.3,2017-07-10 08:56:00,72.0,122.0,1.1,1.8,1012.8,252.87,20.7,IDRSING3
2678,25.4,0.0,0.3,2017-07-10 09:01:00,76.0,111.0,1.1,1.8,1012.4,504.51,20.9,IDRSING3
2679,26.3,0.0,0.3,2017-07-10 09:06:00,70.0,124.0,1.4,1.8,1012.4,823.32,20.4,IDRSING3
2680,27.1,0.0,0.3,2017-07-10 09:11:00,68.0,125.0,0.0,0.0,1012.4,605.56,20.7,IDRSING3
2681,27.0,0.0,0.3,2017-07-10 09:16:00,69.0,122.0,0.3,1.8,1012.4,480.17,20.8,IDRSING3
2682,26.2,0.0,0.3,2017-07-10 09:21:00,72.0,114.0,2.1,3.5,1012.4,909.2,20.8,IDRSING3
2683,27.3,0.0,0.3,2017-07-10 09:26:00,67.0,124.0,2.9,3.5,1012.1,810.72,20.6,IDRSING3
2684,28.1,0.0,0.3,2017-07-10 09:32:00,65.0,122.0,2.1,3.5,1012.1,786.01,20.9,IDRSING3
2685,28.5,0.0,0.3,2017-07-10 09:37:00,62.0,159.0,1.8,1.8,1012.4,803.75,20.5,IDRSING3
2686,28.7,0.0,0.3,2017-07-10 09:42:00,61.0,111.0,1.4,1.8,1012.1,763.01,20.5,IDRSING3
2687,29.1,0.0,0.3,2017-07-10 09:47:00,60.0,108.0,0.0,0.0,1012.1,738.3,20.6,IDRSING3
2688,29.5,0.0,0.3,2017-07-10 09:52:00,57.0,189.0,5.5,7.2,1012.1,769.12,20.1,IDRSING3
2689,29.6,0.0,0.3,2017-07-10 09:57:00,57.0,195.0,4.7,5.5,1012.1,769.49,20.2,IDRSING3
2690,29.5,0.0,0.3,2017-07-10 10:02:00,57.0,174.0,2.1,3.5,1012.1,785.15,20.1,IDRSING3
2691,29.9,0.0,0.3,2017-07-10 10:07:00,57.0,106.0,2.9,3.5,1012.4,797.26,20.5,IDRSING3
2692,30.2,0.0,0.3,2017-07-10 10:12:00,56.0,104.0,4.7,7.2,1012.1,802.53,20.5,IDRSING3
2693,30.1,0.0,0.3,2017-07-10 10:17:00,56.0,115.0,0.3,1.8,1012.1,786.87,20.4,IDRSING3
2694,29.8,0.0,0.3,2017-07-10 10:22:00,57.0,191.0,9.3,13.0,1012.1,775.97,20.4,IDRSING3
2695,29.5,0.0,0.3,2017-07-10 10:27:00,54.0,167.0,0.0,0.0,1012.1,780.38,19.2,IDRSING3
2696,30.2,0.0,0.3,2017-07-10 10:32:00,54.0,155.0,1.1,1.8,1012.1,784.29,19.9,IDRSING3
2697,30.7,0.0,0.3,2017-07-10 10:37:00,53.0,155.0,2.9,5.5,1012.1,796.04,20.1,IDRSING3
2698,30.6,0.0,0.3,2017-07-10 10:43:00,54.0,267.0,1.4,1.8,1011.7,766.92,20.2,IDRSING3
2699,30.7,0.0,0.3,2017-07-10 10:48:00,52.0,118.0,1.4,1.8,1011.7,780.75,19.8,IDRSING3
2700,30.8,0.0,0.3,2017-07-10 10:53:00,50.0,109.0,1.1,1.8,1012.1,784.29,19.2,IDRSING3
2701,30.9,0.0,0.3,2017-07-10 10:59:00,53.0,189.0,2.1,3.5,1011.7,792.12,20.2,IDRSING3
2702,30.5,0.0,0.3,2017-07-10 11:04:00,51.0,217.0,9.7,16.6,1011.7,788.58,19.3,IDRSING3
2703,29.8,0.0,0.3,2017-07-10 11:09:00,52.0,145.0,2.9,3.5,1012.1,786.01,18.9,IDRSING3
2704,30.9,0.0,0.3,2017-07-10 11:15:00,49.0,116.0,0.0,0.0,1011.7,787.72,19.0,IDRSING3
2705,31.6,0.0,0.3,2017-07-10 11:20:00,46.0,166.0,6.4,9.3,1012.1,774.75,18.6,IDRSING3
2706,31.2,0.0,0.3,2017-07-10 11:25:00,49.0,147.0,1.1,3.5,1011.7,774.75,19.3,IDRSING3
2707,31.8,0.0,0.3,2017-07-10 11:30:00,48.0,116.0,2.1,3.5,1011.7,556.14,19.5,IDRSING3
2708,31.2,0.0,0.3,2017-07-10 11:35:00,48.0,150.0,4.0,5.5,1011.7,410.81,18.9,IDRSING3
2709,30.4,0.0,0.3,2017-07-10 11:40:00,50.0,221.0,10.8,16.6,1011.7,887.55,18.8,IDRSING3
2710,31.4,0.0,0.3,2017-07-10 11:45:00,48.0,107.0,0.3,1.8,1011.7,830.66,19.1,IDRSING3
2711,32.1,0.0,0.3,2017-07-10 11:51:00,45.0,176.0,0.0,0.0,1011.7,415.57,18.7,IDRSING3
2712,31.8,0.0,0.3,2017-07-10 11:56:00,46.0,158.0,1.4,1.8,1011.7,297.15,18.8,IDRSING3
2713,31.0,0.0,0.3,2017-07-10 12:01:00,49.0,162.0,3.5,5.5,1011.4,343.52,19.1,IDRSING3
2714,30.6,0.0,0.3,2017-07-10 12:06:00,50.0,142.0,1.8,3.5,1011.4,887.92,19.0,IDRSING3
2715,32.0,0.0,0.3,2017-07-10 12:12:00,49.0,148.0,0.6,1.8,1011.4,845.83,20.0,IDRSING3
2716,32.2,0.0,0.3,2017-07-10 12:17:00,50.0,130.0,1.4,1.8,1011.4,837.14,20.5,IDRSING3
2717,32.3,0.0,0.3,2017-07-10 12:22:00,50.0,142.0,2.1,5.5,1011.4,751.75,20.6,IDRSING3
2718,32.7,0.0,0.3,2017-07-10 12:27:00,50.0,175.0,1.8,3.5,1011.4,733.04,20.9,IDRSING3
2719,32.3,0.0,0.3,2017-07-10 12:32:00,50.0,168.0,0.0,0.0,1011.4,724.84,20.6,IDRSING3
2720,32.3,0.0,0.3,2017-07-10 12:37:00,50.0,172.0,1.4,1.8,1011.1,698.41,20.6,IDRSING3
2721,31.8,0.0,0.3,2017-07-10 12:42:00,49.0,180.0,1.4,1.8,1011.1,682.39,19.8,IDRSING3
2722,32.5,0.0,0.3,2017-07-10 12:48:00,47.0,150.0,2.6,3.5,1011.1,702.7,19.8,IDRSING3
2723,32.5,0.0,0.3,2017-07-10 12:53:00,47.0,117.0,1.1,3.5,1011.1,726.19,19.8,IDRSING3
2724,31.6,0.0,0.3,2017-07-10 12:58:00,50.0,126.0,9.0,11.1,1011.1,724.35,19.9,IDRSING3
2725,31.7,0.0,0.3,2017-07-10 13:03:00,46.0,119.0,3.5,11.1,1011.1,727.04,18.7,IDRSING3
2726,31.3,0.0,0.3,2017-07-10 13:08:00,53.0,84.0,2.9,3.5,1011.1,718.72,20.6,IDRSING3
2727,31.4,0.0,0.3,2017-07-10 13:13:00,55.0,123.0,2.6,3.5,1011.1,670.16,21.3,IDRSING3
2728,31.7,0.0,0.3,2017-07-10 13:19:00,53.0,115.0,7.9,11.1,1011.1,619.02,21.0,IDRSING3
2729,31.7,0.0,0.3,2017-07-10 13:24:00,55.0,131.0,3.5,5.5,1010.7,611.68,21.6,IDRSING3
2730,32.0,0.0,0.3,2017-07-10 13:29:00,53.0,180.0,8.2,11.1,1010.7,556.14,21.3,IDRSING3
2731,32.4,0.0,0.3,2017-07-10 13:34:00,51.0,150.0,2.1,3.5,1010.7,588.19,21.0,IDRSING3
2732,32.6,0.0,0.3,2017-07-10 13:39:00,53.0,199.0,2.1,3.5,1010.4,683.61,21.8,IDRSING3
2733,32.3,0.0,0.3,2017-07-10 13:44:00,55.0,118.0,0.3,1.8,1010.4,298.86,22.1,IDRSING3
2734,31.1,0.0,0.3,2017-07-10 13:49:00,57.0,141.0,0.0,0.0,1010.4,200.75,21.6,IDRSING3
2735,30.7,0.0,0.3,2017-07-10 13:55:00,58.0,123.0,1.8,3.5,1010.4,266.32,21.5,IDRSING3
2736,31.0,0.0,0.3,2017-07-10 14:00:00,58.0,99.0,3.2,5.5,1010.4,278.93,21.8,IDRSING3
2737,30.5,0.0,0.3,2017-07-10 14:05:00,60.0,134.0,5.5,7.2,1010.4,145.21,21.9,IDRSING3
2738,29.8,0.0,0.3,2017-07-10 14:10:00,60.0,144.0,1.4,1.8,1010.0,114.51,21.2,IDRSING3
2739,29.9,0.0,0.3,2017-07-10 14:16:00,61.0,106.0,1.8,3.5,1010.4,114.02,21.6,IDRSING3
2740,29.7,0.0,0.3,2017-07-10 14:21:00,62.0,114.0,2.6,3.5,1010.0,94.56,21.7,IDRSING3
2741,29.6,0.0,0.3,2017-07-10 14:26:00,62.0,200.0,2.1,3.5,1010.7,74.14,21.6,IDRSING3
2742,29.5,0.0,0.3,2017-07-10 14:31:00,62.0,148.0,1.1,1.8,1010.4,86.24,21.5,IDRSING3
2743,29.4,0.0,0.3,2017-07-10 14:36:00,62.0,107.0,1.1,3.5,1010.4,71.56,21.4,IDRSING3
2744,29.2,0.0,0.3,2017-07-10 14:41:00,63.0,113.0,3.5,5.5,1010.0,53.7,21.4,IDRSING3
2745,28.3,0.0,0.3,2017-07-10 14:46:00,71.0,103.0,5.5,7.2,1010.0,42.45,22.6,IDRSING3
2746,27.2,0.0,0.3,2017-07-10 14:51:00,75.0,113.0,1.1,1.8,1010.0,43.8,22.4,IDRSING3
2747,27.1,0.0,0.3,2017-07-10 14:56:00,74.0,122.0,0.0,0.0,1009.7,38.53,22.1,IDRSING3
2748,27.1,0.0,0.3,2017-07-10 15:01:00,75.0,110.0,0.6,1.8,1010.4,48.93,22.3,IDRSING3
2749,27.2,0.0,0.3,2017-07-10 15:07:00,74.0,141.0,4.0,5.5,1010.0,101.9,22.2,IDRSING3
2750,27.5,0.0,0.3,2017-07-10 15:12:00,72.0,124.0,6.1,7.2,1009.7,186.07,22.0,IDRSING3
2751,27.9,0.0,0.3,2017-07-10 15:17:00,71.0,134.0,2.1,3.5,1010.0,242.83,22.2,IDRSING3
2752,28.1,0.0,0.3,2017-07-10 15:22:00,71.0,135.0,2.9,3.5,1009.7,97.5,22.4,IDRSING3
2753,28.0,0.0,0.3,2017-07-10 15:27:00,72.0,132.0,1.1,1.8,1009.7,94.07,22.5,IDRSING3
2754,27.9,0.0,0.3,2017-07-10 15:32:00,72.0,129.0,0.3,1.8,1010.0,84.53,22.4,IDRSING3
2755,27.7,0.0,0.3,2017-07-10 15:37:00,72.0,139.0,2.9,3.5,1010.0,97.5,22.2,IDRSING3
2756,27.7,0.0,0.3,2017-07-10 15:42:00,73.0,132.0,1.8,1.8,1010.0,109.73,22.4,IDRSING3
2757,27.9,0.0,0.3,2017-07-10 15:48:00,71.0,132.0,0.0,0.0,1010.0,327.0,22.2,IDRSING3
2758,29.7,0.0,0.3,2017-07-10 15:53:00,66.0,218.0,0.0,0.0,1010.0,399.06,22.7,IDRSING3
2759,30.8,0.0,0.3,2017-07-10 15:58:00,63.0,175.0,2.1,3.5,1010.0,444.57,23.0,IDRSING3
2760,30.3,0.0,0.3,2017-07-10 16:03:00,66.0,143.0,1.4,1.8,1009.7,204.66,23.3,IDRSING3
2761,29.2,0.0,0.3,2017-07-10 16:08:00,69.0,146.0,0.3,1.8,1009.7,155.24,22.9,IDRSING3
2762,28.2,0.0,0.3,2017-07-10 16:13:00,70.0,150.0,0.0,0.0,1010.0,221.18,22.2,IDRSING3
2763,28.0,0.0,0.3,2017-07-10 16:19:00,68.0,146.0,0.6,1.8,1010.4,205.15,21.6,IDRSING3
2764,27.7,0.0,0.3,2017-07-10 16:24:00,71.0,107.0,1.1,1.8,1009.7,179.59,22.0,IDRSING3
2765,26.9,0.0,0.3,2017-07-10 16:29:00,75.0,113.0,1.8,1.8,1009.7,148.76,22.1,IDRSING3
2766,26.1,0.0,0.3,2017-07-10 16:35:00,74.0,118.0,1.8,1.8,1009.7,144.36,21.1,IDRSING3
2767,25.7,0.0,0.3,2017-07-10 16:40:00,71.0,293.0,4.0,5.5,1009.0,169.56,20.1,IDRSING3
2768,26.7,0.0,0.3,2017-07-10 16:45:00,66.0,296.0,2.9,3.5,1009.4,158.3,19.8,IDRSING3
2769,25.1,1.8,0.5,2017-07-10 16:53:00,84.0,145.0,16.6,25.6,1013.1,226.44,22.2,IDRSING3
2770,22.6,4.8,1.0,2017-07-10 16:58:00,92.0,139.0,15.4,20.1,1012.4,214.21,21.3,IDRSING3
2771,22.3,3.0,1.0,2017-07-10 17:04:00,92.0,162.0,8.2,9.3,1012.8,180.81,21.0,IDRSING3
2772,22.0,0.0,1.0,2017-07-10 17:09:00,85.0,210.0,16.3,25.6,1013.4,107.04,19.4,IDRSING3
2773,22.6,0.0,1.0,2017-07-10 17:14:00,88.0,209.0,6.4,11.1,1013.4,97.99,20.5,IDRSING3
2774,22.1,0.0,1.0,2017-07-10 17:19:00,78.0,123.0,2.6,5.5,1012.8,92.73,18.1,IDRSING3
2775,22.5,0.0,1.0,2017-07-10 17:24:00,77.0,113.0,0.3,1.8,1011.7,98.85,18.3,IDRSING3
2776,23.3,0.0,1.0,2017-07-10 17:29:00,77.0,178.0,1.8,1.8,1012.1,91.87,19.0,IDRSING3
2777,23.2,0.0,1.0,2017-07-10 17:34:00,82.0,173.0,0.3,1.8,1012.1,101.41,19.9,IDRSING3
2778,23.3,0.0,1.0,2017-07-10 17:40:00,79.0,169.0,0.0,0.0,1012.4,94.56,19.5,IDRSING3
2779,23.2,0.0,1.0,2017-07-10 17:45:00,73.0,125.0,0.0,0.0,1012.8,107.53,18.1,IDRSING3
2780,23.1,0.0,1.0,2017-07-10 17:50:00,78.0,192.0,4.7,5.5,1013.1,108.88,19.1,IDRSING3
2781,22.5,0.0,1.0,2017-07-10 17:55:00,82.0,206.0,6.4,9.3,1012.8,107.04,19.3,IDRSING3
2782,22.7,0.0,1.0,2017-07-10 18:00:00,92.0,206.0,2.1,3.5,1012.4,94.56,21.4,IDRSING3
2783,22.6,0.0,1.0,2017-07-10 18:05:00,98.0,222.0,5.5,5.5,1012.4,71.56,22.3,IDRSING3
2784,22.9,0.0,1.0,2017-07-10 18:10:00,90.0,226.0,10.1,11.1,1012.4,55.9,21.2,IDRSING3
2785,22.9,0.0,1.0,2017-07-10 18:16:00,90.0,218.0,6.9,9.3,1012.8,48.56,21.2,IDRSING3
2786,22.5,0.0,1.0,2017-07-10 18:21:00,99.0,183.0,4.7,7.2,1012.8,35.48,22.3,IDRSING3
2787,22.2,0.0,1.0,2017-07-10 18:26:00,99.0,205.0,4.7,7.2,1012.8,16.88,22.0,IDRSING3
2788,21.9,0.0,1.0,2017-07-10 18:31:00,97.0,202.0,0.0,0.0,1013.1,9.54,21.5,IDRSING3
2789,21.9,0.0,1.0,2017-07-10 18:36:00,99.0,203.0,0.0,0.0,1012.8,5.14,21.7,IDRSING3
2790,21.8,0.0,1.0,2017-07-10 18:41:00,99.0,203.0,2.9,3.5,1012.8,0.36,21.6,IDRSING3
2791,21.6,0.0,1.0,2017-07-10 18:46:00,99.0,212.0,4.0,5.5,1013.4,0.0,21.4,IDRSING3
2792,21.8,1.3,1.3,2017-07-10 18:51:00,99.0,197.0,1.1,1.8,1013.4,0.0,21.6,IDRSING3
2793,21.9,6.1,2.0,2017-07-10 18:56:00,99.0,195.0,2.9,3.5,1013.4,0.0,21.7,IDRSING3
2794,21.6,18.5,4.3,2017-07-10 19:01:00,99.0,289.0,3.5,3.5,1013.1,0.0,21.4,IDRSING3
2795,21.4,21.1,5.6,2017-07-10 19:06:00,99.0,258.0,0.0,0.0,1012.8,0.0,21.2,IDRSING3
2796,20.8,10.9,5.8,2017-07-10 19:11:00,10.0,119.0,3.5,5.5,1012.8,0.0,-11.9,IDRSING3
2797,20.6,3.0,6.1,2017-07-10 19:16:00,13.0,125.0,1.1,3.5,1012.8,0.0,-8.8,IDRSING3
2798,20.4,1.3,6.1,2017-07-10 19:21:00,15.0,112.0,0.3,1.8,1012.8,0.0,-7.1,IDRSING3
2799,20.4,0.0,6.1,2017-07-10 19:26:00,16.0,112.0,0.0,0.0,1013.1,0.0,-6.2,IDRSING3
2800,20.4,0.0,6.1,2017-07-10 19:32:00,15.0,63.0,2.6,3.5,1013.1,0.0,-7.1,IDRSING3
2801,20.4,0.0,6.1,2017-07-10 19:37:00,15.0,60.0,0.0,0.0,1013.1,0.0,-7.1,IDRSING3
2802,20.3,0.0,6.1,2017-07-10 19:42:00,16.0,60.0,0.0,0.0,1013.1,0.0,-6.3,IDRSING3
2803,20.3,0.0,6.1,2017-07-10 19:47:00,16.0,60.0,1.8,1.8,1013.1,0.0,-6.3,IDRSING3
2804,20.3,0.0,6.1,2017-07-10 19:52:00,16.0,59.0,2.1,3.5,1013.1,0.0,-6.3,IDRSING3
2805,20.4,0.0,6.1,2017-07-10 19:57:00,16.0,59.0,0.0,0.0,1013.1,0.0,-6.2,IDRSING3
2806,20.3,0.0,6.1,2017-07-10 20:02:00,16.0,60.0,0.0,0.0,1012.8,0.0,-6.3,IDRSING3
2807,20.2,1.8,6.3,2017-07-10 20:07:00,15.0,60.0,0.0,0.0,1013.1,0.0,-7.2,IDRSING3
2808,20.1,1.8,6.3,2017-07-10 20:12:00,15.0,60.0,0.0,0.0,1012.8,0.0,-7.3,IDRSING3
2809,20.0,0.0,6.3,2017-07-10 20:17:00,15.0,60.0,0.0,0.0,1012.8,0.0,-7.4,IDRSING3
2810,19.9,0.0,6.3,2017-07-10 20:22:00,15.0,60.0,0.0,0.0,1013.1,0.0,-7.5,IDRSING3
2811,20.0,1.8,6.6,2017-07-10 20:28:00,15.0,60.0,0.0,0.0,1012.8,0.0,-7.4,IDRSING3
2812,20.0,1.8,6.6,2017-07-10 20:33:00,15.0,60.0,0.0,0.0,1013.1,0.0,-7.4,IDRSING3
2813,19.9,0.0,6.6,2017-07-10 20:38:00,15.0,60.0,0.0,0.0,1012.8,0.0,-7.5,IDRSING3
2814,19.8,0.0,6.6,2017-07-10 20:44:00,15.0,60.0,0.0,0.0,1012.8,0.0,-7.6,IDRSING3
2815,19.8,0.0,6.6,2017-07-10 20:49:00,14.0,60.0,0.0,0.0,1013.1,0.0,-8.4,IDRSING3
2816,19.7,0.0,6.6,2017-07-10 20:54:00,14.0,60.0,0.6,1.8,1013.1,0.0,-8.5,IDRSING3
2817,19.7,0.0,6.6,2017-07-10 20:59:00,14.0,60.0,1.4,1.8,1013.4,0.0,-8.5,IDRSING3
2818,19.8,0.0,6.6,2017-07-10 21:04:00,14.0,60.0,0.0,0.0,1013.1,0.0,-8.4,IDRSING3
2819,19.8,0.0,6.6,2017-07-10 21:09:00,14.0,60.0,0.0,0.0,1013.4,0.0,-8.4,IDRSING3
2820,19.9,0.0,6.6,2017-07-10 21:14:00,14.0,59.0,2.1,3.5,1013.1,0.0,-8.4,IDRSING3
2821,20.0,0.0,6.6,2017-07-10 21:20:00,14.0,59.0,0.0,0.0,1012.8,0.0,-8.3,IDRSING3
2822,19.9,0.0,6.6,2017-07-10 21:25:00,14.0,60.0,0.0,0.0,1013.1,0.0,-8.4,IDRSING3
2823,19.8,0.0,6.6,2017-07-10 21:30:00,13.0,59.0,0.0,0.0,1012.8,0.0,-9.4,IDRSING3
2824,19.7,0.0,6.6,2017-07-10 21:35:00,13.0,59.0,0.0,0.0,1012.8,0.0,-9.5,IDRSING3
2825,19.7,0.0,6.6,2017-07-10 21:40:00,12.0,60.0,0.0,0.0,1012.8,0.0,-10.5,IDRSING3
2826,19.6,0.0,6.6,2017-07-10 21:45:00,12.0,59.0,0.6,1.8,1012.8,0.0,-10.6,IDRSING3
2827,19.6,0.0,6.6,2017-07-10 21:50:00,12.0,60.0,1.4,1.8,1013.4,0.0,-10.6,IDRSING3
2828,19.7,0.0,6.6,2017-07-10 21:56:00,11.0,60.0,0.0,0.0,1013.1,0.0,-11.6,IDRSING3
2829,19.9,0.0,0.0,2017-07-10 22:01:00,11.0,317.0,6.1,9.3,1013.4,0.0,-11.4,IDRSING3
2830,20.2,0.0,0.0,2017-07-10 22:06:00,14.0,311.0,5.5,5.5,1013.4,0.0,-8.1,IDRSING3
2831,20.4,0.0,0.0,2017-07-10 22:12:00,13.0,287.0,0.3,1.8,1013.8,0.0,-8.9,IDRSING3
2832,20.4,0.0,0.0,2017-07-10 22:17:00,14.0,304.0,4.0,5.5,1013.4,0.0,-8.0,IDRSING3
2833,20.5,0.0,0.0,2017-07-10 22:22:00,13.0,313.0,2.9,3.5,1013.8,0.0,-8.8,IDRSING3
2834,20.4,0.0,0.0,2017-07-10 22:27:00,13.0,313.0,0.3,1.8,1013.4,0.0,-8.9,IDRSING3
2835,20.2,0.0,0.0,2017-07-10 22:33:00,13.0,313.0,0.0,0.0,1013.4,0.0,-9.1,IDRSING3
2836,20.1,0.0,0.0,2017-07-10 22:38:00,13.0,313.0,0.0,0.0,1013.4,0.0,-9.1,IDRSING3
2837,19.9,0.0,0.0,2017-07-10 22:43:00,12.0,313.0,0.0,0.0,1013.4,0.0,-10.3,IDRSING3
2838,19.7,0.0,0.0,2017-07-10 22:48:00,12.0,313.0,0.0,0.0,1013.4,0.0,-10.5,IDRSING3
2839,19.7,0.0,0.0,2017-07-10 22:53:00,12.0,313.0,1.4,1.8,1013.1,0.0,-10.5,IDRSING3
2840,19.7,0.0,0.0,2017-07-10 22:58:00,11.0,313.0,0.0,0.0,1013.4,0.0,-11.6,IDRSING3
2841,19.7,0.0,0.0,2017-07-10 23:03:00,11.0,313.0,0.0,0.0,1013.1,0.0,-11.6,IDRSING3
2842,19.7,0.0,0.0,2017-07-10 23:08:00,11.0,313.0,0.0,0.0,1013.1,0.0,-11.6,IDRSING3
2843,19.7,0.0,0.0,2017-07-10 23:13:00,11.0,313.0,0.0,0.0,1013.1,0.0,-11.6,IDRSING3
2844,19.7,0.0,0.0,2017-07-10 23:18:00,11.0,313.0,1.8,1.8,1013.1,0.0,-11.6,IDRSING3
2845,19.9,0.0,0.0,2017-07-10 23:23:00,11.0,313.0,0.0,0.0,1013.1,0.0,-11.4,IDRSING3
2846,19.8,0.0,0.0,2017-07-10 23:28:00,10.0,313.0,0.0,0.0,1013.1,0.0,-12.7,IDRSING3
2847,19.7,0.0,0.0,2017-07-10 23:33:00,10.0,313.0,0.6,1.8,1012.8,0.0,-12.8,IDRSING3
2848,19.7,0.0,0.0,2017-07-10 23:38:00,10.0,313.0,1.1,1.8,1012.8,0.0,-12.8,IDRSING3
2849,19.5,0.0,0.0,2017-07-10 23:44:00,10.0,313.0,0.0,0.0,1012.8,0.0,-12.9,IDRSING3
2850,19.3,0.0,0.0,2017-07-10 23:49:00,10.0,313.0,3.5,3.5,1013.1,0.0,-13.1,IDRSING3
2851,19.6,0.0,0.0,2017-07-10 23:54:00,10.0,224.0,10.5,13.0,1013.8,0.0,-12.8,IDRSING3
2852,20.4,0.0,0.0,2017-07-10 23:59:00,12.0,257.0,12.2,14.8,1013.8,0.0,-9.9,IDRSING3
2853,21.6,0.0,0.0,2017-07-11 00:04:00,99.0,261.0,8.2,9.3,1013.8,0.0,21.4,IDRSING3
2854,21.8,0.0,0.0,2017-07-11 00:09:00,10.0,267.0,10.8,14.8,1013.8,0.0,-11.1,IDRSING3
2855,21.6,0.0,0.0,2017-07-11 00:14:00,99.0,292.0,6.4,9.3,1013.8,0.0,21.4,IDRSING3
2856,21.3,0.0,0.0,2017-07-11 00:19:00,10.0,277.0,7.9,9.3,1014.1,0.0,-11.5,IDRSING3
2857,20.6,0.0,0.0,2017-07-11 00:24:00,13.0,6.0,14.3,18.3,1014.1,0.0,-8.8,IDRSING3
2858,20.0,1.3,0.3,2017-07-11 00:29:00,14.0,310.0,14.3,16.6,1013.8,0.0,-8.3,IDRSING3
2859,19.8,16.3,2.8,2017-07-11 00:34:00,13.0,333.0,23.0,27.7,1013.8,0.0,-9.4,IDRSING3
2860,19.7,19.8,3.6,2017-07-11 00:39:00,13.0,2.0,14.0,16.6,1014.1,0.0,-9.5,IDRSING3
2861,19.8,13.7,4.6,2017-07-11 00:44:00,13.0,329.0,7.6,9.3,1013.8,0.0,-9.4,IDRSING3
2862,19.9,7.9,4.8,2017-07-11 00:49:00,13.0,346.0,9.3,13.0,1013.8,0.0,-9.3,IDRSING3
2863,19.9,1.8,4.8,2017-07-11 00:54:00,13.0,311.0,12.2,13.0,1013.8,0.0,-9.3,IDRSING3
2864,20.0,0.0,4.8,2017-07-11 01:00:00,13.0,321.0,8.7,11.1,1013.8,0.0,-9.2,IDRSING3
2865,20.1,0.0,4.8,2017-07-11 01:05:00,13.0,293.0,5.8,7.2,1014.1,0.0,-9.1,IDRSING3
2866,20.1,0.0,4.8,2017-07-11 01:10:00,14.0,286.0,6.4,9.3,1013.8,0.0,-8.2,IDRSING3
2867,20.2,0.0,4.8,2017-07-11 01:16:00,14.0,315.0,7.9,9.3,1013.8,0.0,-8.1,IDRSING3
2868,20.2,0.0,4.8,2017-07-11 01:21:00,14.0,307.0,6.9,7.2,1014.1,0.0,-8.1,IDRSING3
2869,20.2,0.0,4.8,2017-07-11 01:26:00,14.0,277.0,4.7,5.5,1014.1,0.0,-8.1,IDRSING3
2870,20.2,0.0,4.8,2017-07-11 01:32:00,14.0,314.0,4.3,5.5,1014.1,0.0,-8.1,IDRSING3
2871,20.3,0.0,4.8,2017-07-11 01:37:00,14.0,331.0,2.6,3.5,1014.1,0.0,-8.0,IDRSING3
2872,20.2,0.0,4.8,2017-07-11 01:42:00,14.0,278.0,2.9,3.5,1014.1,0.0,-8.1,IDRSING3
2873,20.2,0.0,4.8,2017-07-11 01:47:00,14.0,278.0,0.0,0.0,1014.4,0.0,-8.1,IDRSING3
2874,20.1,0.0,4.8,2017-07-11 01:52:00,15.0,278.0,0.0,0.0,1014.1,0.0,-7.3,IDRSING3
2875,19.9,0.0,4.8,2017-07-11 01:57:00,15.0,278.0,0.0,0.0,1014.4,0.0,-7.5,IDRSING3
2876,19.8,0.0,4.8,2017-07-11 02:02:00,14.0,278.0,0.0,0.0,1014.4,0.0,-8.4,IDRSING3
2877,19.7,0.0,4.8,2017-07-11 02:08:00,13.0,278.0,0.0,0.0,1014.8,0.0,-9.5,IDRSING3
2878,19.7,0.0,4.8,2017-07-11 02:12:00,13.0,278.0,0.0,0.0,1014.8,0.0,-9.5,IDRSING3
2879,19.6,0.0,4.8,2017-07-11 02:17:00,12.0,276.0,1.4,1.8,1014.8,0.0,-10.6,IDRSING3
2880,19.6,0.0,4.8,2017-07-11 02:22:00,12.0,276.0,0.0,0.0,1014.8,0.0,-10.6,IDRSING3
2881,19.6,0.0,4.8,2017-07-11 02:28:00,12.0,276.0,0.0,0.0,1014.8,0.0,-10.6,IDRSING3
2882,19.6,0.0,4.8,2017-07-11 02:33:00,14.0,276.0,0.6,1.8,1014.8,0.0,-8.6,IDRSING3
2883,19.7,0.0,4.8,2017-07-11 02:38:00,13.0,276.0,0.0,0.0,1014.8,0.0,-9.5,IDRSING3
2884,19.8,0.0,4.8,2017-07-11 02:43:00,13.0,277.0,2.1,3.5,1015.1,0.0,-9.4,IDRSING3
2885,20.1,0.0,4.8,2017-07-11 02:48:00,13.0,262.0,4.7,5.5,1014.8,0.0,-9.1,IDRSING3
2886,20.2,0.0,4.8,2017-07-11 02:53:00,12.0,294.0,16.3,18.3,1014.4,0.0,-10.1,IDRSING3
2887,20.1,0.0,4.8,2017-07-11 02:58:00,12.0,304.0,12.2,14.8,1014.8,0.0,-10.2,IDRSING3
2888,20.1,0.0,4.8,2017-07-11 03:04:00,10.0,307.0,8.7,11.1,1014.4,0.0,-12.5,IDRSING3
2889,20.1,0.0,4.8,2017-07-11 03:09:00,10.0,300.0,12.6,14.8,1014.4,0.0,-12.5,IDRSING3
2890,20.0,0.0,4.8,2017-07-11 03:14:00,11.0,313.0,13.4,16.6,1015.1,0.0,-11.3,IDRSING3
2891,19.9,0.0,4.8,2017-07-11 03:20:00,13.0,323.0,7.2,9.3,1015.1,1.22,-9.3,IDRSING3
2892,19.9,0.0,4.8,2017-07-11 03:25:00,13.0,268.0,4.0,5.5,1015.1,1.22,-9.3,IDRSING3
2893,19.7,0.0,4.8,2017-07-11 03:30:00,14.0,242.0,4.7,5.5,1015.5,2.08,-8.5,IDRSING3
2894,19.7,1.3,5.1,2017-07-11 03:36:00,14.0,221.0,5.5,5.5,1015.5,0.85,-8.5,IDRSING3
2895,19.6,3.0,5.3,2017-07-11 03:41:00,14.0,251.0,3.5,3.5,1015.8,1.22,-8.6,IDRSING3
2896,19.6,9.7,6.6,2017-07-11 03:46:00,14.0,267.0,11.1,13.0,1015.8,3.43,-8.6,IDRSING3
2897,19.4,16.8,8.1,2017-07-11 03:51:00,15.0,245.0,7.9,11.1,1016.1,3.43,-7.9,IDRSING3
2898,19.5,11.9,8.9,2017-07-11 03:56:00,15.0,220.0,5.8,7.2,1016.1,6.85,-7.8,IDRSING3
2899,19.4,6.1,9.1,2017-07-11 04:01:00,14.0,243.0,1.8,1.8,1015.8,12.11,-8.8,IDRSING3
2900,19.4,3.0,9.1,2017-07-11 04:06:00,14.0,222.0,4.0,5.5,1015.8,16.39,-8.8,IDRSING3
2901,19.4,1.3,9.4,2017-07-11 04:12:00,14.0,222.0,1.4,1.8,1016.1,17.73,-8.8,IDRSING3
2902,19.4,1.3,9.4,2017-07-11 04:17:00,13.0,221.0,1.8,1.8,1015.8,14.68,-9.7,IDRSING3
2903,19.4,0.0,9.4,2017-07-11 04:22:00,13.0,221.0,0.6,1.8,1016.1,4.28,-9.7,IDRSING3
2904,19.3,0.0,9.4,2017-07-11 04:28:00,12.0,221.0,0.6,1.8,1016.1,8.56,-10.8,IDRSING3
2905,19.3,0.0,9.4,2017-07-11 04:33:00,12.0,221.0,2.1,3.5,1016.5,13.82,-10.8,IDRSING3
2906,19.4,1.8,9.7,2017-07-11 04:38:00,11.0,221.0,1.1,1.8,1016.1,25.07,-11.8,IDRSING3
2907,19.4,1.8,9.7,2017-07-11 04:44:00,11.0,221.0,0.6,1.8,1016.5,18.6,-11.8,IDRSING3
2908,19.3,1.8,9.9,2017-07-11 04:49:00,10.0,188.0,3.2,3.5,1016.5,20.31,-13.1,IDRSING3
2909,19.3,3.0,10.2,2017-07-11 04:54:00,10.0,177.0,2.1,3.5,1016.5,17.25,-13.1,IDRSING3
2910,19.3,3.0,10.4,2017-07-11 04:59:00,10.0,199.0,0.3,1.8,1016.5,32.05,-13.1,IDRSING3
2911,19.3,1.8,10.4,2017-07-11 05:04:00,10.0,199.0,0.0,0.0,1016.5,49.42,-13.1,IDRSING3
2912,19.4,1.3,10.7,2017-07-11 05:09:00,10.0,190.0,0.3,1.8,1016.5,28.63,-13.0,IDRSING3
2913,19.4,1.3,10.7,2017-07-11 05:14:00,10.0,184.0,1.1,1.8,1016.5,39.02,-13.0,IDRSING3
2914,19.4,0.0,10.7,2017-07-11 05:20:00,10.0,180.0,1.4,1.8,1016.5,46.36,-13.0,IDRSING3
2915,19.3,0.0,10.7,2017-07-11 05:25:00,10.0,178.0,4.0,5.5,1016.5,34.25,-13.1,IDRSING3
2916,19.4,0.0,10.7,2017-07-11 05:30:00,11.0,212.0,5.8,7.2,1016.5,30.34,-11.8,IDRSING3
2917,19.6,0.0,10.7,2017-07-11 05:36:00,12.0,214.0,6.4,7.2,1016.5,62.88,-10.6,IDRSING3
2918,19.7,0.0,10.7,2017-07-11 05:41:00,14.0,249.0,9.0,11.1,1016.5,74.5,-8.5,IDRSING3
2919,19.8,0.0,10.7,2017-07-11 05:46:00,14.0,234.0,9.3,11.1,1016.8,69.36,-8.4,IDRSING3
2920,19.8,0.0,10.7,2017-07-11 05:51:00,13.0,221.0,6.1,7.2,1016.8,36.82,-9.4,IDRSING3
2921,19.7,0.0,10.7,2017-07-11 05:57:00,14.0,237.0,7.9,9.3,1016.8,34.62,-8.5,IDRSING3
2922,19.7,0.0,10.7,2017-07-11 06:02:00,14.0,215.0,5.5,7.2,1016.8,57.25,-8.5,IDRSING3
2923,19.7,0.0,10.7,2017-07-11 06:07:00,14.0,209.0,3.5,3.5,1017.2,46.36,-8.5,IDRSING3
2924,19.7,0.0,10.7,2017-07-11 06:12:00,14.0,209.0,3.2,5.5,1016.8,55.41,-8.5,IDRSING3
2925,19.8,0.0,10.7,2017-07-11 06:17:00,14.0,209.0,2.1,3.5,1016.8,89.31,-8.4,IDRSING3
2926,20.0,0.0,10.7,2017-07-11 06:22:00,14.0,209.0,3.5,3.5,1016.8,125.76,-8.3,IDRSING3
2927,20.0,0.0,10.7,2017-07-11 06:28:00,14.0,209.0,4.7,5.5,1016.8,134.44,-8.3,IDRSING3
2928,20.1,0.0,10.7,2017-07-11 06:33:00,14.0,209.0,4.0,5.5,1016.8,108.88,-8.2,IDRSING3
2929,20.2,0.0,10.7,2017-07-11 06:38:00,14.0,209.0,5.8,7.2,1016.8,91.51,-8.1,IDRSING3
2930,20.2,0.0,10.7,2017-07-11 06:43:00,14.0,240.0,5.5,5.5,1016.8,120.13,-8.1,IDRSING3
2931,20.2,0.0,10.7,2017-07-11 06:48:00,13.0,219.0,9.3,11.1,1017.2,118.42,-9.1,IDRSING3
2932,20.2,0.0,10.7,2017-07-11 06:53:00,13.0,228.0,9.7,11.1,1016.8,120.5,-9.1,IDRSING3
2933,20.2,0.0,10.7,2017-07-11 06:58:00,10.0,254.0,8.7,11.1,1016.8,164.78,-12.4,IDRSING3
2934,20.2,0.0,10.7,2017-07-11 07:04:00,10.0,235.0,9.3,11.1,1016.8,246.75,-12.4,IDRSING3
2935,20.4,0.0,10.7,2017-07-11 07:09:00,10.0,239.0,11.9,13.0,1016.8,272.81,-12.2,IDRSING3
2936,20.6,0.0,10.7,2017-07-11 07:14:00,10.0,230.0,11.1,13.0,1017.2,379.49,-12.1,IDRSING3
2937,20.8,0.0,10.7,2017-07-11 07:20:00,10.0,272.0,8.2,9.3,1017.2,379.98,-11.9,IDRSING3
2938,20.9,0.0,10.7,2017-07-11 07:25:00,99.0,244.0,10.8,14.8,1017.2,385.6,20.7,IDRSING3
2939,21.1,0.0,10.7,2017-07-11 07:31:00,99.0,267.0,11.1,13.0,1017.2,420.71,20.9,IDRSING3
2940,21.5,0.0,10.7,2017-07-11 07:36:00,99.0,253.0,13.0,16.6,1016.8,603.36,21.3,IDRSING3
2941,22.2,0.0,10.7,2017-07-11 07:41:00,99.0,251.0,14.8,18.3,1016.8,673.7,22.0,IDRSING3
2942,22.2,0.0,10.7,2017-07-11 07:46:00,99.0,271.0,9.7,11.1,1016.8,4246.87,22.0,IDRSING3
2943,22.4,0.0,10.7,2017-07-11 07:51:00,96.0,245.0,15.8,18.3,1016.8,383.89,21.8,IDRSING3
2944,21.8,0.0,10.7,2017-07-11 07:56:00,99.0,241.0,10.5,13.0,1016.8,474.05,21.6,IDRSING3
2945,21.7,0.0,10.7,2017-07-11 08:01:00,99.0,241.0,9.7,11.1,1017.2,373.0,21.5,IDRSING3
2946,22.0,0.0,10.7,2017-07-11 08:06:00,93.0,284.0,9.3,13.0,1017.2,346.57,20.8,IDRSING3
2947,22.0,0.0,10.7,2017-07-11 08:11:00,95.0,258.0,12.2,14.8,1017.2,373.49,21.1,IDRSING3
2948,22.0,0.0,10.7,2017-07-11 08:16:00,92.0,246.0,11.9,14.8,1017.5,330.06,20.7,IDRSING3
2949,22.1,0.0,10.7,2017-07-11 08:21:00,91.0,298.0,9.3,11.1,1017.5,307.06,20.6,IDRSING3
2950,22.1,0.0,10.7,2017-07-11 08:27:00,91.0,277.0,9.3,11.1,1017.5,347.8,20.6,IDRSING3
2951,22.2,0.0,10.7,2017-07-11 08:32:00,90.0,253.0,10.1,16.6,1017.5,435.52,20.5,IDRSING3
2952,23.0,0.0,10.7,2017-07-11 08:37:00,85.0,255.0,11.6,14.8,1017.5,724.35,20.4,IDRSING3
2953,23.2,0.0,10.7,2017-07-11 08:42:00,84.0,273.0,9.7,11.1,1017.5,1085.37,20.4,IDRSING3
2954,23.4,0.0,10.7,2017-07-11 08:47:00,84.0,249.0,9.3,13.0,1017.8,1062.37,20.6,IDRSING3
2955,23.8,0.0,10.7,2017-07-11 08:52:00,82.0,206.0,11.9,13.0,1017.5,1002.54,20.5,IDRSING3
2956,23.8,0.0,10.7,2017-07-11 08:57:00,80.0,233.0,9.3,11.1,1017.5,1006.83,20.2,IDRSING3
2957,24.0,0.0,10.7,2017-07-11 09:03:00,81.0,225.0,6.4,7.2,1017.8,324.44,20.5,IDRSING3
2958,23.5,0.0,10.7,2017-07-11 09:08:00,80.0,259.0,11.1,13.0,1017.5,409.46,19.9,IDRSING3
2959,23.9,0.0,10.7,2017-07-11 09:13:00,79.0,234.0,4.7,7.2,1017.8,1160.36,20.1,IDRSING3
2960,24.2,0.0,10.7,2017-07-11 09:19:00,78.0,281.0,7.6,9.3,1017.8,349.15,20.1,IDRSING3
2961,23.6,0.0,10.7,2017-07-11 09:24:00,80.0,251.0,11.6,13.0,1017.5,288.47,20.0,IDRSING3
2962,23.3,0.0,10.7,2017-07-11 09:29:00,77.0,222.0,6.9,7.2,1017.5,326.64,19.0,IDRSING3
2963,23.5,0.0,10.7,2017-07-11 09:35:00,77.0,249.0,7.6,9.3,1017.5,332.63,19.2,IDRSING3
2964,23.6,0.0,10.7,2017-07-11 09:40:00,77.0,265.0,9.0,11.1,1017.5,321.01,19.3,IDRSING3
2965,23.7,0.0,10.7,2017-07-11 09:45:00,76.0,264.0,6.9,7.2,1017.5,303.15,19.2,IDRSING3
2966,23.8,0.0,10.7,2017-07-11 09:50:00,76.0,260.0,7.9,11.1,1017.5,354.4,19.3,IDRSING3
2967,24.2,0.0,10.7,2017-07-11 09:55:00,76.0,219.0,2.1,3.5,1017.8,423.77,19.7,IDRSING3
2968,24.2,0.0,10.7,2017-07-11 10:00:00,73.0,226.0,9.0,11.1,1017.8,288.47,19.1,IDRSING3
2969,24.0,0.0,10.7,2017-07-11 10:05:00,72.0,235.0,3.5,5.5,1017.8,241.98,18.6,IDRSING3
2970,24.2,0.0,10.7,2017-07-11 10:11:00,68.0,276.0,5.5,5.5,1017.5,217.27,17.9,IDRSING3
2971,24.3,0.0,10.7,2017-07-11 10:16:00,69.0,247.0,9.0,13.0,1017.5,251.52,18.3,IDRSING3
2972,24.6,0.0,10.7,2017-07-11 10:21:00,66.0,235.0,13.0,16.6,1017.5,277.58,17.8,IDRSING3
2973,24.8,0.0,10.7,2017-07-11 10:26:00,65.0,238.0,13.7,14.8,1017.5,328.71,17.8,IDRSING3
2974,25.1,0.0,10.7,2017-07-11 10:31:00,63.0,240.0,18.3,20.1,1017.2,328.71,17.6,IDRSING3
2975,25.2,0.0,10.7,2017-07-11 10:36:00,61.0,252.0,16.9,18.3,1017.2,442.86,17.2,IDRSING3
2976,25.2,0.0,10.7,2017-07-11 10:41:00,61.0,245.0,15.1,20.1,1017.5,301.44,17.2,IDRSING3
2977,25.7,0.0,10.7,2017-07-11 10:47:00,59.0,271.0,12.2,14.8,1017.5,1036.8,17.1,IDRSING3
2978,26.9,0.0,10.7,2017-07-11 10:52:00,58.0,277.0,11.9,13.0,1017.2,919.6,18.0,IDRSING3
2979,26.9,0.0,10.7,2017-07-11 10:57:00,57.0,216.0,7.2,9.3,1017.2,949.57,17.7,IDRSING3
2980,27.3,0.0,10.7,2017-07-11 11:02:00,56.0,293.0,15.4,18.3,1017.2,934.4,17.8,IDRSING3
2981,27.2,0.0,10.7,2017-07-11 11:07:00,54.0,265.0,14.8,20.1,1017.2,602.01,17.1,IDRSING3
2982,26.9,0.0,10.7,2017-07-11 11:13:00,51.0,225.0,20.9,23.8,1017.2,959.48,15.9,IDRSING3
2983,27.6,0.0,10.7,2017-07-11 11:18:00,51.0,277.0,16.9,20.1,1017.2,676.64,16.6,IDRSING3
2984,27.5,0.0,10.7,2017-07-11 11:23:00,49.0,245.0,20.9,25.6,1017.2,590.76,15.9,IDRSING3
2985,27.4,0.0,10.7,2017-07-11 11:28:00,52.0,280.0,11.1,13.0,1017.2,933.05,16.7,IDRSING3
2986,27.9,0.0,10.7,2017-07-11 11:33:00,50.0,278.0,18.7,21.9,1017.2,841.06,16.5,IDRSING3
2987,27.9,0.0,10.7,2017-07-11 11:39:00,49.0,256.0,19.5,25.6,1017.2,421.2,16.2,IDRSING3
2988,27.3,0.0,10.7,2017-07-11 11:44:00,50.0,279.0,22.7,27.7,1016.8,306.2,16.0,IDRSING3
2989,26.4,0.0,10.7,2017-07-11 11:49:00,53.0,256.0,15.4,20.1,1017.2,330.92,16.1,IDRSING3
2990,27.0,0.0,10.7,2017-07-11 11:55:00,51.0,270.0,14.3,18.3,1017.2,910.92,16.0,IDRSING3
2991,27.1,0.0,10.7,2017-07-11 12:00:00,53.0,266.0,10.8,13.0,1017.2,327.86,16.7,IDRSING3
2992,26.6,0.0,10.7,2017-07-11 12:05:00,51.0,286.0,14.0,16.6,1017.2,228.15,15.7,IDRSING3
2993,26.3,0.0,10.7,2017-07-11 12:10:00,53.0,291.0,11.6,14.8,1017.2,208.58,16.0,IDRSING3
2994,26.7,0.0,10.7,2017-07-11 12:15:00,51.0,245.0,9.0,13.0,1017.2,794.21,15.8,IDRSING3
2995,28.3,0.0,10.7,2017-07-11 12:20:00,48.0,267.0,9.7,13.0,1017.2,880.21,16.3,IDRSING3
2996,28.2,0.0,10.7,2017-07-11 12:25:00,47.0,281.0,10.8,13.0,1017.2,958.63,15.8,IDRSING3
2997,28.2,0.0,10.7,2017-07-11 12:30:00,47.0,300.0,12.2,14.8,1017.2,261.07,15.8,IDRSING3
2998,26.9,0.0,10.7,2017-07-11 12:35:00,49.0,289.0,16.9,20.1,1017.2,410.81,15.3,IDRSING3
2999,28.0,0.0,10.7,2017-07-11 12:40:00,48.0,279.0,11.6,13.0,1017.2,936.61,16.0,IDRSING3
3000,28.4,0.0,10.7,2017-07-11 12:45:00,47.0,250.0,15.4,18.3,1016.8,369.57,16.0,IDRSING3
3001,28.3,0.0,10.7,2017-07-11 12:51:00,45.0,266.0,16.3,18.3,1017.2,899.66,15.3,IDRSING3
3002,28.7,0.0,10.7,2017-07-11 12:56:00,45.0,298.0,17.2,21.9,1017.2,194.76,15.6,IDRSING3
3003,28.3,0.0,10.7,2017-07-11 13:01:00,44.0,267.0,19.5,23.8,1016.8,776.46,14.9,IDRSING3
3004,27.8,0.0,10.7,2017-07-11 13:06:00,47.0,271.0,19.5,23.8,1017.2,845.83,15.5,IDRSING3
3005,27.2,0.0,10.7,2017-07-11 13:11:00,48.0,280.0,12.6,14.8,1017.2,779.53,15.3,IDRSING3
3006,27.1,0.0,10.7,2017-07-11 13:16:00,49.0,299.0,11.1,14.8,1016.8,238.92,15.5,IDRSING3
3007,27.2,0.0,10.7,2017-07-11 13:21:00,49.0,297.0,12.2,16.6,1017.2,211.15,15.6,IDRSING3
3008,27.1,0.0,10.7,2017-07-11 13:27:00,49.0,286.0,12.2,14.8,1017.2,202.95,15.5,IDRSING3
3009,27.5,0.0,10.7,2017-07-11 13:32:00,48.0,254.0,7.9,9.3,1017.2,435.88,15.5,IDRSING3
3010,28.4,0.0,10.7,2017-07-11 13:37:00,46.0,238.0,16.6,18.3,1017.2,601.16,15.7,IDRSING3
3011,28.3,0.0,10.7,2017-07-11 13:42:00,46.0,231.0,15.1,20.1,1017.2,455.82,15.6,IDRSING3
3012,28.5,0.0,10.7,2017-07-11 13:47:00,44.0,251.0,16.9,20.1,1017.2,265.47,15.1,IDRSING3
3013,28.3,0.0,10.7,2017-07-11 13:52:00,46.0,296.0,16.6,18.3,1016.8,342.17,15.6,IDRSING3
3014,28.2,0.0,10.7,2017-07-11 13:57:00,45.0,269.0,16.9,20.1,1016.8,671.5,15.2,IDRSING3
3015,27.9,0.0,10.7,2017-07-11 14:02:00,45.0,299.0,20.6,21.9,1017.2,603.85,14.9,IDRSING3
3016,28.3,0.0,10.7,2017-07-11 14:07:00,44.0,271.0,9.3,13.0,1017.2,545.62,14.9,IDRSING3
3017,28.5,0.0,10.7,2017-07-11 14:13:00,45.0,264.0,16.3,20.1,1017.2,210.29,15.4,IDRSING3
3018,28.2,0.0,10.7,2017-07-11 14:18:00,44.0,301.0,13.4,14.8,1016.8,563.48,14.8,IDRSING3
3019,28.3,0.0,10.7,2017-07-11 14:23:00,45.0,297.0,16.9,20.1,1017.2,231.58,15.3,IDRSING3
3020,28.1,0.0,10.7,2017-07-11 14:25:00,45.0,278.0,12.2,14.8,1016.8,506.59,15.1,IDRSING3
3021,28.3,0.0,10.7,2017-07-11 14:30:00,44.0,338.0,13.7,16.6,1016.8,573.02,14.9,IDRSING3
3022,28.5,0.0,10.7,2017-07-11 14:35:00,44.0,282.0,11.1,13.0,1016.8,556.5,15.1,IDRSING3
3023,28.6,0.0,10.7,2017-07-11 14:40:00,44.0,312.0,13.4,16.6,1016.8,442.86,15.2,IDRSING3
3024,28.5,0.0,10.7,2017-07-11 14:45:00,43.0,276.0,13.4,16.6,1017.2,500.11,14.7,IDRSING3
3025,28.7,0.0,10.7,2017-07-11 14:50:00,44.0,301.0,8.7,11.1,1016.8,546.6,15.3,IDRSING3
3026,28.8,0.0,10.7,2017-07-11 14:55:00,44.0,301.0,14.8,16.6,1017.2,497.91,15.4,IDRSING3
3027,28.1,0.0,10.7,2017-07-11 15:01:00,46.0,274.0,9.3,11.1,1017.2,149.61,15.4,IDRSING3
3028,28.1,0.0,10.7,2017-07-11 15:06:00,45.0,277.0,5.5,5.5,1016.5,425.97,15.1,IDRSING3
3029,28.7,0.0,10.7,2017-07-11 15:11:00,44.0,278.0,13.7,16.6,1016.5,527.02,15.3,IDRSING3
3030,29.0,0.0,10.7,2017-07-11 15:16:00,43.0,291.0,11.9,14.8,1016.5,449.83,15.2,IDRSING3
3031,28.9,0.0,10.7,2017-07-11 15:18:00,44.0,272.0,6.1,7.2,1016.5,449.83,15.5,IDRSING3
3032,28.8,0.0,10.7,2017-07-11 15:23:00,44.0,287.0,13.7,16.6,1016.1,414.23,15.4,IDRSING3
3033,29.1,0.0,10.7,2017-07-11 15:28:00,43.0,292.0,13.7,14.8,1016.5,376.91,15.3,IDRSING3
3034,28.6,0.0,10.7,2017-07-11 15:33:00,43.0,297.0,9.7,11.1,1016.5,389.88,14.8,IDRSING3
3035,28.7,0.0,10.7,2017-07-11 15:39:00,43.0,279.0,14.0,14.8,1016.5,371.29,14.9,IDRSING3
3036,28.8,0.0,10.7,2017-07-11 15:44:00,43.0,264.0,7.2,9.3,1016.1,375.57,15.0,IDRSING3
3037,28.7,0.0,10.7,2017-07-11 15:49:00,42.0,249.0,14.8,18.3,1016.5,311.83,14.6,IDRSING3
3038,28.3,0.0,10.7,2017-07-11 15:55:00,44.0,338.0,8.7,9.3,1016.5,163.07,14.9,IDRSING3
3039,28.5,0.0,10.7,2017-07-11 16:00:00,42.0,254.0,9.3,11.1,1016.1,363.09,14.4,IDRSING3
3040,28.6,0.0,10.7,2017-07-11 16:05:00,42.0,330.0,20.1,23.8,1016.5,252.38,14.5,IDRSING3
3041,28.2,0.0,10.7,2017-07-11 16:10:00,42.0,297.0,10.8,13.0,1016.5,250.3,14.1,IDRSING3
3042,28.1,0.0,10.7,2017-07-11 16:15:00,44.0,296.0,9.3,9.3,1016.1,216.41,14.7,IDRSING3
3043,28.0,0.0,10.7,2017-07-11 16:20:00,43.0,317.0,9.7,11.1,1016.1,261.07,14.3,IDRSING3
3044,28.2,0.0,10.7,2017-07-11 16:25:00,43.0,335.0,10.8,13.0,1016.5,165.64,14.5,IDRSING3
3045,27.8,0.0,10.7,2017-07-11 16:30:00,44.0,264.0,5.8,7.2,1016.5,188.27,14.5,IDRSING3
3046,27.8,0.0,10.7,2017-07-11 16:31:00,44.0,313.0,7.6,9.3,1016.5,196.84,14.5,IDRSING3
3047,28.2,0.0,10.7,2017-07-11 16:36:00,42.0,324.0,13.4,16.6,1016.5,271.46,14.1,IDRSING3
3048,28.2,0.0,10.7,2017-07-11 16:41:00,42.0,324.0,11.6,13.0,1016.5,271.95,14.1,IDRSING3
3049,28.3,0.0,10.7,2017-07-11 16:46:00,42.0,307.0,11.9,14.8,1016.5,236.84,14.2,IDRSING3
3050,28.1,0.0,10.7,2017-07-11 16:51:00,43.0,317.0,12.2,14.8,1016.5,193.41,14.4,IDRSING3
3051,28.0,0.0,10.7,2017-07-11 16:56:00,44.0,274.0,7.9,9.3,1016.5,161.36,14.7,IDRSING3
3052,27.9,0.0,10.7,2017-07-11 17:01:00,43.0,273.0,11.9,14.8,1016.5,148.27,14.2,IDRSING3
3053,27.8,0.0,10.7,2017-07-11 17:07:00,43.0,308.0,11.9,14.8,1016.5,129.19,14.1,IDRSING3
3054,27.7,0.0,10.7,2017-07-11 17:12:00,44.0,344.0,7.6,9.3,1016.8,89.79,14.4,IDRSING3
3055,27.3,0.0,10.7,2017-07-11 17:17:00,45.0,302.0,7.2,9.3,1016.8,54.56,14.4,IDRSING3
3056,26.9,0.0,10.7,2017-07-11 17:22:00,45.0,323.0,5.5,7.2,1016.8,57.25,14.0,IDRSING3
3057,26.6,0.0,10.7,2017-07-11 17:27:00,47.0,261.0,5.5,5.5,1016.5,37.19,14.4,IDRSING3
3058,26.3,0.0,10.7,2017-07-11 17:32:00,48.0,307.0,3.5,3.5,1016.8,33.76,14.4,IDRSING3
3059,26.0,0.0,10.7,2017-07-11 17:37:00,49.0,296.0,3.5,3.5,1017.2,34.25,14.5,IDRSING3
3060,25.8,0.0,10.7,2017-07-11 17:42:00,49.0,330.0,2.9,3.5,1016.8,34.62,14.3,IDRSING3
3061,25.7,0.0,10.7,2017-07-11 17:47:00,49.0,331.0,1.4,1.8,1016.8,34.25,14.2,IDRSING3
3062,25.7,0.0,10.7,2017-07-11 17:53:00,49.0,332.0,3.2,3.5,1016.8,32.9,14.2,IDRSING3
3063,25.7,0.0,10.7,2017-07-11 17:58:00,49.0,334.0,2.6,3.5,1017.2,33.76,14.2,IDRSING3
3064,25.7,0.0,10.7,2017-07-11 18:03:00,49.0,333.0,1.4,1.8,1017.2,35.48,14.2,IDRSING3
3065,25.7,0.0,10.7,2017-07-11 18:08:00,51.0,333.0,0.0,0.0,1017.2,32.9,14.8,IDRSING3
3066,26.0,0.0,10.7,2017-07-11 18:13:00,51.0,333.0,0.0,0.0,1017.2,29.85,15.1,IDRSING3
3067,26.1,0.0,10.7,2017-07-11 18:19:00,54.0,333.0,0.0,0.0,1016.8,23.85,16.1,IDRSING3
3068,25.9,0.0,10.7,2017-07-11 18:24:00,55.0,333.0,0.0,0.0,1017.2,19.45,16.2,IDRSING3
3069,25.6,0.0,10.7,2017-07-11 18:29:00,56.0,333.0,0.0,0.0,1016.8,16.02,16.2,IDRSING3
3070,25.2,0.0,10.7,2017-07-11 18:34:00,59.0,333.0,0.0,0.0,1017.2,12.48,16.6,IDRSING3
3071,24.2,0.0,10.7,2017-07-11 18:39:00,60.0,333.0,0.0,0.0,1017.2,6.48,16.0,IDRSING3
3072,23.4,0.0,10.7,2017-07-11 18:44:00,62.0,333.0,0.0,0.0,1017.2,2.94,15.7,IDRSING3
3073,23.1,0.0,10.7,2017-07-11 18:49:00,61.0,333.0,0.0,0.0,1017.2,0.85,15.2,IDRSING3
3074,23.0,0.0,10.7,2017-07-11 18:54:00,61.0,333.0,0.0,0.0,1017.2,0.0,15.1,IDRSING3
3075,22.6,0.0,10.7,2017-07-11 18:59:00,74.0,333.0,0.0,0.0,1017.2,0.0,17.8,IDRSING3
3076,22.0,0.0,10.7,2017-07-11 19:05:00,69.0,333.0,0.0,0.0,1017.2,0.0,16.1,IDRSING3
3077,22.1,0.0,10.7,2017-07-11 19:10:00,73.0,333.0,0.0,0.0,1017.2,0.0,17.0,IDRSING3
3078,22.0,0.0,10.7,2017-07-11 19:15:00,75.0,334.0,1.8,1.8,1017.2,0.0,17.4,IDRSING3
3079,21.8,0.0,10.7,2017-07-11 19:20:00,77.0,334.0,0.0,0.0,1017.5,0.0,17.6,IDRSING3
3080,21.7,0.0,10.7,2017-07-11 19:21:00,78.0,334.0,0.0,0.0,1017.5,0.0,17.7,IDRSING3
3081,21.4,0.0,10.7,2017-07-11 19:26:00,79.0,334.0,0.0,0.0,1017.5,0.0,17.6,IDRSING3
3082,21.1,0.0,10.7,2017-07-11 19:31:00,81.0,334.0,0.0,0.0,1017.5,0.0,17.7,IDRSING3
3083,21.0,0.0,10.7,2017-07-11 19:36:00,80.0,334.0,0.0,0.0,1017.8,0.0,17.4,IDRSING3
3084,21.0,0.0,10.7,2017-07-11 19:41:00,83.0,334.0,0.0,0.0,1017.8,0.0,18.0,IDRSING3
3085,21.0,0.0,10.7,2017-07-11 19:47:00,79.0,334.0,0.6,1.8,1017.8,0.0,17.3,IDRSING3
3086,21.2,0.0,10.7,2017-07-11 19:52:00,78.0,334.0,0.0,0.0,1017.5,0.0,17.2,IDRSING3
3087,21.0,0.0,10.7,2017-07-11 19:57:00,79.0,334.0,0.0,0.0,1017.5,0.0,17.3,IDRSING3
3088,20.8,0.0,10.7,2017-07-11 20:02:00,93.0,334.0,0.3,1.8,1017.5,0.0,19.6,IDRSING3
3089,20.2,0.0,10.7,2017-07-11 20:07:00,99.0,334.0,1.1,1.8,1017.5,0.0,20.0,IDRSING3
3090,20.1,0.0,10.7,2017-07-11 20:12:00,99.0,334.0,0.0,0.0,1017.5,0.0,19.9,IDRSING3
3091,19.8,0.0,10.7,2017-07-11 20:17:00,99.0,334.0,0.0,0.0,1017.5,0.0,19.6,IDRSING3
3092,19.7,0.0,10.7,2017-07-11 20:22:00,99.0,334.0,0.0,0.0,1017.8,0.0,19.5,IDRSING3
3093,19.5,0.0,10.7,2017-07-11 20:27:00,99.0,334.0,0.0,0.0,1017.8,0.0,19.3,IDRSING3
3094,19.5,0.0,10.7,2017-07-11 20:32:00,99.0,334.0,0.0,0.0,1017.5,0.0,19.3,IDRSING3
3095,19.4,0.0,10.7,2017-07-11 20:37:00,99.0,334.0,0.0,0.0,1017.8,0.0,19.2,IDRSING3
3096,19.1,0.0,10.7,2017-07-11 20:43:00,99.0,334.0,0.0,0.0,1017.5,0.0,18.9,IDRSING3
3097,18.9,0.0,10.7,2017-07-11 20:48:00,99.0,334.0,0.0,0.0,1017.8,0.0,18.7,IDRSING3
3098,18.8,0.0,10.7,2017-07-11 20:53:00,10.0,334.0,0.0,0.0,1017.8,0.0,-13.5,IDRSING3
3099,18.8,0.0,10.7,2017-07-11 20:58:00,99.0,334.0,0.0,0.0,1017.8,0.0,18.6,IDRSING3
3100,18.9,0.0,10.7,2017-07-11 20:59:00,99.0,334.0,0.0,0.0,1017.8,0.0,18.7,IDRSING3
3101,19.1,0.0,10.7,2017-07-11 21:04:00,99.0,334.0,0.0,0.0,1017.8,0.0,18.9,IDRSING3
3102,19.4,0.0,10.7,2017-07-11 21:09:00,99.0,334.0,0.6,1.8,1018.2,0.0,19.2,IDRSING3
3103,19.8,0.0,10.7,2017-07-11 21:14:00,99.0,334.0,0.0,0.0,1018.2,0.0,19.6,IDRSING3
3104,19.8,0.0,10.7,2017-07-11 21:19:00,99.0,334.0,0.0,0.0,1017.8,0.0,19.6,IDRSING3
3105,19.6,0.0,10.7,2017-07-11 21:24:00,99.0,334.0,0.0,0.0,1018.2,0.0,19.4,IDRSING3
3106,19.4,0.0,10.7,2017-07-11 21:29:00,99.0,334.0,0.0,0.0,1017.8,0.0,19.2,IDRSING3
3107,19.3,0.0,10.7,2017-07-11 21:35:00,99.0,334.0,0.0,0.0,1017.8,0.0,19.1,IDRSING3
3108,19.1,0.0,10.7,2017-07-11 21:40:00,10.0,334.0,0.0,0.0,1017.8,0.0,-13.2,IDRSING3
3109,18.9,0.0,10.7,2017-07-11 21:45:00,10.0,334.0,0.0,0.0,1017.8,0.0,-13.4,IDRSING3
3110,18.6,0.0,10.7,2017-07-11 21:50:00,10.0,334.0,0.0,0.0,1018.2,0.0,-13.6,IDRSING3
3111,18.6,0.0,10.7,2017-07-11 21:55:00,10.0,334.0,0.0,0.0,1017.8,0.0,-13.6,IDRSING3
3112,18.5,0.0,0.0,2017-07-11 22:00:00,10.0,334.0,0.0,0.0,1017.8,0.0,-13.7,IDRSING3
3113,18.4,0.0,0.0,2017-07-11 22:06:00,10.0,334.0,0.0,0.0,1018.2,0.0,-13.8,IDRSING3
3114,18.3,0.0,0.0,2017-07-11 22:11:00,12.0,334.0,0.0,0.0,1018.2,0.0,-11.6,IDRSING3
3115,18.1,0.0,0.0,2017-07-11 22:16:00,13.0,334.0,0.0,0.0,1018.2,0.0,-10.7,IDRSING3
3116,18.1,0.0,0.0,2017-07-11 22:21:00,13.0,334.0,0.0,0.0,1018.2,0.0,-10.7,IDRSING3
3117,18.0,0.0,0.0,2017-07-11 22:27:00,12.0,334.0,0.0,0.0,1018.2,0.0,-11.8,IDRSING3
3118,18.3,0.0,0.0,2017-07-11 22:32:00,11.0,334.0,0.0,0.0,1018.2,0.0,-12.7,IDRSING3
3119,18.6,0.0,0.0,2017-07-11 22:37:00,10.0,334.0,0.0,0.0,1018.2,0.0,-13.6,IDRSING3
3120,18.6,0.0,0.0,2017-07-11 22:42:00,10.0,334.0,0.3,1.8,1018.5,0.0,-13.6,IDRSING3
3121,18.5,0.0,0.0,2017-07-11 22:47:00,10.0,334.0,0.0,0.0,1018.5,0.0,-13.7,IDRSING3
3122,18.4,0.0,0.0,2017-07-11 22:53:00,10.0,334.0,0.0,0.0,1018.2,0.0,-13.8,IDRSING3
3123,18.3,0.0,0.0,2017-07-11 22:58:00,10.0,334.0,0.0,0.0,1018.5,0.0,-13.8,IDRSING3
3124,18.2,0.0,0.0,2017-07-11 23:03:00,10.0,334.0,0.0,0.0,1018.5,0.0,-13.9,IDRSING3
3125,18.1,0.0,0.0,2017-07-11 23:08:00,11.0,334.0,0.0,0.0,1018.2,0.0,-12.8,IDRSING3
3126,18.0,0.0,0.0,2017-07-11 23:13:00,12.0,334.0,0.0,0.0,1018.2,0.0,-11.8,IDRSING3
3127,17.9,0.0,0.0,2017-07-11 23:19:00,11.0,334.0,0.0,0.0,1018.8,0.0,-13.0,IDRSING3
3128,18.0,0.0,0.0,2017-07-11 23:24:00,10.0,334.0,0.6,1.8,1018.2,0.0,-14.1,IDRSING3
3129,18.1,0.0,0.0,2017-07-11 23:29:00,11.0,334.0,0.0,0.0,1018.5,0.0,-12.8,IDRSING3
3130,18.0,0.0,0.0,2017-07-11 23:34:00,12.0,334.0,0.0,0.0,1018.5,0.0,-11.8,IDRSING3
3131,17.9,0.0,0.0,2017-07-11 23:39:00,12.0,334.0,0.0,0.0,1018.2,0.0,-11.9,IDRSING3
3132,17.8,0.0,0.0,2017-07-11 23:44:00,12.0,334.0,0.0,0.0,1018.2,0.0,-12.0,IDRSING3
3133,17.8,0.0,0.0,2017-07-11 23:45:00,12.0,334.0,0.0,0.0,1018.5,0.0,-12.0,IDRSING3
3134,18.1,0.0,0.0,2017-07-11 23:51:00,11.0,334.0,0.0,0.0,1018.2,0.0,-12.8,IDRSING3
3135,18.0,0.0,0.0,2017-07-11 23:56:00,12.0,334.0,0.0,0.0,1018.2,0.0,-11.8,IDRSING3
3136,18.0,0.0,0.0,2017-07-12 00:01:00,11.0,334.0,0.0,0.0,1018.2,0.0,-12.9,IDRSING3
3137,18.0,0.0,0.0,2017-07-12 00:06:00,12.0,334.0,0.0,0.0,1018.2,0.0,-11.8,IDRSING3
3138,18.0,0.0,0.0,2017-07-12 00:11:00,11.0,334.0,0.0,0.0,1018.2,0.0,-12.9,IDRSING3
3139,18.2,0.0,0.0,2017-07-12 00:16:00,11.0,334.0,1.4,1.8,1018.2,0.0,-12.7,IDRSING3
3140,18.1,0.0,0.0,2017-07-12 00:21:00,12.0,334.0,0.0,0.0,1018.2,0.0,-11.7,IDRSING3
3141,17.9,0.0,0.0,2017-07-12 00:27:00,12.0,334.0,0.0,0.0,1018.5,0.0,-11.9,IDRSING3
3142,17.8,0.0,0.0,2017-07-12 00:32:00,12.0,334.0,0.0,0.0,1018.5,0.0,-12.0,IDRSING3
3143,17.6,0.0,0.0,2017-07-12 00:37:00,12.0,334.0,0.0,0.0,1018.2,0.0,-12.1,IDRSING3
3144,17.5,0.0,0.0,2017-07-12 00:42:00,12.0,334.0,0.0,0.0,1018.2,0.0,-12.2,IDRSING3
3145,17.6,0.0,0.0,2017-07-12 00:47:00,12.0,334.0,0.0,0.0,1018.2,0.0,-12.1,IDRSING3
3146,17.6,0.0,0.0,2017-07-12 00:52:00,12.0,334.0,0.0,0.0,1018.5,0.0,-12.1,IDRSING3
3147,17.7,0.0,0.0,2017-07-12 00:57:00,12.0,334.0,0.0,0.0,1018.5,0.0,-12.0,IDRSING3
3148,17.8,0.0,0.0,2017-07-12 01:03:00,12.0,334.0,1.4,1.8,1018.2,0.0,-12.0,IDRSING3
3149,17.7,0.0,0.0,2017-07-12 01:08:00,12.0,334.0,0.0,0.0,1018.2,0.0,-12.0,IDRSING3
3150,17.6,0.0,0.0,2017-07-12 01:13:00,12.0,334.0,0.0,0.0,1018.2,0.0,-12.1,IDRSING3
3151,17.4,0.0,0.0,2017-07-12 01:18:00,12.0,334.0,0.0,0.0,1018.5,0.0,-12.3,IDRSING3
3152,17.2,0.0,0.0,2017-07-12 01:23:00,11.0,334.0,0.0,0.0,1018.2,0.0,-13.5,IDRSING3
3153,17.0,0.0,0.0,2017-07-12 01:28:00,11.0,334.0,0.0,0.0,1018.2,0.0,-13.7,IDRSING3
3154,16.9,0.0,0.0,2017-07-12 01:33:00,10.0,334.0,0.0,0.0,1018.2,0.0,-14.9,IDRSING3
3155,17.0,0.0,0.0,2017-07-12 01:38:00,10.0,334.0,0.0,0.0,1018.2,0.0,-14.8,IDRSING3
3156,16.9,0.0,0.0,2017-07-12 01:43:00,11.0,334.0,0.0,0.0,1018.2,0.0,-13.8,IDRSING3
3157,16.7,0.0,0.0,2017-07-12 01:48:00,10.0,334.0,1.8,1.8,1018.2,0.0,-15.1,IDRSING3
3158,16.6,0.0,0.0,2017-07-12 01:53:00,10.0,334.0,0.0,0.0,1018.2,0.0,-15.1,IDRSING3
3159,16.5,0.0,0.0,2017-07-12 01:58:00,10.0,334.0,0.0,0.0,1018.5,0.0,-15.2,IDRSING3
3160,16.5,0.0,0.0,2017-07-12 02:03:00,10.0,334.0,0.0,0.0,1018.2,0.0,-15.2,IDRSING3
3161,16.3,0.0,0.0,2017-07-12 02:09:00,10.0,334.0,0.0,0.0,1018.2,0.0,-15.4,IDRSING3
3162,16.3,0.0,0.0,2017-07-12 02:14:00,10.0,334.0,0.0,0.0,1018.2,0.0,-15.4,IDRSING3
3163,16.4,0.0,0.0,2017-07-12 02:19:00,10.0,334.0,0.0,0.0,1018.2,0.0,-15.3,IDRSING3
3164,16.3,0.0,0.0,2017-07-12 02:24:00,10.0,334.0,0.0,0.0,1018.2,0.0,-15.4,IDRSING3
3165,16.1,0.0,0.0,2017-07-12 02:29:00,10.0,334.0,0.0,0.0,1018.2,0.0,-15.5,IDRSING3
3166,16.0,0.0,0.0,2017-07-12 02:34:00,10.0,334.0,0.0,0.0,1018.2,0.0,-15.6,IDRSING3
3167,15.8,0.0,0.0,2017-07-12 02:39:00,10.0,334.0,0.0,0.0,1018.2,0.0,-15.8,IDRSING3
3168,15.8,0.0,0.0,2017-07-12 02:44:00,10.0,334.0,0.0,0.0,1018.2,0.0,-15.8,IDRSING3
3169,15.9,0.0,0.0,2017-07-12 02:49:00,10.0,334.0,0.0,0.0,1018.2,0.0,-15.7,IDRSING3
3170,15.8,0.0,0.0,2017-07-12 02:54:00,10.0,334.0,0.0,0.0,1018.2,0.0,-15.8,IDRSING3
3171,15.6,0.0,0.0,2017-07-12 02:59:00,10.0,334.0,1.4,1.8,1018.5,0.0,-15.9,IDRSING3
3172,15.4,0.0,0.0,2017-07-12 03:05:00,10.0,334.0,0.6,1.8,1018.2,0.85,-16.1,IDRSING3
3173,15.6,0.0,0.0,2017-07-12 03:10:00,10.0,334.0,0.3,1.8,1018.5,2.94,-15.9,IDRSING3
3174,15.7,0.0,0.0,2017-07-12 03:15:00,10.0,334.0,0.0,0.0,1018.5,4.77,-15.8,IDRSING3
3175,15.5,0.0,0.0,2017-07-12 03:20:00,10.0,334.0,0.0,0.0,1018.2,6.85,-16.0,IDRSING3
3176,15.4,0.0,0.0,2017-07-12 03:25:00,10.0,334.0,0.0,0.0,1018.5,9.91,-16.1,IDRSING3
3177,15.0,0.0,0.0,2017-07-12 03:30:00,10.0,334.0,0.0,0.0,1018.5,11.62,-16.4,IDRSING3
3178,15.2,0.0,0.0,2017-07-12 03:35:00,10.0,334.0,0.0,0.0,1018.5,13.33,-16.2,IDRSING3
3179,15.5,0.0,0.0,2017-07-12 03:41:00,10.0,334.0,0.0,0.0,1018.2,15.53,-16.0,IDRSING3
3180,15.4,0.0,0.0,2017-07-12 03:46:00,10.0,334.0,0.0,0.0,1018.5,17.25,-16.1,IDRSING3
3181,15.6,0.0,0.0,2017-07-12 03:51:00,10.0,334.0,0.0,0.0,1018.5,19.08,-15.9,IDRSING3
3182,15.7,0.0,0.0,2017-07-12 03:56:00,10.0,334.0,0.0,0.0,1018.5,21.65,-15.8,IDRSING3
3183,15.9,0.0,0.0,2017-07-12 04:01:00,10.0,334.0,0.0,0.0,1018.5,23.36,-15.7,IDRSING3
3184,15.9,0.0,0.0,2017-07-12 04:07:00,10.0,334.0,0.0,0.0,1018.5,27.65,-15.7,IDRSING3
3185,16.0,0.0,0.0,2017-07-12 04:12:00,10.0,334.0,0.0,0.0,1018.5,43.8,-15.6,IDRSING3
3186,16.4,0.0,0.0,2017-07-12 04:17:00,10.0,334.0,0.0,0.0,1018.5,41.1,-15.3,IDRSING3
3187,16.8,0.0,0.0,2017-07-12 04:23:00,10.0,334.0,0.0,0.0,1018.8,53.34,-15.0,IDRSING3
3188,17.2,0.0,0.0,2017-07-12 04:28:00,10.0,334.0,0.0,0.0,1018.8,32.42,-14.7,IDRSING3
3189,17.6,0.0,0.0,2017-07-12 04:33:00,10.0,334.0,0.0,0.0,1018.8,33.39,-14.4,IDRSING3
3190,17.8,0.0,0.0,2017-07-12 04:38:00,10.0,334.0,2.1,3.5,1019.2,37.19,-14.2,IDRSING3
3191,18.3,0.0,0.0,2017-07-12 04:43:00,10.0,334.0,0.0,0.0,1018.8,42.45,-13.8,IDRSING3
3192,18.5,0.0,0.0,2017-07-12 04:49:00,10.0,334.0,0.0,0.0,1018.8,60.68,-13.7,IDRSING3
3193,18.8,0.0,0.0,2017-07-12 04:54:00,10.0,334.0,0.0,0.0,1018.8,75.85,-13.5,IDRSING3
3194,19.0,0.0,0.0,2017-07-12 04:59:00,10.0,334.0,1.4,1.8,1018.8,81.97,-13.3,IDRSING3
3195,19.1,0.0,0.0,2017-07-12 05:04:00,10.0,334.0,0.0,0.0,1018.8,96.65,-13.2,IDRSING3
3196,19.4,0.0,0.0,2017-07-12 05:09:00,10.0,334.0,0.0,0.0,1018.8,106.19,-13.0,IDRSING3
3197,19.7,0.0,0.0,2017-07-12 05:15:00,99.0,334.0,1.8,1.8,1018.8,212.49,19.5,IDRSING3
3198,19.9,0.0,0.0,2017-07-12 05:20:00,99.0,334.0,0.0,0.0,1018.8,227.3,19.7,IDRSING3
3199,20.4,0.0,0.0,2017-07-12 05:26:00,99.0,334.0,1.4,1.8,1018.8,208.58,20.2,IDRSING3
3200,20.5,0.0,0.0,2017-07-12 05:31:00,99.0,334.0,0.0,0.0,1018.8,230.73,20.3,IDRSING3
3201,21.3,0.0,0.0,2017-07-12 05:36:00,97.0,334.0,1.8,1.8,1018.8,263.27,20.9,IDRSING3
3202,21.2,0.0,0.0,2017-07-12 05:41:00,94.0,334.0,0.0,0.0,1018.8,285.41,20.1,IDRSING3
3203,21.5,0.0,0.0,2017-07-12 05:46:00,95.0,334.0,0.0,0.0,1018.8,127.1,20.6,IDRSING3
3204,21.9,0.0,0.0,2017-07-12 05:51:00,84.0,334.0,0.0,0.0,1018.8,279.29,19.1,IDRSING3
3205,22.5,0.0,0.0,2017-07-12 05:57:00,80.0,334.0,0.0,0.0,1018.8,235.98,18.9,IDRSING3
3206,23.0,0.0,0.0,2017-07-12 06:02:00,79.0,334.0,0.0,0.0,1018.8,196.47,19.2,IDRSING3
3207,23.1,0.0,0.0,2017-07-12 06:07:00,78.0,335.0,0.0,0.0,1018.8,360.03,19.1,IDRSING3
3208,23.8,0.0,0.0,2017-07-12 06:12:00,75.0,335.0,0.6,1.8,1018.8,360.89,19.1,IDRSING3
3209,24.3,0.0,0.0,2017-07-12 06:18:00,72.0,335.0,0.0,0.0,1018.8,371.78,18.9,IDRSING3
3210,24.8,0.0,0.0,2017-07-12 06:23:00,68.0,334.0,0.0,0.0,1018.8,410.81,18.5,IDRSING3
3211,25.3,0.0,0.0,2017-07-12 06:28:00,67.0,334.0,0.0,0.0,1018.8,430.74,18.7,IDRSING3
3212,24.6,0.0,0.0,2017-07-12 06:33:00,70.0,11.0,1.4,1.8,1018.8,452.4,18.8,IDRSING3
3213,23.7,0.0,0.0,2017-07-12 06:38:00,72.0,10.0,2.9,3.5,1018.8,455.82,18.3,IDRSING3
3214,23.7,0.0,0.0,2017-07-12 06:43:00,69.0,11.0,0.0,0.0,1018.8,459.37,17.7,IDRSING3
3215,24.8,0.0,0.0,2017-07-12 06:48:00,70.0,11.0,0.0,0.0,1018.8,488.37,19.0,IDRSING3
3216,24.6,0.0,0.0,2017-07-12 06:53:00,68.0,11.0,0.0,0.0,1018.8,533.5,18.3,IDRSING3
3217,25.1,0.0,0.0,2017-07-12 06:58:00,65.0,65.0,0.0,0.0,1018.8,556.14,18.1,IDRSING3
3218,24.9,0.0,0.0,2017-07-12 07:03:00,66.0,106.0,3.5,5.5,1018.5,562.13,18.1,IDRSING3
3219,24.9,0.0,0.0,2017-07-12 07:09:00,65.0,112.0,2.1,3.5,1018.5,605.56,17.9,IDRSING3
3220,25.1,0.0,0.0,2017-07-12 07:14:00,65.0,109.0,0.3,1.8,1018.5,646.3,18.1,IDRSING3
3221,24.8,0.0,0.0,2017-07-12 07:19:00,67.0,128.0,2.6,5.5,1018.5,610.7,18.3,IDRSING3
3222,24.3,0.0,0.0,2017-07-12 07:25:00,65.0,124.0,0.3,1.8,1018.5,623.3,17.3,IDRSING3
3223,24.7,0.0,0.0,2017-07-12 07:30:00,64.0,218.0,7.9,9.3,1018.2,690.96,17.5,IDRSING3
3224,25.0,0.0,0.0,2017-07-12 07:35:00,61.0,186.0,1.4,3.5,1018.5,707.96,17.0,IDRSING3
3225,24.7,0.0,0.0,2017-07-12 07:40:00,62.0,201.0,2.9,3.5,1017.8,731.82,16.9,IDRSING3
3226,25.1,0.0,0.0,2017-07-12 07:45:00,60.0,192.0,0.3,1.8,1018.2,744.78,16.8,IDRSING3
3227,24.9,0.0,0.0,2017-07-12 07:50:00,59.0,200.0,1.4,1.8,1018.2,765.21,16.4,IDRSING3
3228,25.1,0.0,0.0,2017-07-12 07:55:00,60.0,35.0,4.7,5.5,1018.2,764.36,16.8,IDRSING3
3229,24.9,0.0,0.0,2017-07-12 08:01:00,58.0,27.0,0.3,1.8,1018.2,760.81,16.1,IDRSING3
3230,26.1,0.0,0.0,2017-07-12 08:06:00,58.0,27.0,0.6,1.8,1017.8,782.58,17.2,IDRSING3
3231,26.5,0.0,0.0,2017-07-12 08:11:00,52.0,203.0,7.9,11.1,1017.8,805.58,15.9,IDRSING3
3232,26.2,0.0,0.0,2017-07-12 08:16:00,52.0,131.0,1.4,1.8,1017.8,830.29,15.6,IDRSING3
3233,26.8,0.0,0.0,2017-07-12 08:21:00,51.0,226.0,2.1,3.5,1017.8,831.52,15.9,IDRSING3
3234,26.5,0.0,0.0,2017-07-12 08:26:00,49.0,194.0,4.7,7.2,1017.8,847.17,15.0,IDRSING3
3235,26.8,0.0,0.0,2017-07-12 08:31:00,49.0,207.0,4.7,9.3,1017.8,711.02,15.2,IDRSING3
3236,26.8,0.0,0.0,2017-07-12 08:37:00,49.0,212.0,2.6,3.5,1017.5,859.29,15.2,IDRSING3
3237,25.8,0.0,0.0,2017-07-12 08:42:00,52.0,212.0,0.3,1.8,1017.2,866.26,15.2,IDRSING3
3238,26.0,0.0,0.0,2017-07-12 08:47:00,50.0,215.0,2.9,7.2,1017.5,868.46,14.8,IDRSING3
3239,26.5,0.0,0.0,2017-07-12 08:52:00,48.0,190.0,2.6,3.5,1017.5,856.72,14.6,IDRSING3
3240,26.7,0.0,0.0,2017-07-12 08:57:00,50.0,221.0,4.7,5.5,1017.5,825.04,15.4,IDRSING3
3241,26.4,0.0,0.0,2017-07-12 09:02:00,50.0,221.0,4.3,5.5,1017.2,817.21,15.2,IDRSING3
3242,26.1,0.0,0.0,2017-07-12 09:07:00,51.0,230.0,3.5,5.5,1017.2,839.34,15.2,IDRSING3
3243,27.0,0.0,0.0,2017-07-12 09:13:00,50.0,108.0,1.8,3.5,1017.2,854.15,15.7,IDRSING3
3244,27.8,0.0,0.0,2017-07-12 09:18:00,51.0,229.0,3.5,7.2,1017.2,833.72,16.8,IDRSING3
3245,27.3,0.0,0.0,2017-07-12 09:23:00,51.0,175.0,0.0,0.0,1017.2,805.58,16.3,IDRSING3
3246,27.9,0.0,0.0,2017-07-12 09:28:00,48.0,228.0,6.1,11.1,1017.2,832.87,15.9,IDRSING3
3247,27.3,0.0,0.0,2017-07-12 09:33:00,50.0,229.0,9.3,11.1,1016.8,822.46,16.0,IDRSING3
3248,26.9,0.0,0.0,2017-07-12 09:38:00,50.0,122.0,0.3,1.8,1017.2,157.81,15.6,IDRSING3
3249,27.2,0.0,0.0,2017-07-12 09:43:00,51.0,122.0,2.1,3.5,1017.2,797.75,16.2,IDRSING3
3250,28.0,0.0,0.0,2017-07-12 09:48:00,49.0,122.0,4.0,5.5,1016.8,777.32,16.3,IDRSING3
3251,28.6,0.0,0.0,2017-07-12 09:53:00,47.0,213.0,5.0,7.2,1016.8,795.55,16.2,IDRSING3
3252,28.4,0.0,0.0,2017-07-12 09:59:00,49.0,207.0,1.4,1.8,1016.5,195.12,16.7,IDRSING3
3253,27.9,0.0,0.0,2017-07-12 10:04:00,49.0,188.0,1.1,1.8,1016.8,847.66,16.2,IDRSING3
3254,28.3,0.0,0.0,2017-07-12 10:09:00,48.0,194.0,0.3,1.8,1016.8,513.2,16.3,IDRSING3
3255,27.5,0.0,0.0,2017-07-12 10:14:00,49.0,211.0,3.5,3.5,1016.8,271.1,15.9,IDRSING3
3256,27.5,0.0,0.0,2017-07-12 10:19:00,49.0,160.0,2.1,3.5,1016.8,707.96,15.9,IDRSING3
3257,29.0,0.0,0.0,2017-07-12 10:24:00,48.0,159.0,6.1,7.2,1016.8,995.57,16.9,IDRSING3
3258,29.2,0.0,0.0,2017-07-12 10:29:00,48.0,195.0,2.9,3.5,1016.5,304.49,17.1,IDRSING3
3259,27.8,0.0,0.0,2017-07-12 10:34:00,51.0,144.0,5.5,7.2,1016.8,234.64,16.8,IDRSING3
3260,27.1,0.0,0.0,2017-07-12 10:39:00,51.0,215.0,8.7,9.3,1016.5,343.03,16.1,IDRSING3
3261,28.5,0.0,0.0,2017-07-12 10:45:00,46.0,135.0,1.4,1.8,1016.5,1016.86,15.8,IDRSING3
3262,29.3,0.0,0.0,2017-07-12 10:50:00,47.0,139.0,0.0,0.0,1016.5,334.83,16.8,IDRSING3
3263,28.0,0.0,0.0,2017-07-12 10:55:00,50.0,180.0,4.0,5.5,1016.5,874.95,16.6,IDRSING3
3264,29.2,0.0,0.0,2017-07-12 11:00:00,45.0,289.0,7.9,9.3,1016.1,1003.76,16.1,IDRSING3
3265,29.3,0.0,0.0,2017-07-12 11:05:00,45.0,185.0,7.9,13.0,1016.1,918.37,16.2,IDRSING3
3266,29.1,0.0,0.0,2017-07-12 11:10:00,44.0,273.0,8.7,11.1,1015.8,488.86,15.6,IDRSING3
3267,28.4,0.0,0.0,2017-07-12 11:15:00,46.0,252.0,7.6,9.3,1016.1,370.8,15.7,IDRSING3
3268,28.6,0.0,0.0,2017-07-12 11:20:00,46.0,173.0,4.3,7.2,1016.1,330.55,15.9,IDRSING3
3269,28.3,0.0,0.0,2017-07-12 11:25:00,47.0,223.0,6.9,9.3,1015.8,558.71,15.9,IDRSING3
3270,28.9,0.0,0.0,2017-07-12 11:30:00,47.0,204.0,6.4,9.3,1015.8,343.03,16.5,IDRSING3
3271,28.6,0.0,0.0,2017-07-12 11:35:00,48.0,182.0,7.9,13.0,1015.8,1039.86,16.5,IDRSING3
3272,29.0,0.0,0.0,2017-07-12 11:40:00,47.0,184.0,1.4,1.8,1015.8,459.74,16.6,IDRSING3
3273,29.5,0.0,0.0,2017-07-12 11:45:00,45.0,192.0,6.9,13.0,1015.8,639.33,16.4,IDRSING3
3274,29.8,0.0,0.0,2017-07-12 11:50:00,45.0,167.0,4.7,5.5,1015.8,329.2,16.6,IDRSING3
3275,28.8,0.0,0.0,2017-07-12 11:55:00,47.0,215.0,6.4,7.2,1015.5,341.32,16.4,IDRSING3
3276,28.7,0.0,0.0,2017-07-12 12:01:00,46.0,206.0,6.4,11.1,1015.5,367.37,16.0,IDRSING3
3277,28.8,0.0,0.0,2017-07-12 12:06:00,44.0,227.0,9.7,14.8,1015.5,400.4,15.4,IDRSING3
3278,29.0,0.0,0.0,2017-07-12 12:11:00,44.0,228.0,11.1,13.0,1015.5,440.28,15.6,IDRSING3
3279,28.9,0.0,0.0,2017-07-12 12:16:00,41.0,249.0,10.5,13.0,1015.5,282.35,14.4,IDRSING3
3280,28.4,0.0,0.0,2017-07-12 12:21:00,41.0,256.0,10.8,13.0,1015.5,278.93,13.9,IDRSING3
3281,28.3,0.0,0.0,2017-07-12 12:26:00,43.0,213.0,12.6,14.8,1015.5,243.69,14.6,IDRSING3
3282,28.5,0.0,0.0,2017-07-12 12:31:00,42.0,227.0,7.9,9.3,1015.5,339.23,14.4,IDRSING3
3283,29.1,0.0,0.0,2017-07-12 12:36:00,42.0,215.0,7.9,9.3,1015.1,486.65,14.9,IDRSING3
3284,29.2,0.0,0.0,2017-07-12 12:42:00,41.0,257.0,13.7,16.6,1015.5,388.17,14.6,IDRSING3
3285,29.0,0.0,0.0,2017-07-12 12:47:00,41.0,230.0,10.1,11.1,1015.1,324.93,14.5,IDRSING3
3286,29.0,0.0,0.0,2017-07-12 12:52:00,41.0,237.0,7.9,9.3,1015.5,201.61,14.5,IDRSING3
3287,28.7,0.0,0.0,2017-07-12 12:57:00,43.0,200.0,2.9,5.5,1015.1,169.56,14.9,IDRSING3
3288,28.6,0.0,0.0,2017-07-12 13:02:00,42.0,209.0,6.4,7.2,1015.5,171.76,14.5,IDRSING3
3289,28.4,0.0,0.0,2017-07-12 13:07:00,42.0,233.0,7.9,9.3,1015.5,151.82,14.3,IDRSING3
3290,28.3,0.0,0.0,2017-07-12 13:13:00,43.0,249.0,11.1,13.0,1015.5,161.36,14.6,IDRSING3
3291,28.4,0.0,0.0,2017-07-12 13:18:00,42.0,225.0,9.7,11.1,1015.5,188.64,14.3,IDRSING3
3292,28.4,0.0,0.0,2017-07-12 13:23:00,43.0,224.0,8.7,11.1,1015.5,148.76,14.6,IDRSING3
3293,28.5,0.0,0.0,2017-07-12 13:28:00,43.0,253.0,10.5,11.1,1015.1,163.07,14.7,IDRSING3
3294,28.5,0.0,0.0,2017-07-12 13:33:00,44.0,255.0,6.9,9.3,1015.1,127.47,15.1,IDRSING3
3295,28.4,0.0,0.0,2017-07-12 13:38:00,46.0,213.0,0.6,1.8,1015.5,103.61,15.7,IDRSING3
3296,28.1,0.0,0.0,2017-07-12 13:43:00,50.0,196.0,1.1,1.8,1015.5,161.73,16.7,IDRSING3
3297,28.1,0.0,0.0,2017-07-12 13:48:00,52.0,192.0,2.1,3.5,1015.5,206.01,17.4,IDRSING3
3298,28.2,0.0,0.0,2017-07-12 13:53:00,46.0,220.0,8.7,9.3,1015.5,144.85,15.5,IDRSING3
3299,28.2,0.0,0.0,2017-07-12 13:58:00,51.0,206.0,4.0,5.5,1015.1,187.29,17.1,IDRSING3
3300,28.2,0.0,0.0,2017-07-12 14:03:00,51.0,223.0,5.5,7.2,1015.1,372.15,17.1,IDRSING3
3301,28.7,0.0,0.0,2017-07-12 14:09:00,48.0,169.0,4.7,5.5,1015.1,325.78,16.6,IDRSING3
3302,28.4,0.0,0.0,2017-07-12 14:14:00,48.0,216.0,5.8,7.2,1015.1,283.2,16.4,IDRSING3
3303,28.6,0.0,0.0,2017-07-12 14:19:00,45.0,268.0,14.3,16.6,1014.8,233.29,15.5,IDRSING3
3304,28.3,0.0,0.0,2017-07-12 14:24:00,46.0,273.0,6.4,7.2,1014.8,187.78,15.6,IDRSING3
3305,28.2,0.0,0.0,2017-07-12 14:29:00,47.0,266.0,8.7,9.3,1014.8,220.69,15.8,IDRSING3
3306,28.2,0.0,0.0,2017-07-12 14:34:00,46.0,287.0,8.7,11.1,1014.8,191.21,15.5,IDRSING3
3307,28.1,0.0,0.0,2017-07-12 14:39:00,46.0,282.0,6.1,7.2,1014.8,189.13,15.4,IDRSING3
3308,28.1,0.0,0.0,2017-07-12 14:45:00,46.0,255.0,7.2,11.1,1014.4,153.9,15.4,IDRSING3
3309,27.9,0.0,0.0,2017-07-12 14:50:00,46.0,266.0,9.3,11.1,1014.4,137.51,15.2,IDRSING3
3310,27.9,0.0,0.0,2017-07-12 14:55:00,46.0,281.0,6.1,7.2,1014.4,139.22,15.2,IDRSING3
3311,27.9,0.0,0.0,2017-07-12 15:00:00,47.0,275.0,6.9,9.3,1014.4,179.1,15.6,IDRSING3
3312,28.1,0.0,0.0,2017-07-12 15:05:00,46.0,303.0,3.5,5.5,1014.4,252.01,15.4,IDRSING3
3313,28.3,0.0,0.0,2017-07-12 15:10:00,46.0,316.0,6.9,9.3,1014.4,260.69,15.6,IDRSING3
3314,28.3,0.0,0.0,2017-07-12 15:15:00,46.0,255.0,5.8,7.2,1014.1,246.75,15.6,IDRSING3
3315,28.4,0.0,0.0,2017-07-12 15:20:00,45.0,241.0,5.8,7.2,1014.4,363.95,15.4,IDRSING3
3316,28.9,0.0,0.0,2017-07-12 15:25:00,44.0,221.0,6.1,7.2,1014.1,261.07,15.5,IDRSING3
3317,28.7,0.0,0.0,2017-07-12 15:30:00,45.0,274.0,7.2,9.3,1014.1,222.9,15.6,IDRSING3
3318,28.7,0.0,0.0,2017-07-12 15:35:00,45.0,258.0,5.0,7.2,1014.1,481.52,15.6,IDRSING3
3319,29.3,0.0,0.0,2017-07-12 15:40:00,44.0,154.0,5.0,7.2,1014.1,416.43,15.8,IDRSING3
3320,29.3,0.0,0.0,2017-07-12 15:46:00,43.0,248.0,4.0,5.5,1014.1,299.23,15.5,IDRSING3
3321,28.7,0.0,0.0,2017-07-12 15:51:00,44.0,268.0,6.1,7.2,1013.8,168.21,15.3,IDRSING3
3322,28.5,0.0,0.0,2017-07-12 15:56:00,44.0,214.0,7.2,9.3,1013.8,306.69,15.1,IDRSING3
3323,29.4,0.0,0.0,2017-07-12 16:01:00,40.0,248.0,9.0,11.1,1013.8,305.35,14.4,IDRSING3
3324,29.6,0.0,0.0,2017-07-12 16:06:00,42.0,215.0,4.3,7.2,1013.8,155.73,15.4,IDRSING3
3325,29.0,0.0,0.0,2017-07-12 16:11:00,50.0,164.0,1.1,1.8,1013.8,195.98,17.6,IDRSING3
3326,28.7,0.0,0.0,2017-07-12 16:17:00,50.0,212.0,0.0,0.0,1013.8,158.3,17.3,IDRSING3
3327,28.7,0.0,0.0,2017-07-12 16:22:00,48.0,218.0,3.2,3.5,1013.8,141.78,16.6,IDRSING3
3328,28.9,0.0,0.0,2017-07-12 16:27:00,48.0,214.0,6.4,7.2,1013.8,139.58,16.8,IDRSING3
3329,28.5,0.0,0.0,2017-07-12 16:32:00,48.0,215.0,7.2,7.2,1013.8,148.27,16.5,IDRSING3
3330,28.3,0.0,0.0,2017-07-12 16:37:00,47.0,213.0,3.5,5.5,1013.8,104.48,15.9,IDRSING3
3331,28.0,0.0,0.0,2017-07-12 16:42:00,48.0,251.0,2.9,3.5,1013.4,87.59,16.0,IDRSING3
3332,27.8,0.0,0.0,2017-07-12 16:47:00,50.0,187.0,3.5,5.5,1013.4,60.68,16.4,IDRSING3
3333,27.6,0.0,0.0,2017-07-12 16:52:00,51.0,187.0,1.1,1.8,1013.4,45.87,16.6,IDRSING3
3334,27.3,0.0,0.0,2017-07-12 16:57:00,53.0,187.0,0.0,0.0,1013.8,21.16,16.9,IDRSING3
3335,27.1,0.0,0.0,2017-07-12 17:02:00,52.0,187.0,1.1,1.8,1013.8,8.56,16.4,IDRSING3
3336,26.8,0.0,0.0,2017-07-12 17:07:00,54.0,187.0,0.0,0.0,1013.4,6.48,16.7,IDRSING3
3337,26.5,0.0,0.0,2017-07-12 17:13:00,58.0,187.0,1.8,1.8,1013.4,3.43,17.6,IDRSING3
3338,25.9,0.0,0.0,2017-07-12 17:18:00,61.0,301.0,5.8,7.2,1013.8,14.68,17.8,IDRSING3
3339,25.3,4.8,0.8,2017-07-12 17:23:00,66.0,316.0,4.7,5.5,1014.4,42.94,18.5,IDRSING3
3340,23.2,7.9,1.3,2017-07-12 17:28:00,76.0,333.0,5.8,7.2,1014.1,46.36,18.7,IDRSING3
3341,22.6,4.3,1.5,2017-07-12 17:33:00,88.0,234.0,5.5,5.5,1014.4,19.45,20.5,IDRSING3
3342,21.5,3.0,1.8,2017-07-12 17:38:00,97.0,236.0,9.7,11.1,1015.1,23.36,21.1,IDRSING3
3343,21.0,3.6,2.0,2017-07-12 17:43:00,99.0,251.0,4.7,5.5,1015.1,23.85,20.8,IDRSING3
3344,21.3,1.8,2.0,2017-07-12 17:49:00,91.0,253.0,2.9,3.5,1014.4,48.56,19.8,IDRSING3
3345,21.2,1.3,2.3,2017-07-12 17:54:00,99.0,249.0,1.4,1.8,1014.1,16.39,21.0,IDRSING3
3346,20.9,1.3,2.3,2017-07-12 17:59:00,99.0,250.0,1.8,1.8,1014.1,12.11,20.7,IDRSING3
3347,20.7,0.0,2.3,2017-07-12 18:04:00,99.0,250.0,1.4,1.8,1014.4,9.54,20.5,IDRSING3
3348,20.3,0.0,2.3,2017-07-12 18:09:00,10.0,249.0,1.8,1.8,1014.4,6.85,-12.3,IDRSING3
3349,20.3,0.0,2.3,2017-07-12 18:14:00,99.0,240.0,1.8,1.8,1014.1,5.63,20.1,IDRSING3
3350,20.4,0.0,2.3,2017-07-12 18:19:00,99.0,240.0,0.0,0.0,1013.8,6.48,20.2,IDRSING3
3351,20.2,0.0,2.3,2017-07-12 18:24:00,10.0,240.0,0.0,0.0,1014.4,6.48,-12.4,IDRSING3
3352,19.8,0.0,2.3,2017-07-12 18:30:00,12.0,240.0,0.0,0.0,1014.4,4.28,-10.4,IDRSING3
3353,19.5,0.0,2.3,2017-07-12 18:35:00,13.0,240.0,0.0,0.0,1014.1,1.71,-9.6,IDRSING3
3354,19.4,0.0,2.3,2017-07-12 18:40:00,13.0,240.0,0.0,0.0,1014.4,2.57,-9.7,IDRSING3
3355,19.3,0.0,2.3,2017-07-12 18:46:00,11.0,239.0,0.0,0.0,1014.4,0.0,-11.9,IDRSING3
3356,19.4,0.0,2.3,2017-07-12 18:51:00,10.0,332.0,10.1,13.0,1015.1,0.0,-13.0,IDRSING3
3357,20.7,0.0,2.3,2017-07-12 18:56:00,99.0,312.0,3.2,3.5,1015.1,0.0,20.5,IDRSING3
3358,20.7,0.0,2.3,2017-07-12 19:01:00,99.0,302.0,2.1,3.5,1014.8,0.0,20.5,IDRSING3
3359,20.6,0.0,2.3,2017-07-12 19:06:00,99.0,322.0,0.6,1.8,1015.1,0.0,20.4,IDRSING3
3360,20.6,0.0,2.3,2017-07-12 19:11:00,99.0,322.0,1.8,1.8,1014.4,0.0,20.4,IDRSING3
3361,20.5,0.0,2.3,2017-07-12 19:17:00,10.0,322.0,0.0,0.0,1014.4,0.0,-12.1,IDRSING3
3362,20.2,0.0,2.3,2017-07-12 19:22:00,99.0,322.0,2.1,3.5,1015.1,0.0,20.0,IDRSING3
3363,20.8,0.0,2.3,2017-07-12 19:27:00,99.0,276.0,9.3,9.3,1015.5,0.0,20.6,IDRSING3
3364,20.5,0.0,2.3,2017-07-12 19:33:00,98.0,280.0,15.4,20.1,1016.1,0.0,20.2,IDRSING3
3365,20.1,10.9,4.1,2017-07-12 19:38:00,99.0,337.0,4.7,5.5,1015.5,0.0,19.9,IDRSING3
3366,19.2,10.9,4.1,2017-07-12 19:43:00,99.0,227.0,4.0,5.5,1015.1,0.0,19.0,IDRSING3
3367,19.0,0.0,4.1,2017-07-12 19:49:00,99.0,209.0,3.5,3.5,1015.5,0.0,18.8,IDRSING3
3368,18.5,0.0,4.1,2017-07-12 19:54:00,10.0,195.0,0.3,1.8,1015.5,0.0,-13.7,IDRSING3
3369,18.2,0.0,4.1,2017-07-12 19:59:00,12.0,270.0,0.3,1.8,1015.8,0.0,-11.7,IDRSING3
3370,18.1,0.0,4.1,2017-07-12 20:04:00,13.0,270.0,0.0,0.0,1015.8,0.0,-10.7,IDRSING3
3371,18.0,0.0,4.1,2017-07-12 20:09:00,12.0,270.0,0.0,0.0,1015.8,0.0,-11.8,IDRSING3
3372,18.0,0.0,4.1,2017-07-12 20:14:00,12.0,270.0,0.0,0.0,1015.5,0.0,-11.8,IDRSING3
3373,17.7,0.0,4.1,2017-07-12 20:19:00,14.0,270.0,1.8,1.8,1015.5,0.0,-10.1,IDRSING3
3374,17.6,0.0,4.1,2017-07-12 20:25:00,14.0,270.0,1.8,1.8,1015.5,0.0,-10.2,IDRSING3
3375,17.9,0.0,4.1,2017-07-12 20:30:00,12.0,270.0,1.8,1.8,1015.8,0.0,-11.9,IDRSING3
3376,17.8,0.0,4.1,2017-07-12 20:35:00,10.0,270.0,1.8,1.8,1015.5,0.0,-14.2,IDRSING3
3377,17.9,0.0,4.1,2017-07-12 20:41:00,10.0,239.0,4.3,7.2,1015.8,0.0,-14.1,IDRSING3
3378,18.3,0.0,4.1,2017-07-12 20:46:00,10.0,227.0,2.6,3.5,1015.8,0.0,-13.8,IDRSING3
3379,18.4,0.0,4.1,2017-07-12 20:51:00,10.0,235.0,0.3,1.8,1015.5,0.0,-13.8,IDRSING3
3380,18.0,0.0,4.1,2017-07-12 20:57:00,12.0,235.0,0.0,0.0,1015.5,0.0,-11.8,IDRSING3
3381,17.4,0.0,4.1,2017-07-12 21:02:00,14.0,235.0,0.0,0.0,1015.5,0.0,-10.4,IDRSING3
3382,17.1,0.0,4.1,2017-07-12 21:07:00,14.0,235.0,0.0,0.0,1015.5,0.0,-10.6,IDRSING3
3383,16.9,0.0,4.1,2017-07-12 21:12:00,14.0,202.0,0.0,0.0,1015.5,0.0,-10.8,IDRSING3
3384,16.8,0.0,4.1,2017-07-12 21:17:00,13.0,202.0,0.0,0.0,1015.5,0.0,-11.8,IDRSING3
3385,16.8,0.0,4.1,2017-07-12 21:22:00,13.0,202.0,0.0,0.0,1015.5,0.0,-11.8,IDRSING3
3386,16.8,0.0,4.1,2017-07-12 21:27:00,13.0,202.0,0.3,1.8,1015.5,0.0,-11.8,IDRSING3
3387,16.8,0.0,4.1,2017-07-12 21:32:00,13.0,202.0,0.3,1.8,1015.8,0.0,-11.8,IDRSING3
3388,16.8,0.0,4.1,2017-07-12 21:38:00,13.0,202.0,0.0,0.0,1015.8,0.0,-11.8,IDRSING3
3389,16.9,0.0,4.1,2017-07-12 21:43:00,14.0,215.0,2.9,5.5,1015.8,0.0,-10.8,IDRSING3
3390,17.4,0.0,4.1,2017-07-12 21:48:00,13.0,231.0,2.6,3.5,1015.8,0.0,-11.3,IDRSING3
3391,17.9,0.0,4.1,2017-07-12 21:54:00,12.0,236.0,4.0,5.5,1015.8,0.0,-11.9,IDRSING3
3392,18.2,0.0,4.1,2017-07-12 21:59:00,11.0,241.0,5.5,7.2,1015.8,0.0,-12.7,IDRSING3
3393,18.3,0.0,0.0,2017-07-12 22:04:00,11.0,237.0,7.9,11.1,1015.8,0.0,-12.7,IDRSING3
3394,18.4,0.0,0.0,2017-07-12 22:10:00,10.0,237.0,7.9,11.1,1015.8,0.0,-13.8,IDRSING3
3395,18.6,0.0,0.0,2017-07-12 22:15:00,10.0,237.0,7.2,9.3,1015.5,0.0,-13.6,IDRSING3
3396,18.6,0.0,0.0,2017-07-12 22:20:00,10.0,248.0,7.2,7.2,1015.5,0.0,-13.6,IDRSING3
3397,18.7,0.0,0.0,2017-07-12 22:25:00,10.0,242.0,7.9,9.3,1015.8,0.0,-13.5,IDRSING3
3398,18.8,0.0,0.0,2017-07-12 22:30:00,10.0,224.0,11.6,14.8,1015.5,0.0,-13.5,IDRSING3
3399,18.8,0.0,0.0,2017-07-12 22:35:00,10.0,235.0,8.7,9.3,1015.5,0.0,-13.5,IDRSING3
3400,18.7,0.0,0.0,2017-07-12 22:40:00,10.0,218.0,9.3,11.1,1015.8,0.0,-13.5,IDRSING3
3401,18.7,0.0,0.0,2017-07-12 22:45:00,10.0,235.0,7.2,9.3,1015.8,0.0,-13.5,IDRSING3
3402,18.6,0.0,0.0,2017-07-12 22:50:00,10.0,229.0,6.1,7.2,1015.8,0.0,-13.6,IDRSING3
3403,18.6,0.0,0.0,2017-07-12 22:55:00,10.0,226.0,7.2,9.3,1016.1,0.0,-13.6,IDRSING3
3404,18.6,0.0,0.0,2017-07-12 23:01:00,10.0,212.0,7.9,9.3,1016.1,0.0,-13.6,IDRSING3
3405,18.6,0.0,0.0,2017-07-12 23:06:00,10.0,220.0,8.7,9.3,1016.1,0.0,-13.6,IDRSING3
3406,18.5,0.0,0.0,2017-07-12 23:11:00,11.0,227.0,6.4,9.3,1016.1,0.0,-12.5,IDRSING3
3407,18.6,0.0,0.0,2017-07-12 23:16:00,11.0,219.0,6.9,7.2,1016.5,0.0,-12.4,IDRSING3
3408,18.6,0.0,0.0,2017-07-12 23:21:00,10.0,214.0,5.5,5.5,1016.5,0.0,-13.6,IDRSING3
3409,18.7,0.0,0.0,2017-07-12 23:26:00,10.0,214.0,7.6,9.3,1016.1,0.0,-13.5,IDRSING3
3410,18.9,0.0,0.0,2017-07-12 23:31:00,10.0,243.0,8.7,11.1,1016.1,0.0,-13.4,IDRSING3
3411,19.0,0.0,0.0,2017-07-12 23:36:00,10.0,253.0,7.6,9.3,1016.5,0.0,-13.3,IDRSING3
3412,18.9,1.3,0.3,2017-07-12 23:42:00,10.0,327.0,12.2,14.8,1017.2,0.0,-13.4,IDRSING3
3413,18.4,6.1,1.0,2017-07-12 23:47:00,10.0,303.0,13.0,16.6,1017.2,0.0,-13.8,IDRSING3
3414,17.9,4.8,1.0,2017-07-12 23:52:00,99.0,256.0,10.1,14.8,1017.2,0.0,17.7,IDRSING3
3415,17.8,0.0,1.0,2017-07-12 23:57:00,99.0,257.0,11.9,14.8,1017.2,0.0,17.6,IDRSING3
3416,17.8,0.0,1.0,2017-07-13 00:02:00,99.0,292.0,7.9,11.1,1017.2,0.0,17.6,IDRSING3
3417,17.6,0.0,1.0,2017-07-13 00:07:00,99.0,288.0,19.1,21.9,1017.2,0.0,17.4,IDRSING3
3418,17.5,0.0,1.0,2017-07-13 00:12:00,99.0,315.0,13.7,16.6,1017.2,0.0,17.3,IDRSING3
3419,17.2,0.0,1.0,2017-07-13 00:17:00,99.0,256.0,15.4,18.3,1017.5,0.0,17.0,IDRSING3
3420,17.1,0.0,1.0,2017-07-13 00:22:00,99.0,324.0,13.0,16.6,1017.5,0.0,16.9,IDRSING3
3421,17.0,0.0,1.0,2017-07-13 00:27:00,99.0,328.0,21.2,25.6,1017.5,0.0,16.8,IDRSING3
3422,16.9,0.0,1.0,2017-07-13 00:32:00,99.0,269.0,11.1,13.0,1017.5,0.0,16.7,IDRSING3
3423,16.7,0.0,1.0,2017-07-13 00:38:00,99.0,291.0,13.7,16.6,1017.5,0.0,16.5,IDRSING3
3424,16.6,0.0,1.0,2017-07-13 00:43:00,99.0,321.0,15.4,18.3,1017.8,0.0,16.4,IDRSING3
3425,16.6,0.0,1.0,2017-07-13 00:48:00,99.0,281.0,7.2,7.2,1017.8,0.0,16.4,IDRSING3
3426,16.5,0.0,1.0,2017-07-13 00:53:00,99.0,347.0,11.9,16.6,1017.8,0.0,16.3,IDRSING3
3427,16.5,0.0,1.0,2017-07-13 00:58:00,99.0,283.0,9.7,11.1,1018.2,0.0,16.3,IDRSING3
3428,16.4,0.0,1.0,2017-07-13 01:03:00,99.0,314.0,9.3,11.1,1018.2,0.0,16.2,IDRSING3
3429,16.2,0.0,1.0,2017-07-13 01:08:00,99.0,323.0,11.9,13.0,1018.2,0.0,16.0,IDRSING3
3430,16.1,0.0,1.0,2017-07-13 01:13:00,99.0,253.0,10.1,11.1,1018.5,0.0,15.9,IDRSING3
3431,15.9,0.0,1.0,2017-07-13 01:18:00,99.0,279.0,13.7,14.8,1018.5,0.0,15.7,IDRSING3
3432,16.1,0.0,1.0,2017-07-13 01:23:00,99.0,253.0,7.2,9.3,1018.5,0.0,15.9,IDRSING3
3433,16.0,0.0,1.0,2017-07-13 01:29:00,99.0,268.0,11.9,14.8,1018.2,0.0,15.8,IDRSING3
3434,16.0,0.0,1.0,2017-07-13 01:34:00,99.0,261.0,13.0,14.8,1018.5,0.0,15.8,IDRSING3
3435,16.0,0.0,1.0,2017-07-13 01:39:00,99.0,285.0,13.4,14.8,1018.5,0.0,15.8,IDRSING3
3436,15.9,0.0,1.0,2017-07-13 01:44:00,99.0,295.0,9.3,11.1,1018.5,0.0,15.7,IDRSING3
3437,15.9,0.0,1.0,2017-07-13 01:49:00,99.0,313.0,9.3,11.1,1018.8,0.0,15.7,IDRSING3
3438,15.8,0.0,1.0,2017-07-13 01:54:00,99.0,294.0,11.9,16.6,1018.8,0.0,15.6,IDRSING3
3439,15.9,0.0,1.0,2017-07-13 01:59:00,99.0,309.0,10.5,13.0,1018.8,0.0,15.7,IDRSING3
3440,15.9,0.0,1.0,2017-07-13 02:04:00,99.0,270.0,11.1,13.0,1018.8,0.0,15.7,IDRSING3
3441,15.8,0.0,1.0,2017-07-13 02:10:00,99.0,274.0,13.0,16.6,1018.8,0.0,15.6,IDRSING3
3442,15.6,0.0,1.0,2017-07-13 02:15:00,99.0,301.0,11.9,16.6,1018.8,0.0,15.4,IDRSING3
3443,15.8,0.0,1.0,2017-07-13 02:20:00,99.0,296.0,11.1,13.0,1019.2,0.0,15.6,IDRSING3
3444,15.7,0.0,1.0,2017-07-13 02:25:00,99.0,278.0,10.8,13.0,1019.2,0.0,15.5,IDRSING3
3445,15.8,0.0,1.0,2017-07-13 02:30:00,99.0,266.0,8.2,11.1,1019.2,0.0,15.6,IDRSING3
3446,15.5,0.0,1.0,2017-07-13 02:35:00,99.0,283.0,9.7,11.1,1019.5,0.0,15.3,IDRSING3
3447,15.4,0.0,1.0,2017-07-13 02:41:00,99.0,272.0,7.2,9.3,1019.5,0.0,15.2,IDRSING3
3448,15.3,0.0,1.0,2017-07-13 02:46:00,99.0,269.0,8.7,9.3,1019.5,0.0,15.1,IDRSING3
3449,15.1,0.0,1.0,2017-07-13 02:51:00,99.0,265.0,10.1,11.1,1019.5,0.0,14.9,IDRSING3
3450,15.1,0.0,1.0,2017-07-13 02:56:00,99.0,266.0,7.2,9.3,1019.5,0.0,14.9,IDRSING3
3451,15.3,0.0,1.0,2017-07-13 03:01:00,99.0,275.0,12.2,13.0,1019.5,1.22,15.1,IDRSING3
3452,15.4,0.0,1.0,2017-07-13 03:06:00,99.0,290.0,12.2,14.8,1019.5,2.57,15.2,IDRSING3
3453,15.5,0.0,1.0,2017-07-13 03:11:00,99.0,271.0,7.2,9.3,1019.5,4.77,15.3,IDRSING3
3454,15.4,0.0,1.0,2017-07-13 03:16:00,99.0,290.0,6.9,7.2,1019.5,6.85,15.2,IDRSING3
3455,15.4,0.0,1.0,2017-07-13 03:21:00,99.0,293.0,9.3,11.1,1019.9,9.54,15.2,IDRSING3
3456,15.6,0.0,1.0,2017-07-13 03:26:00,99.0,303.0,11.1,13.0,1019.9,11.25,15.4,IDRSING3
3457,15.7,0.0,1.0,2017-07-13 03:31:00,99.0,285.0,10.5,13.0,1019.9,13.82,15.5,IDRSING3
3458,15.6,0.0,1.0,2017-07-13 03:36:00,99.0,299.0,8.7,9.3,1019.9,17.25,15.4,IDRSING3
3459,15.7,0.0,1.0,2017-07-13 03:41:00,99.0,302.0,8.2,11.1,1019.9,20.31,15.5,IDRSING3
3460,15.8,0.0,1.0,2017-07-13 03:46:00,99.0,271.0,11.6,13.0,1020.2,21.16,15.6,IDRSING3
3461,15.8,0.0,1.0,2017-07-13 03:51:00,99.0,284.0,8.7,11.1,1019.9,24.22,15.6,IDRSING3
3462,15.8,0.0,1.0,2017-07-13 03:56:00,99.0,286.0,10.1,11.1,1019.9,26.42,15.6,IDRSING3
3463,15.5,0.0,1.0,2017-07-13 04:02:00,99.0,269.0,10.5,13.0,1020.2,27.65,15.3,IDRSING3
3464,15.4,0.0,1.0,2017-07-13 04:07:00,99.0,308.0,11.6,14.8,1020.2,30.7,15.2,IDRSING3
3465,15.5,0.0,1.0,2017-07-13 04:12:00,99.0,272.0,13.0,18.3,1020.2,35.11,15.3,IDRSING3
3466,15.6,0.0,1.0,2017-07-13 04:17:00,99.0,277.0,11.9,13.0,1020.2,38.17,15.4,IDRSING3
3467,15.8,0.0,1.0,2017-07-13 04:22:00,99.0,291.0,11.6,13.0,1020.5,39.02,15.6,IDRSING3
3468,15.9,0.0,1.0,2017-07-13 04:27:00,99.0,271.0,11.6,14.8,1020.2,45.02,15.7,IDRSING3
3469,16.2,0.0,1.0,2017-07-13 04:32:00,99.0,282.0,13.0,16.6,1020.5,73.28,16.0,IDRSING3
3470,16.7,0.0,1.0,2017-07-13 04:37:00,95.0,313.0,16.3,18.3,1020.5,62.39,15.9,IDRSING3
3471,16.9,0.0,1.0,2017-07-13 04:42:00,94.0,316.0,17.7,21.9,1020.5,58.48,15.8,IDRSING3
3472,16.8,0.0,1.0,2017-07-13 04:47:00,95.0,294.0,16.9,21.9,1020.5,69.36,16.0,IDRSING3
3473,16.9,0.0,1.0,2017-07-13 04:52:00,94.0,316.0,15.4,16.6,1020.5,85.39,15.8,IDRSING3
3474,16.9,0.0,1.0,2017-07-13 04:57:00,95.0,306.0,14.3,16.6,1020.9,68.87,16.1,IDRSING3
3475,16.9,0.0,1.0,2017-07-13 05:02:00,93.0,326.0,18.0,20.1,1020.9,51.5,15.7,IDRSING3
3476,16.8,0.0,1.0,2017-07-13 05:07:00,96.0,295.0,9.3,11.1,1021.2,44.16,16.2,IDRSING3
3477,16.7,0.0,1.0,2017-07-13 05:12:00,94.0,294.0,16.6,18.3,1021.2,55.05,15.6,IDRSING3
3478,16.8,0.0,1.0,2017-07-13 05:18:00,95.0,328.0,14.8,16.6,1021.2,92.36,16.0,IDRSING3
3479,16.8,0.0,1.0,2017-07-13 05:23:00,96.0,292.0,11.6,13.0,1021.2,73.28,16.2,IDRSING3
3480,16.8,0.0,1.0,2017-07-13 05:28:00,94.0,290.0,13.7,18.3,1021.6,67.16,15.7,IDRSING3
3481,16.7,0.0,1.0,2017-07-13 05:34:00,83.0,319.0,23.0,27.7,1021.9,83.68,13.8,IDRSING3
3482,16.7,0.0,1.0,2017-07-13 05:39:00,81.0,325.0,16.6,20.1,1021.9,183.87,13.4,IDRSING3
3483,16.8,0.0,1.0,2017-07-13 05:44:00,79.0,351.0,16.3,18.3,1021.6,193.05,13.2,IDRSING3
3484,16.7,0.0,1.0,2017-07-13 05:49:00,79.0,315.0,18.0,23.8,1022.2,166.5,13.1,IDRSING3
3485,16.6,0.0,1.0,2017-07-13 05:54:00,79.0,317.0,13.7,16.6,1021.9,157.81,13.0,IDRSING3
3486,16.6,0.0,1.0,2017-07-13 05:59:00,78.0,317.0,12.2,14.8,1021.9,214.7,12.8,IDRSING3
3487,16.9,0.0,1.0,2017-07-13 06:05:00,78.0,5.0,14.0,23.8,1021.9,333.49,13.1,IDRSING3
3488,17.1,0.0,1.0,2017-07-13 06:10:00,77.0,356.0,8.2,11.1,1021.9,207.73,13.0,IDRSING3
3489,17.1,0.0,1.0,2017-07-13 06:15:00,76.0,352.0,14.3,18.3,1022.2,111.82,12.8,IDRSING3
3490,17.0,0.0,1.0,2017-07-13 06:20:00,78.0,278.0,7.9,9.3,1021.9,125.76,13.2,IDRSING3
3491,16.9,0.0,1.0,2017-07-13 06:26:00,76.0,329.0,16.9,21.9,1022.2,119.27,12.6,IDRSING3
3492,16.8,0.0,1.0,2017-07-13 06:31:00,77.0,328.0,13.7,16.6,1022.6,214.21,12.7,IDRSING3
3493,17.2,0.0,1.0,2017-07-13 06:36:00,76.0,322.0,15.1,20.1,1022.2,514.42,12.9,IDRSING3
3494,17.6,0.0,1.0,2017-07-13 06:42:00,77.0,289.0,11.6,14.8,1022.2,486.28,13.5,IDRSING3
3495,17.7,0.0,1.0,2017-07-13 06:47:00,75.0,322.0,17.7,21.9,1022.6,501.45,13.2,IDRSING3
3496,17.9,0.0,1.0,2017-07-13 06:52:00,73.0,300.0,17.7,23.8,1022.2,553.08,13.0,IDRSING3
3497,18.2,0.0,1.0,2017-07-13 06:57:00,71.0,336.0,19.5,21.9,1022.2,588.68,12.9,IDRSING3
3498,18.2,0.0,1.0,2017-07-13 07:02:00,71.0,271.0,17.2,23.8,1022.6,656.7,12.9,IDRSING3
3499,18.4,0.0,1.0,2017-07-13 07:07:00,71.0,301.0,15.8,25.6,1022.6,198.18,13.1,IDRSING3
3500,18.5,0.0,1.0,2017-07-13 07:12:00,70.0,310.0,17.2,23.8,1022.2,730.1,13.0,IDRSING3
3501,18.5,0.0,1.0,2017-07-13 07:17:00,68.0,327.0,16.3,18.3,1022.2,685.82,12.5,IDRSING3
3502,18.5,0.0,1.0,2017-07-13 07:22:00,71.0,341.0,16.6,21.9,1022.2,155.24,13.2,IDRSING3
3503,18.2,0.0,1.0,2017-07-13 07:27:00,71.0,307.0,16.9,20.1,1022.2,149.98,12.9,IDRSING3
3504,18.1,0.0,1.0,2017-07-13 07:32:00,66.0,280.0,15.1,18.3,1022.6,730.47,11.7,IDRSING3
3505,18.5,0.0,1.0,2017-07-13 07:38:00,64.0,339.0,21.2,23.8,1022.6,784.29,11.6,IDRSING3
3506,18.3,0.0,1.0,2017-07-13 07:43:00,65.0,324.0,19.8,21.9,1022.6,220.32,11.6,IDRSING3
3507,17.9,0.0,1.0,2017-07-13 07:48:00,66.0,340.0,16.9,20.1,1022.6,252.38,11.5,IDRSING3
3508,18.1,0.0,1.0,2017-07-13 07:54:00,65.0,323.0,15.8,18.3,1022.9,248.1,11.4,IDRSING3
3509,18.3,0.0,1.0,2017-07-13 07:59:00,63.0,8.0,21.9,27.7,1022.9,203.81,11.2,IDRSING3
3510,18.1,0.0,1.0,2017-07-13 08:04:00,62.0,339.0,14.8,16.6,1022.9,970.0,10.7,IDRSING3
3511,18.5,0.0,1.0,2017-07-13 08:09:00,61.0,332.0,18.7,21.9,1022.9,299.23,10.8,IDRSING3
3512,18.4,0.0,1.0,2017-07-13 08:14:00,60.0,327.0,18.0,23.8,1022.6,418.51,10.5,IDRSING3
3513,18.7,0.0,1.0,2017-07-13 08:19:00,59.0,298.0,16.9,20.1,1022.9,835.07,10.5,IDRSING3
3514,18.7,0.0,1.0,2017-07-13 08:20:00,60.0,286.0,13.7,16.6,1022.9,356.12,10.8,IDRSING3
3515,18.6,0.0,1.0,2017-07-13 08:25:00,60.0,324.0,11.1,13.0,1022.9,260.21,10.7,IDRSING3
3516,18.5,0.0,1.0,2017-07-13 08:30:00,59.0,343.0,15.4,20.1,1022.6,610.33,10.4,IDRSING3
3517,18.3,0.0,1.0,2017-07-13 08:35:00,60.0,344.0,16.9,23.8,1022.6,906.63,10.4,IDRSING3
3518,19.0,0.0,1.0,2017-07-13 08:40:00,58.0,314.0,17.2,20.1,1022.9,279.29,10.6,IDRSING3
3519,19.0,0.0,1.0,2017-07-13 08:45:00,57.0,298.0,24.5,29.4,1022.9,1001.56,10.3,IDRSING3
3520,19.2,0.0,1.0,2017-07-13 08:50:00,57.0,293.0,16.3,20.1,1022.9,961.32,10.5,IDRSING3
3521,19.3,0.0,1.0,2017-07-13 08:55:00,57.0,324.0,20.1,21.9,1022.9,901.37,10.6,IDRSING3
3522,19.4,0.0,1.0,2017-07-13 09:00:00,57.0,277.0,18.0,23.8,1022.9,302.29,10.7,IDRSING3
3523,18.8,0.0,1.0,2017-07-13 09:06:00,57.0,329.0,18.7,21.9,1022.9,277.09,10.1,IDRSING3
3524,18.5,0.0,1.0,2017-07-13 09:11:00,57.0,336.0,20.1,29.4,1022.9,245.9,9.8,IDRSING3
3525,18.6,0.0,1.0,2017-07-13 09:16:00,58.0,322.0,16.3,20.1,1022.9,235.0,10.2,IDRSING3
3526,18.6,0.0,1.0,2017-07-13 09:21:00,57.0,276.0,17.7,20.1,1023.2,953.85,9.9,IDRSING3
3527,19.6,0.0,1.0,2017-07-13 09:26:00,55.0,322.0,17.2,21.9,1023.2,299.72,10.3,IDRSING3
3528,19.1,0.0,1.0,2017-07-13 09:31:00,54.0,293.0,16.3,27.7,1023.2,1023.71,9.6,IDRSING3
3529,19.1,0.0,1.0,2017-07-13 09:36:00,56.0,288.0,17.2,18.3,1022.9,411.17,10.1,IDRSING3
3530,19.1,0.0,1.0,2017-07-13 09:42:00,54.0,315.0,15.8,18.3,1022.9,787.36,9.6,IDRSING3
3531,19.5,0.0,1.0,2017-07-13 09:47:00,54.0,288.0,25.6,29.4,1023.2,766.92,10.0,IDRSING3
3532,19.7,0.0,1.0,2017-07-13 09:52:00,52.0,347.0,22.4,27.7,1023.2,789.92,9.6,IDRSING3
3533,19.9,0.0,1.0,2017-07-13 09:57:00,52.0,2.0,13.7,14.8,1023.2,805.58,9.8,IDRSING3
3534,19.8,0.0,1.0,2017-07-13 10:02:00,51.0,344.0,13.7,18.3,1023.6,569.96,9.4,IDRSING3
3535,20.1,0.0,1.0,2017-07-13 10:07:00,49.0,316.0,20.6,27.7,1023.2,795.55,9.1,IDRSING3
3536,19.8,0.0,1.0,2017-07-13 10:12:00,50.0,299.0,13.0,18.3,1023.2,665.38,9.1,IDRSING3
3537,20.0,0.0,1.0,2017-07-13 10:17:00,49.0,316.0,12.2,16.6,1023.2,577.79,9.0,IDRSING3
3538,19.8,0.0,1.0,2017-07-13 10:22:00,49.0,280.0,10.8,14.8,1023.2,780.75,8.8,IDRSING3
3539,19.9,0.0,1.0,2017-07-13 10:27:00,50.0,338.0,9.7,11.1,1023.2,793.84,9.2,IDRSING3
3540,20.5,0.0,1.0,2017-07-13 10:32:00,49.0,338.0,11.6,14.8,1023.2,786.01,9.4,IDRSING3
3541,20.6,0.0,1.0,2017-07-13 10:37:00,49.0,344.0,11.9,14.8,1023.2,775.97,9.5,IDRSING3
3542,20.3,0.0,1.0,2017-07-13 10:42:00,47.0,317.0,20.6,27.7,1023.2,781.24,8.6,IDRSING3
3543,20.4,0.0,1.0,2017-07-13 10:47:00,47.0,336.0,14.8,20.1,1022.9,778.18,8.7,IDRSING3
3544,20.8,0.0,1.0,2017-07-13 10:52:00,46.0,307.0,19.5,23.8,1023.2,761.29,8.8,IDRSING3
3545,20.7,0.0,1.0,2017-07-13 10:58:00,46.0,350.0,15.1,18.3,1023.2,772.55,8.7,IDRSING3
3546,20.6,0.0,1.0,2017-07-13 11:03:00,46.0,268.0,13.7,16.6,1023.2,768.63,8.6,IDRSING3
3547,21.0,0.0,1.0,2017-07-13 11:08:00,45.0,326.0,12.6,18.3,1023.2,773.41,8.7,IDRSING3
3548,21.1,0.0,1.0,2017-07-13 11:13:00,44.0,1.0,13.0,16.6,1023.2,772.19,8.4,IDRSING3
3549,20.7,0.0,1.0,2017-07-13 11:18:00,45.0,237.0,11.1,13.0,1023.2,767.41,8.4,IDRSING3
3550,21.0,0.0,1.0,2017-07-13 11:23:00,44.0,277.0,12.2,20.1,1023.2,749.19,8.3,IDRSING3
3551,21.4,0.0,1.0,2017-07-13 11:28:00,45.0,306.0,13.0,18.3,1023.2,742.21,9.0,IDRSING3
3552,21.6,0.0,1.0,2017-07-13 11:34:00,43.0,315.0,14.3,18.3,1022.9,721.78,8.5,IDRSING3
3553,21.5,0.0,1.0,2017-07-13 11:39:00,41.0,324.0,12.6,16.6,1023.2,723.99,7.7,IDRSING3
3554,21.4,0.0,1.0,2017-07-13 11:44:00,40.0,350.0,14.8,20.1,1023.2,757.38,7.3,IDRSING3
3555,21.9,0.0,1.0,2017-07-13 11:49:00,40.0,278.0,17.7,21.9,1023.2,745.64,7.7,IDRSING3
3556,21.6,0.0,1.0,2017-07-13 11:54:00,40.0,330.0,10.5,13.0,1022.9,728.26,7.5,IDRSING3
3557,21.6,0.0,1.0,2017-07-13 11:59:00,41.0,39.0,12.2,20.1,1023.2,749.55,7.8,IDRSING3
3558,21.9,0.0,1.0,2017-07-13 12:04:00,41.0,302.0,11.1,16.6,1022.9,735.73,8.1,IDRSING3
3559,22.1,0.0,1.0,2017-07-13 12:10:00,40.0,327.0,14.0,14.8,1022.9,707.1,7.9,IDRSING3
3560,22.0,0.0,1.0,2017-07-13 12:15:00,40.0,359.0,23.8,27.7,1022.9,732.67,7.8,IDRSING3
3561,21.8,0.0,1.0,2017-07-13 12:20:00,40.0,4.0,13.0,16.6,1022.6,737.81,7.6,IDRSING3
3562,22.0,0.0,1.0,2017-07-13 12:25:00,40.0,270.0,20.6,23.8,1022.6,723.99,7.8,IDRSING3
3563,22.1,0.0,1.0,2017-07-13 12:30:00,41.0,279.0,10.8,14.8,1022.9,708.33,8.3,IDRSING3
3564,22.1,0.0,1.0,2017-07-13 12:35:00,40.0,346.0,12.2,16.6,1022.6,705.75,7.9,IDRSING3
3565,22.2,0.0,1.0,2017-07-13 12:40:00,38.0,322.0,13.0,14.8,1022.9,699.27,7.2,IDRSING3
3566,22.4,0.0,1.0,2017-07-13 12:46:00,37.0,333.0,17.7,20.1,1022.6,728.26,7.0,IDRSING3
3567,23.0,0.0,1.0,2017-07-13 12:51:00,38.0,7.0,9.7,13.0,1022.6,732.18,8.0,IDRSING3
3568,22.5,0.0,1.0,2017-07-13 12:56:00,37.0,11.0,21.9,25.6,1022.6,722.27,7.1,IDRSING3
3569,22.2,0.0,1.0,2017-07-13 13:01:00,39.0,299.0,11.1,13.0,1022.9,712.73,7.6,IDRSING3
3570,22.5,0.0,1.0,2017-07-13 13:06:00,40.0,268.0,10.5,13.0,1022.6,700.99,8.3,IDRSING3
3571,22.9,0.0,1.0,2017-07-13 13:11:00,39.0,352.0,18.3,21.9,1022.9,692.79,8.2,IDRSING3
3572,22.6,0.0,1.0,2017-07-13 13:16:00,37.0,316.0,13.4,16.6,1022.6,667.96,7.2,IDRSING3
3573,22.7,0.0,1.0,2017-07-13 13:21:00,37.0,339.0,18.3,21.9,1022.9,647.65,7.3,IDRSING3
3574,22.9,0.0,1.0,2017-07-13 13:26:00,36.0,314.0,17.7,21.9,1022.6,634.19,7.1,IDRSING3
3575,23.0,0.0,1.0,2017-07-13 13:31:00,37.0,330.0,10.8,14.8,1022.6,654.13,7.6,IDRSING3
3576,23.0,0.0,1.0,2017-07-13 13:36:00,40.0,5.0,13.0,16.6,1022.2,640.31,8.7,IDRSING3
3577,22.9,0.0,1.0,2017-07-13 13:41:00,39.0,323.0,10.1,14.8,1022.6,636.39,8.2,IDRSING3
3578,22.7,0.0,1.0,2017-07-13 13:46:00,38.0,335.0,19.1,23.8,1022.6,609.48,7.7,IDRSING3
3579,23.0,0.0,1.0,2017-07-13 13:51:00,38.0,7.0,7.2,14.8,1022.6,608.99,8.0,IDRSING3
3580,23.0,0.0,1.0,2017-07-13 13:56:00,39.0,329.0,10.5,11.1,1022.6,606.42,8.3,IDRSING3
3581,23.3,0.0,1.0,2017-07-13 14:02:00,39.0,313.0,14.3,16.6,1022.6,595.16,8.6,IDRSING3
3582,23.1,0.0,1.0,2017-07-13 14:07:00,39.0,313.0,15.8,18.3,1022.6,595.53,8.4,IDRSING3
3583,22.8,0.0,1.0,2017-07-13 14:12:00,40.0,342.0,16.9,20.1,1022.2,567.76,8.5,IDRSING3
3584,22.7,0.0,1.0,2017-07-13 14:17:00,42.0,216.0,0.0,0.0,1022.2,560.91,9.2,IDRSING3
3585,23.3,0.0,1.0,2017-07-13 14:22:00,38.0,344.0,12.2,14.8,1022.6,541.33,8.2,IDRSING3
3586,23.0,0.0,1.0,2017-07-13 14:27:00,39.0,326.0,13.0,14.8,1022.6,516.13,8.3,IDRSING3
3587,23.2,0.0,1.0,2017-07-13 14:32:00,37.0,328.0,12.2,16.6,1022.6,519.68,7.7,IDRSING3
3588,23.1,0.0,1.0,2017-07-13 14:38:00,37.0,331.0,13.7,14.8,1022.6,489.34,7.6,IDRSING3
3589,23.0,0.0,1.0,2017-07-13 14:43:00,37.0,275.0,9.7,13.0,1022.6,479.31,7.6,IDRSING3
3590,23.3,0.0,1.0,2017-07-13 14:48:00,37.0,306.0,12.2,14.8,1022.6,446.77,7.8,IDRSING3
3591,22.9,0.0,1.0,2017-07-13 14:53:00,38.0,325.0,7.6,13.0,1022.2,454.96,7.9,IDRSING3
3592,22.9,0.0,1.0,2017-07-13 14:58:00,38.0,321.0,15.1,16.6,1022.2,443.35,7.9,IDRSING3
3593,22.9,0.0,1.0,2017-07-13 15:03:00,38.0,337.0,7.9,9.3,1022.6,446.28,7.9,IDRSING3
3594,22.9,0.0,1.0,2017-07-13 15:08:00,38.0,34.0,13.4,16.6,1022.6,435.52,7.9,IDRSING3
3595,23.0,0.0,1.0,2017-07-13 15:13:00,36.0,353.0,23.8,25.6,1022.2,410.32,7.2,IDRSING3
3596,22.8,0.0,1.0,2017-07-13 15:16:00,36.0,1.0,13.7,18.3,1022.6,418.15,7.0,IDRSING3
3597,22.8,0.0,1.0,2017-07-13 15:21:00,37.0,9.0,4.7,7.2,1022.2,373.86,7.4,IDRSING3
3598,23.1,0.0,1.0,2017-07-13 15:26:00,38.0,309.0,1.4,3.5,1022.6,356.98,8.1,IDRSING3
3599,23.1,0.0,1.0,2017-07-13 15:31:00,38.0,339.0,10.5,13.0,1022.2,360.89,8.1,IDRSING3
3600,23.1,0.0,1.0,2017-07-13 15:36:00,37.0,336.0,13.7,16.6,1022.2,350.86,7.6,IDRSING3
3601,22.8,0.0,1.0,2017-07-13 15:41:00,37.0,328.0,10.5,13.0,1022.2,346.09,7.4,IDRSING3
3602,22.9,0.0,1.0,2017-07-13 15:46:00,38.0,265.0,6.9,9.3,1022.2,327.86,7.9,IDRSING3
3603,23.1,0.0,1.0,2017-07-13 15:51:00,37.0,300.0,8.7,9.3,1022.2,309.63,7.6,IDRSING3
3604,23.1,0.0,1.0,2017-07-13 15:56:00,36.0,348.0,9.7,13.0,1022.2,312.32,7.3,IDRSING3
3605,22.8,0.0,1.0,2017-07-13 16:02:00,38.0,330.0,7.9,11.1,1022.2,278.93,7.8,IDRSING3
3606,22.8,0.0,1.0,2017-07-13 16:07:00,38.0,321.0,12.6,16.6,1021.9,271.95,7.8,IDRSING3
3607,22.7,0.0,1.0,2017-07-13 16:12:00,38.0,332.0,12.2,14.8,1021.9,263.27,7.7,IDRSING3
3608,22.9,0.0,1.0,2017-07-13 16:17:00,38.0,297.0,9.7,16.6,1022.2,247.61,7.9,IDRSING3
3609,22.9,0.0,1.0,2017-07-13 16:22:00,38.0,333.0,3.5,5.5,1022.2,225.95,7.9,IDRSING3
3610,22.9,0.0,1.0,2017-07-13 16:27:00,37.0,329.0,13.0,16.6,1022.2,219.83,7.5,IDRSING3
3611,22.6,0.0,1.0,2017-07-13 16:33:00,39.0,348.0,3.2,5.5,1021.9,209.44,8.0,IDRSING3
3612,22.7,0.0,1.0,2017-07-13 16:38:00,39.0,344.0,9.3,13.0,1021.9,193.05,8.1,IDRSING3
3613,22.4,0.0,1.0,2017-07-13 16:43:00,38.0,349.0,9.3,11.1,1022.2,173.47,7.4,IDRSING3
3614,22.5,0.0,1.0,2017-07-13 16:49:00,39.0,349.0,12.2,16.6,1022.2,168.21,7.9,IDRSING3
3615,22.5,0.0,1.0,2017-07-13 16:54:00,40.0,7.0,9.0,11.1,1022.2,149.98,8.3,IDRSING3
3616,22.6,0.0,1.0,2017-07-13 16:59:00,40.0,342.0,6.4,9.3,1021.9,136.16,8.3,IDRSING3
3617,22.3,0.0,1.0,2017-07-13 17:04:00,41.0,330.0,7.9,13.0,1021.9,121.85,8.4,IDRSING3
3618,22.1,0.0,1.0,2017-07-13 17:09:00,41.0,325.0,11.9,16.6,1021.9,108.88,8.3,IDRSING3
3619,22.0,0.0,1.0,2017-07-13 17:14:00,41.0,336.0,7.9,9.3,1022.2,100.56,8.2,IDRSING3
3620,22.0,0.0,1.0,2017-07-13 17:19:00,42.0,325.0,8.7,11.1,1021.9,91.02,8.5,IDRSING3
3621,22.1,0.0,1.0,2017-07-13 17:25:00,42.0,344.0,4.7,5.5,1021.9,76.34,8.6,IDRSING3
3622,21.9,0.0,1.0,2017-07-13 17:30:00,43.0,357.0,5.5,9.3,1021.9,68.51,8.8,IDRSING3
3623,21.7,0.0,1.0,2017-07-13 17:35:00,42.0,355.0,11.1,13.0,1022.2,49.79,8.3,IDRSING3
3624,21.4,0.0,1.0,2017-07-13 17:40:00,42.0,317.0,6.4,7.2,1021.9,45.87,8.0,IDRSING3
3625,21.4,0.0,1.0,2017-07-13 17:41:00,42.0,356.0,11.1,16.6,1022.2,45.51,8.0,IDRSING3
3626,21.3,0.0,1.0,2017-07-13 17:46:00,43.0,335.0,7.9,13.0,1022.2,41.96,8.2,IDRSING3
3627,21.3,0.0,1.0,2017-07-13 17:51:00,43.0,325.0,7.6,11.1,1022.2,39.02,8.2,IDRSING3
3628,21.3,0.0,1.0,2017-07-13 17:57:00,44.0,352.0,1.1,1.8,1022.2,34.62,8.6,IDRSING3
3629,21.0,0.0,1.0,2017-07-13 18:02:00,45.0,321.0,6.1,7.2,1021.9,31.56,8.7,IDRSING3
3630,20.6,0.0,1.0,2017-07-13 18:07:00,46.0,260.0,2.9,5.5,1022.2,27.28,8.6,IDRSING3
3631,20.3,0.0,1.0,2017-07-13 18:12:00,47.0,339.0,6.1,7.2,1022.2,24.22,8.6,IDRSING3
3632,20.2,0.0,1.0,2017-07-13 18:17:00,48.0,314.0,5.0,7.2,1022.2,20.31,8.9,IDRSING3
3633,20.2,0.0,1.0,2017-07-13 18:22:00,49.0,314.0,2.1,3.5,1022.2,16.88,9.2,IDRSING3
3634,19.9,0.0,1.0,2017-07-13 18:27:00,50.0,314.0,0.6,1.8,1022.2,14.31,9.2,IDRSING3
3635,19.2,0.0,1.0,2017-07-13 18:33:00,52.0,314.0,0.0,0.0,1022.2,9.91,9.1,IDRSING3
3636,18.5,0.0,1.0,2017-07-13 18:38:00,55.0,313.0,0.0,0.0,1022.2,7.34,9.3,IDRSING3
3637,18.1,0.0,1.0,2017-07-13 18:43:00,56.0,213.0,0.0,0.0,1022.2,5.14,9.2,IDRSING3
3638,17.8,0.0,1.0,2017-07-13 18:49:00,57.0,252.0,0.0,0.0,1022.2,2.08,9.2,IDRSING3
3639,17.5,0.0,1.0,2017-07-13 18:54:00,58.0,282.0,0.0,0.0,1022.6,0.36,9.1,IDRSING3
3640,17.2,0.0,1.0,2017-07-13 18:59:00,59.0,282.0,0.0,0.0,1022.6,0.0,9.1,IDRSING3
3641,17.1,0.0,1.0,2017-07-13 19:05:00,58.0,294.0,0.3,1.8,1022.6,0.0,8.8,IDRSING3
3642,17.0,0.0,1.0,2017-07-13 19:10:00,59.0,240.0,0.0,0.0,1022.6,0.0,9.0,IDRSING3
3643,16.8,0.0,1.0,2017-07-13 19:15:00,59.0,173.0,0.0,0.0,1022.6,0.0,8.8,IDRSING3
3644,16.5,0.0,1.0,2017-07-13 19:21:00,61.0,174.0,0.0,0.0,1022.6,0.0,9.0,IDRSING3
3645,16.2,0.0,1.0,2017-07-13 19:26:00,60.0,174.0,0.0,0.0,1022.6,0.0,8.4,IDRSING3
3646,16.1,0.0,1.0,2017-07-13 19:31:00,61.0,174.0,0.0,0.0,1022.9,0.0,8.6,IDRSING3
3647,15.9,0.0,1.0,2017-07-13 19:36:00,62.0,173.0,0.0,0.0,1022.9,0.0,8.6,IDRSING3
3648,15.6,0.0,1.0,2017-07-13 19:42:00,63.0,173.0,1.1,1.8,1022.6,0.0,8.6,IDRSING3
3649,15.6,0.0,1.0,2017-07-13 19:47:00,63.0,173.0,0.0,0.0,1022.9,0.0,8.6,IDRSING3
3650,15.6,0.0,1.0,2017-07-13 19:52:00,63.0,173.0,0.3,1.8,1022.9,0.0,8.6,IDRSING3
3651,15.8,0.0,1.0,2017-07-13 19:57:00,61.0,174.0,1.1,1.8,1023.2,0.0,8.3,IDRSING3
3652,16.0,0.0,1.0,2017-07-13 20:02:00,61.0,174.0,1.1,1.8,1022.9,0.0,8.5,IDRSING3
3653,15.8,0.0,1.0,2017-07-13 20:07:00,62.0,174.0,0.0,0.0,1022.9,0.0,8.5,IDRSING3
3654,15.5,0.0,1.0,2017-07-13 20:12:00,63.0,174.0,0.3,1.8,1022.9,0.0,8.5,IDRSING3
3655,15.4,0.0,1.0,2017-07-13 20:17:00,65.0,174.0,0.0,0.0,1022.9,0.0,8.9,IDRSING3
3656,15.0,0.0,1.0,2017-07-13 20:22:00,66.0,174.0,0.0,0.0,1022.9,0.0,8.7,IDRSING3
3657,14.8,0.0,1.0,2017-07-13 20:27:00,67.0,174.0,0.0,0.0,1022.9,0.0,8.7,IDRSING3
3658,14.6,0.0,1.0,2017-07-13 20:33:00,68.0,174.0,0.0,0.0,1022.9,0.0,8.8,IDRSING3
3659,14.4,0.0,1.0,2017-07-13 20:38:00,69.0,174.0,0.0,0.0,1022.9,0.0,8.8,IDRSING3
3660,14.0,0.0,1.0,2017-07-13 20:43:00,72.0,174.0,0.0,0.0,1022.9,0.0,9.0,IDRSING3
3661,13.6,0.0,1.0,2017-07-13 20:48:00,73.0,174.0,0.0,0.0,1022.9,0.0,8.9,IDRSING3
3662,13.9,0.0,1.0,2017-07-13 20:53:00,69.0,174.0,2.9,3.5,1023.2,0.0,8.3,IDRSING3
3663,14.4,0.0,1.0,2017-07-13 20:58:00,69.0,173.0,1.4,1.8,1023.2,0.0,8.8,IDRSING3
3664,14.3,0.0,1.0,2017-07-13 21:03:00,70.0,173.0,0.0,0.0,1023.2,0.0,8.9,IDRSING3
3665,14.1,0.0,1.0,2017-07-13 21:09:00,71.0,256.0,1.1,1.8,1022.9,0.0,8.9,IDRSING3
3666,14.1,0.0,1.0,2017-07-13 21:14:00,71.0,289.0,0.0,0.0,1023.2,0.0,8.9,IDRSING3
3667,14.1,0.0,1.0,2017-07-13 21:19:00,71.0,291.0,1.4,1.8,1023.2,0.0,8.9,IDRSING3
3668,14.4,0.0,1.0,2017-07-13 21:24:00,70.0,293.0,1.1,1.8,1023.2,0.0,9.0,IDRSING3
3669,14.3,0.0,1.0,2017-07-13 21:29:00,70.0,295.0,1.8,1.8,1023.2,0.0,8.9,IDRSING3
3670,14.3,0.0,1.0,2017-07-13 21:34:00,72.0,314.0,0.0,0.0,1023.2,0.0,9.3,IDRSING3
3671,13.9,0.0,1.0,2017-07-13 21:39:00,76.0,314.0,0.0,0.0,1023.6,0.0,9.7,IDRSING3
3672,12.5,0.0,1.0,2017-07-13 21:45:00,86.0,314.0,0.0,0.0,1023.2,0.0,10.2,IDRSING3
3673,11.1,0.0,1.0,2017-07-13 21:50:00,95.0,315.0,0.3,1.8,1023.6,0.0,10.3,IDRSING3
3674,10.9,0.0,1.0,2017-07-13 21:55:00,98.0,110.0,0.0,0.0,1023.6,0.0,10.6,IDRSING3
3675,10.4,0.0,0.0,2017-07-13 22:00:00,99.0,110.0,0.0,0.0,1023.6,0.0,10.2,IDRSING3
3676,9.7,0.0,0.0,2017-07-13 22:05:00,99.0,110.0,0.0,0.0,1023.6,0.0,9.5,IDRSING3
3677,9.6,0.0,0.0,2017-07-13 22:10:00,99.0,110.0,0.0,0.0,1023.6,0.0,9.4,IDRSING3
3678,10.0,0.0,0.0,2017-07-13 22:15:00,99.0,110.0,0.0,0.0,1023.6,0.0,9.8,IDRSING3
3679,10.0,0.0,0.0,2017-07-13 22:20:00,99.0,110.0,0.0,0.0,1023.6,0.0,9.8,IDRSING3
3680,10.5,0.0,0.0,2017-07-13 22:26:00,99.0,110.0,0.0,0.0,1023.2,0.0,10.3,IDRSING3
3681,10.7,0.0,0.0,2017-07-13 22:31:00,99.0,110.0,0.0,0.0,1023.2,0.0,10.5,IDRSING3
3682,11.1,0.0,0.0,2017-07-13 22:36:00,99.0,110.0,0.0,0.0,1023.2,0.0,10.9,IDRSING3
3683,11.1,0.0,0.0,2017-07-13 22:41:00,99.0,110.0,0.0,0.0,1023.6,0.0,10.9,IDRSING3
3684,10.8,0.0,0.0,2017-07-13 22:46:00,99.0,110.0,0.0,0.0,1023.2,0.0,10.6,IDRSING3
3685,10.0,0.0,0.0,2017-07-13 22:51:00,99.0,110.0,0.6,1.8,1023.2,0.0,9.8,IDRSING3
3686,9.0,0.0,0.0,2017-07-13 22:56:00,99.0,110.0,1.4,1.8,1023.6,0.0,8.8,IDRSING3
3687,9.3,0.0,0.0,2017-07-13 23:01:00,99.0,110.0,0.3,1.8,1023.6,0.0,9.1,IDRSING3
3688,9.3,0.0,0.0,2017-07-13 23:06:00,99.0,110.0,0.0,0.0,1023.6,0.0,9.1,IDRSING3
3689,9.2,0.0,0.0,2017-07-13 23:11:00,99.0,110.0,0.0,0.0,1023.6,0.0,9.0,IDRSING3
3690,9.2,0.0,0.0,2017-07-13 23:16:00,99.0,110.0,1.1,1.8,1023.2,0.0,9.0,IDRSING3
3691,10.1,0.0,0.0,2017-07-13 23:22:00,99.0,110.0,1.8,1.8,1023.2,0.0,9.9,IDRSING3
3692,11.1,0.0,0.0,2017-07-13 23:27:00,99.0,110.0,0.0,0.0,1023.6,0.0,10.9,IDRSING3
3693,11.0,0.0,0.0,2017-07-13 23:32:00,99.0,110.0,0.0,0.0,1023.6,0.0,10.8,IDRSING3
3694,10.4,0.0,0.0,2017-07-13 23:37:00,99.0,110.0,0.0,0.0,1023.2,0.0,10.2,IDRSING3
3695,9.7,0.0,0.0,2017-07-13 23:42:00,99.0,110.0,0.0,0.0,1023.6,0.0,9.5,IDRSING3
3696,9.4,0.0,0.0,2017-07-13 23:47:00,99.0,110.0,0.0,0.0,1023.6,0.0,9.2,IDRSING3
3697,8.5,0.0,0.0,2017-07-13 23:53:00,10.0,110.0,0.0,0.0,1023.2,0.0,-21.4,IDRSING3
3698,8.5,0.0,0.0,2017-07-13 23:58:00,10.0,110.0,0.0,0.0,1023.2,0.0,-21.4,IDRSING3
3699,8.6,0.0,0.0,2017-07-14 00:03:00,10.0,110.0,0.0,0.0,1023.2,0.0,-21.3,IDRSING3
3700,8.8,0.0,0.0,2017-07-14 00:08:00,10.0,110.0,0.0,0.0,1023.2,0.0,-21.2,IDRSING3
3701,8.8,0.0,0.0,2017-07-14 00:13:00,10.0,110.0,0.3,1.8,1023.2,0.0,-21.2,IDRSING3
3702,9.2,0.0,0.0,2017-07-14 00:18:00,10.0,110.0,0.3,1.8,1023.2,0.0,-20.9,IDRSING3
3703,9.7,0.0,0.0,2017-07-14 00:23:00,99.0,110.0,0.0,0.0,1023.2,0.0,9.5,IDRSING3
3704,9.9,0.0,0.0,2017-07-14 00:28:00,99.0,110.0,0.0,0.0,1022.9,0.0,9.7,IDRSING3
3705,9.6,0.0,0.0,2017-07-14 00:33:00,99.0,110.0,0.0,0.0,1022.9,0.0,9.4,IDRSING3
3706,9.0,0.0,0.0,2017-07-14 00:38:00,10.0,110.0,0.0,0.0,1022.9,0.0,-21.0,IDRSING3
3707,8.5,0.0,0.0,2017-07-14 00:43:00,10.0,110.0,0.0,0.0,1023.2,0.0,-21.4,IDRSING3
3708,8.3,0.0,0.0,2017-07-14 00:48:00,10.0,110.0,0.0,0.0,1022.9,0.0,-21.6,IDRSING3
3709,8.0,0.0,0.0,2017-07-14 00:54:00,13.0,110.0,0.0,0.0,1022.9,0.0,-18.8,IDRSING3
3710,7.8,0.0,0.0,2017-07-14 00:59:00,14.0,110.0,0.0,0.0,1022.9,0.0,-18.1,IDRSING3
3711,7.8,0.0,0.0,2017-07-14 01:04:00,16.0,110.0,0.0,0.0,1022.9,0.0,-16.5,IDRSING3
3712,7.7,0.0,0.0,2017-07-14 01:09:00,15.0,110.0,0.0,0.0,1022.9,0.0,-17.3,IDRSING3
3713,7.4,0.0,0.0,2017-07-14 01:14:00,15.0,110.0,0.0,0.0,1022.9,0.0,-17.6,IDRSING3
3714,7.2,0.0,0.0,2017-07-14 01:19:00,16.0,110.0,0.0,0.0,1022.9,0.0,-17.0,IDRSING3
3715,6.9,0.0,0.0,2017-07-14 01:24:00,16.0,110.0,0.0,0.0,1022.6,0.0,-17.2,IDRSING3
3716,6.8,0.0,0.0,2017-07-14 01:30:00,17.0,110.0,0.0,0.0,1022.9,0.0,-16.6,IDRSING3
3717,7.1,0.0,0.0,2017-07-14 01:35:00,17.0,110.0,0.0,0.0,1022.6,0.0,-16.3,IDRSING3
3718,7.0,0.0,0.0,2017-07-14 01:40:00,17.0,110.0,0.0,0.0,1022.9,0.0,-16.4,IDRSING3
3719,7.0,0.0,0.0,2017-07-14 01:46:00,17.0,110.0,0.0,0.0,1022.9,0.0,-16.4,IDRSING3
3720,7.1,0.0,0.0,2017-07-14 01:51:00,17.0,110.0,0.0,0.0,1022.6,0.0,-16.3,IDRSING3
3721,7.1,0.0,0.0,2017-07-14 01:56:00,17.0,110.0,0.0,0.0,1022.9,0.0,-16.3,IDRSING3
3722,7.0,0.0,0.0,2017-07-14 02:01:00,17.0,110.0,0.0,0.0,1022.9,0.0,-16.4,IDRSING3
3723,6.9,0.0,0.0,2017-07-14 02:06:00,17.0,110.0,0.0,0.0,1022.9,0.0,-16.5,IDRSING3
3724,6.8,0.0,0.0,2017-07-14 02:11:00,17.0,110.0,0.0,0.0,1022.6,0.0,-16.6,IDRSING3
3725,6.6,0.0,0.0,2017-07-14 02:16:00,17.0,110.0,0.0,0.0,1022.9,0.0,-16.7,IDRSING3
3726,7.0,0.0,0.0,2017-07-14 02:21:00,16.0,110.0,0.0,0.0,1022.6,0.0,-17.1,IDRSING3
3727,7.1,0.0,0.0,2017-07-14 02:26:00,16.0,110.0,0.0,0.0,1022.6,0.0,-17.0,IDRSING3
3728,7.4,0.0,0.0,2017-07-14 02:31:00,16.0,110.0,0.0,0.0,1022.6,0.0,-16.8,IDRSING3
3729,7.2,0.0,0.0,2017-07-14 02:36:00,16.0,110.0,0.0,0.0,1022.6,0.0,-17.0,IDRSING3
3730,6.9,0.0,0.0,2017-07-14 02:42:00,16.0,110.0,0.0,0.0,1022.6,0.0,-17.2,IDRSING3
3731,6.7,0.0,0.0,2017-07-14 02:47:00,16.0,110.0,0.0,0.0,1022.6,0.0,-17.4,IDRSING3
3732,6.6,0.0,0.0,2017-07-14 02:53:00,16.0,110.0,0.0,0.0,1022.6,0.0,-17.5,IDRSING3
3733,6.6,0.0,0.0,2017-07-14 02:58:00,16.0,110.0,0.0,0.0,1022.6,0.0,-17.5,IDRSING3
3734,7.1,0.0,0.0,2017-07-14 03:03:00,16.0,110.0,0.0,0.0,1022.9,0.36,-17.0,IDRSING3
3735,7.0,0.0,0.0,2017-07-14 03:08:00,16.0,110.0,0.0,0.0,1022.9,2.08,-17.1,IDRSING3
3736,6.9,0.0,0.0,2017-07-14 03:14:00,16.0,110.0,0.0,0.0,1022.6,3.79,-17.2,IDRSING3
3737,6.9,0.0,0.0,2017-07-14 03:19:00,16.0,110.0,0.0,0.0,1022.6,5.99,-17.2,IDRSING3
3738,7.5,0.0,0.0,2017-07-14 03:25:00,15.0,110.0,0.0,0.0,1022.6,7.7,-17.5,IDRSING3
3739,7.5,0.0,0.0,2017-07-14 03:30:00,15.0,110.0,0.0,0.0,1022.6,9.05,-17.5,IDRSING3
3740,7.4,0.0,0.0,2017-07-14 03:35:00,15.0,110.0,0.0,0.0,1022.6,11.25,-17.6,IDRSING3
3741,7.6,0.0,0.0,2017-07-14 03:41:00,15.0,110.0,0.0,0.0,1022.6,18.11,-17.4,IDRSING3
3742,7.9,0.0,0.0,2017-07-14 03:46:00,15.0,110.0,0.0,0.0,1022.6,20.8,-17.2,IDRSING3
3743,7.9,0.0,0.0,2017-07-14 03:51:00,15.0,110.0,0.0,0.0,1022.6,21.65,-17.2,IDRSING3
3744,7.9,0.0,0.0,2017-07-14 03:57:00,15.0,110.0,0.0,0.0,1022.6,20.8,-17.2,IDRSING3
3745,7.9,0.0,0.0,2017-07-14 04:02:00,15.0,110.0,0.0,0.0,1022.6,19.45,-17.2,IDRSING3
3746,7.8,0.0,0.0,2017-07-14 04:07:00,15.0,110.0,0.0,0.0,1022.9,19.45,-17.2,IDRSING3
3747,7.9,0.0,0.0,2017-07-14 04:13:00,14.0,110.0,0.0,0.0,1022.6,19.08,-18.0,IDRSING3
3748,7.9,0.0,0.0,2017-07-14 04:18:00,14.0,110.0,0.0,0.0,1022.6,22.87,-18.0,IDRSING3
3749,8.1,0.0,0.0,2017-07-14 04:23:00,14.0,110.0,0.0,0.0,1022.6,32.42,-17.8,IDRSING3
3750,8.4,0.0,0.0,2017-07-14 04:28:00,14.0,110.0,0.0,0.0,1022.6,31.56,-17.6,IDRSING3
3751,8.8,0.0,0.0,2017-07-14 04:33:00,14.0,110.0,0.0,0.0,1022.6,35.97,-17.2,IDRSING3
3752,9.5,0.0,0.0,2017-07-14 04:38:00,14.0,110.0,0.0,0.0,1022.6,39.39,-16.7,IDRSING3
3753,10.0,0.0,0.0,2017-07-14 04:43:00,11.0,110.0,1.1,1.8,1022.2,48.07,-19.1,IDRSING3
3754,10.6,0.0,0.0,2017-07-14 04:49:00,10.0,110.0,0.0,0.0,1022.6,51.5,-19.8,IDRSING3
3755,11.0,0.0,0.0,2017-07-14 04:54:00,10.0,110.0,1.1,1.8,1022.6,85.02,-19.5,IDRSING3
3756,11.1,0.0,0.0,2017-07-14 04:56:00,10.0,110.0,1.1,1.8,1022.6,106.68,-19.4,IDRSING3
3757,11.5,0.0,0.0,2017-07-14 05:01:00,10.0,297.0,1.1,3.5,1022.6,126.61,-19.1,IDRSING3
3758,11.6,0.0,0.0,2017-07-14 05:06:00,99.0,333.0,3.5,5.5,1022.6,101.05,11.4,IDRSING3
3759,11.7,0.0,0.0,2017-07-14 05:11:00,99.0,284.0,2.9,3.5,1022.2,114.02,11.5,IDRSING3
3760,12.0,0.0,0.0,2017-07-14 05:17:00,99.0,300.0,0.3,1.8,1022.6,116.58,11.8,IDRSING3
3761,12.3,0.0,0.0,2017-07-14 05:22:00,99.0,335.0,4.7,5.5,1022.6,94.07,12.1,IDRSING3
3762,12.4,0.0,0.0,2017-07-14 05:27:00,99.0,326.0,1.4,1.8,1022.6,104.1,12.2,IDRSING3
3763,12.8,0.0,0.0,2017-07-14 05:33:00,99.0,263.0,2.9,3.5,1022.6,76.34,12.6,IDRSING3
3764,12.9,0.0,0.0,2017-07-14 05:36:00,99.0,272.0,2.9,3.5,1022.6,140.93,12.7,IDRSING3
3765,13.1,0.0,0.0,2017-07-14 05:41:00,99.0,271.0,2.1,3.5,1022.2,116.58,12.9,IDRSING3
3766,13.6,0.0,0.0,2017-07-14 05:46:00,99.0,293.0,0.0,0.0,1022.2,197.81,13.4,IDRSING3
3767,14.2,0.0,0.0,2017-07-14 05:52:00,99.0,302.0,4.0,5.5,1021.9,217.76,14.0,IDRSING3
3768,14.5,0.0,0.0,2017-07-14 05:57:00,99.0,336.0,0.0,0.0,1021.9,312.69,14.3,IDRSING3
3769,15.1,0.0,0.0,2017-07-14 06:02:00,87.0,95.0,1.4,1.8,1022.2,325.78,13.0,IDRSING3
3770,15.4,0.0,0.0,2017-07-14 06:07:00,83.0,111.0,3.5,5.5,1021.9,417.66,12.5,IDRSING3
3771,14.8,0.0,0.0,2017-07-14 06:13:00,84.0,317.0,2.9,3.5,1022.2,326.15,12.1,IDRSING3
3772,15.1,0.0,0.0,2017-07-14 06:18:00,87.0,328.0,0.3,1.8,1021.9,394.29,13.0,IDRSING3
3773,16.0,0.0,0.0,2017-07-14 06:23:00,80.0,283.0,1.1,1.8,1021.9,423.77,12.6,IDRSING3
3774,17.0,0.0,0.0,2017-07-14 06:28:00,77.0,122.0,2.9,3.5,1021.9,454.11,12.9,IDRSING3
3775,16.8,0.0,0.0,2017-07-14 06:33:00,77.0,325.0,1.8,1.8,1021.6,467.2,12.7,IDRSING3
3776,17.6,0.0,0.0,2017-07-14 06:38:00,70.0,127.0,0.3,1.8,1021.6,488.37,12.1,IDRSING3
3777,17.9,0.0,0.0,2017-07-14 06:43:00,69.0,6.0,1.8,1.8,1021.6,500.11,12.1,IDRSING3
3778,17.9,0.0,0.0,2017-07-14 06:48:00,66.0,4.0,0.3,1.8,1021.6,526.54,11.5,IDRSING3
3779,17.5,0.0,0.0,2017-07-14 06:54:00,67.0,217.0,1.1,1.8,1021.9,589.05,11.3,IDRSING3
3780,17.7,0.0,0.0,2017-07-14 06:59:00,67.0,205.0,2.6,3.5,1021.9,605.93,11.5,IDRSING3
3781,17.6,0.0,0.0,2017-07-14 07:05:00,66.0,205.0,2.1,3.5,1021.6,631.62,11.2,IDRSING3
3782,17.9,0.0,0.0,2017-07-14 07:10:00,63.0,211.0,3.2,3.5,1021.9,651.56,10.8,IDRSING3
3783,18.7,0.0,0.0,2017-07-14 07:15:00,63.0,185.0,0.0,0.0,1021.6,665.02,11.5,IDRSING3
3784,19.2,0.0,0.0,2017-07-14 07:21:00,61.0,218.0,0.3,1.8,1021.6,660.62,11.5,IDRSING3
3785,18.6,0.0,0.0,2017-07-14 07:26:00,62.0,186.0,1.1,1.8,1021.6,674.93,11.2,IDRSING3
3786,19.8,0.0,0.0,2017-07-14 07:31:00,58.0,243.0,1.8,1.8,1021.6,720.56,11.3,IDRSING3
3787,19.3,0.0,0.0,2017-07-14 07:37:00,57.0,119.0,1.8,3.5,1021.6,765.58,10.6,IDRSING3
3788,20.3,0.0,0.0,2017-07-14 07:42:00,56.0,115.0,0.0,0.0,1021.6,787.36,11.3,IDRSING3
3789,20.1,0.0,0.0,2017-07-14 07:47:00,52.0,213.0,3.2,3.5,1021.6,805.09,10.0,IDRSING3
3790,20.2,0.0,0.0,2017-07-14 07:52:00,54.0,169.0,1.4,3.5,1021.6,650.21,10.6,IDRSING3
3791,20.6,0.0,0.0,2017-07-14 07:58:00,52.0,199.0,0.0,0.0,1021.6,383.03,10.4,IDRSING3
3792,20.8,0.0,0.0,2017-07-14 08:03:00,50.0,194.0,1.4,1.8,1021.9,770.84,10.0,IDRSING3
3793,20.7,0.0,0.0,2017-07-14 08:08:00,50.0,191.0,0.6,1.8,1021.6,722.27,9.9,IDRSING3
3794,21.5,0.0,0.0,2017-07-14 08:13:00,49.0,172.0,1.4,1.8,1021.9,707.47,10.4,IDRSING3
3795,21.6,0.0,0.0,2017-07-14 08:18:00,50.0,202.0,0.3,1.8,1021.6,500.96,10.8,IDRSING3
3796,21.4,0.0,0.0,2017-07-14 08:23:00,50.0,172.0,0.0,0.0,1021.6,360.4,10.6,IDRSING3
3797,20.6,0.0,0.0,2017-07-14 08:29:00,49.0,139.0,1.4,1.8,1021.6,698.78,9.5,IDRSING3
3798,20.3,0.0,0.0,2017-07-14 08:34:00,52.0,117.0,0.3,1.8,1021.2,677.99,10.1,IDRSING3
3799,21.1,0.0,0.0,2017-07-14 08:39:00,49.0,195.0,0.0,0.0,1021.6,488.37,10.0,IDRSING3
3800,21.0,0.0,0.0,2017-07-14 08:44:00,50.0,174.0,0.3,1.8,1021.2,516.99,10.2,IDRSING3
3801,20.9,0.0,0.0,2017-07-14 08:49:00,53.0,151.0,0.0,0.0,1021.2,811.21,11.0,IDRSING3
3802,21.8,0.0,0.0,2017-07-14 08:54:00,51.0,207.0,0.0,0.0,1021.2,642.87,11.2,IDRSING3
3803,21.6,0.0,0.0,2017-07-14 08:59:00,50.0,153.0,1.4,3.5,1021.2,555.28,10.8,IDRSING3
3804,21.1,0.0,0.0,2017-07-14 09:05:00,49.0,125.0,3.5,5.5,1020.9,496.69,10.0,IDRSING3
3805,20.4,0.0,0.0,2017-07-14 09:10:00,49.0,209.0,3.5,5.5,1020.9,474.05,9.3,IDRSING3
3806,20.8,0.0,0.0,2017-07-14 09:15:00,48.0,119.0,3.2,3.5,1021.2,371.29,9.4,IDRSING3
3807,21.0,0.0,0.0,2017-07-14 09:21:00,50.0,204.0,0.0,0.0,1021.6,479.31,10.2,IDRSING3
3808,21.6,0.0,0.0,2017-07-14 09:26:00,49.0,124.0,0.3,1.8,1020.9,428.18,10.5,IDRSING3
3809,20.9,0.0,0.0,2017-07-14 09:31:00,49.0,238.0,2.9,3.5,1020.9,500.6,9.8,IDRSING3
3810,20.3,0.0,0.0,2017-07-14 09:36:00,50.0,226.0,3.2,3.5,1020.9,526.16,9.6,IDRSING3
3811,20.5,0.0,0.0,2017-07-14 09:41:00,49.0,141.0,3.2,3.5,1020.9,497.05,9.4,IDRSING3
3812,21.5,0.0,0.0,2017-07-14 09:46:00,49.0,175.0,0.6,1.8,1020.9,481.52,10.4,IDRSING3
3813,22.3,0.0,0.0,2017-07-14 09:51:00,49.0,286.0,0.0,0.0,1020.9,437.72,11.1,IDRSING3
3814,21.5,0.0,0.0,2017-07-14 09:57:00,47.0,289.0,1.1,1.8,1020.5,343.03,9.7,IDRSING3
3815,20.9,0.0,0.0,2017-07-14 10:02:00,48.0,197.0,0.0,0.0,1020.5,304.0,9.5,IDRSING3
3816,21.0,0.0,0.0,2017-07-14 10:07:00,51.0,122.0,0.0,0.0,1020.9,286.63,10.5,IDRSING3
3817,20.7,0.0,0.0,2017-07-14 10:13:00,52.0,189.0,0.0,0.0,1020.5,275.86,10.5,IDRSING3
3818,20.7,0.0,0.0,2017-07-14 10:18:00,51.0,121.0,0.0,0.0,1020.9,281.0,10.2,IDRSING3
3819,20.7,0.0,0.0,2017-07-14 10:23:00,51.0,153.0,1.4,1.8,1020.5,276.24,10.2,IDRSING3
3820,20.4,0.0,0.0,2017-07-14 10:28:00,50.0,121.0,1.8,1.8,1020.5,425.97,9.6,IDRSING3
3821,21.3,0.0,0.0,2017-07-14 10:34:00,48.0,122.0,2.1,3.5,1020.5,346.95,9.9,IDRSING3
3822,21.2,0.0,0.0,2017-07-14 10:39:00,53.0,111.0,1.8,3.5,1020.5,550.02,11.3,IDRSING3
3823,20.9,0.0,0.0,2017-07-14 10:44:00,50.0,104.0,5.5,9.3,1020.5,700.5,10.1,IDRSING3
3824,21.8,0.0,0.0,2017-07-14 10:50:00,49.0,164.0,0.6,1.8,1020.5,877.51,10.6,IDRSING3
3825,22.6,0.0,0.0,2017-07-14 10:55:00,49.0,127.0,2.6,5.5,1020.5,527.88,11.4,IDRSING3
3826,23.0,0.0,0.0,2017-07-14 11:00:00,47.0,190.0,1.4,1.8,1020.2,454.11,11.1,IDRSING3
3827,22.0,0.0,0.0,2017-07-14 11:05:00,48.0,123.0,5.5,7.2,1020.5,695.72,10.5,IDRSING3
3828,22.1,0.0,0.0,2017-07-14 11:10:00,48.0,117.0,1.8,1.8,1020.2,809.01,10.6,IDRSING3
3829,22.0,0.0,0.0,2017-07-14 11:15:00,50.0,174.0,1.1,1.8,1020.2,876.66,11.1,IDRSING3
3830,22.7,0.0,0.0,2017-07-14 11:20:00,46.0,173.0,1.8,1.8,1020.2,812.07,10.5,IDRSING3
3831,22.8,0.0,0.0,2017-07-14 11:26:00,45.0,216.0,4.3,9.3,1020.2,765.21,10.3,IDRSING3
3832,22.9,0.0,0.0,2017-07-14 11:31:00,45.0,213.0,4.0,7.2,1020.2,741.72,10.4,IDRSING3
3833,23.1,0.0,0.0,2017-07-14 11:36:00,45.0,184.0,2.6,3.5,1019.9,730.1,10.6,IDRSING3
3834,22.6,0.0,0.0,2017-07-14 11:41:00,45.0,314.0,4.0,5.5,1019.9,751.75,10.1,IDRSING3
3835,22.8,0.0,0.0,2017-07-14 11:46:00,45.0,314.0,4.3,5.5,1019.9,752.61,10.3,IDRSING3
3836,22.9,0.0,0.0,2017-07-14 11:51:00,46.0,286.0,2.1,3.5,1019.5,766.92,10.7,IDRSING3
3837,23.2,0.0,0.0,2017-07-14 11:57:00,44.0,221.0,3.5,5.5,1019.9,782.95,10.3,IDRSING3
3838,24.0,0.0,0.0,2017-07-14 12:02:00,43.0,221.0,1.4,3.5,1019.9,813.29,10.7,IDRSING3
3839,24.1,0.0,0.0,2017-07-14 12:07:00,43.0,193.0,3.2,5.5,1019.9,791.27,10.8,IDRSING3
3840,23.8,0.0,0.0,2017-07-14 12:12:00,44.0,130.0,0.3,1.8,1019.5,780.75,10.8,IDRSING3
3841,23.6,0.0,0.0,2017-07-14 12:17:00,43.0,323.0,3.5,5.5,1019.5,862.83,10.3,IDRSING3
3842,22.9,0.0,0.0,2017-07-14 12:27:00,46.0,182.0,0.3,1.8,1019.2,296.66,10.7,IDRSING3
3843,23.0,0.0,0.0,2017-07-14 12:33:00,45.0,182.0,0.0,0.0,1019.2,313.54,10.5,IDRSING3
3844,22.8,0.0,0.0,2017-07-14 12:38:00,44.0,214.0,12.2,14.8,1019.2,330.55,9.9,IDRSING3
3845,22.3,0.0,0.0,2017-07-14 12:43:00,45.0,229.0,5.0,5.5,1019.2,369.94,9.8,IDRSING3
3846,22.8,0.0,0.0,2017-07-14 12:48:00,44.0,260.0,4.3,5.5,1019.2,307.55,9.9,IDRSING3
3847,22.9,0.0,0.0,2017-07-14 12:53:00,46.0,242.0,0.0,0.0,1019.2,355.26,10.7,IDRSING3
3848,23.3,0.0,0.0,2017-07-14 12:58:00,43.0,256.0,5.0,5.5,1019.2,392.08,10.1,IDRSING3
3849,22.9,0.0,0.0,2017-07-14 13:03:00,43.0,267.0,4.0,5.5,1019.2,353.06,9.7,IDRSING3
3850,23.1,0.0,0.0,2017-07-14 13:09:00,43.0,268.0,7.6,9.3,1018.8,281.49,9.9,IDRSING3
3851,22.8,0.0,0.0,2017-07-14 13:14:00,45.0,166.0,0.3,1.8,1018.8,267.18,10.3,IDRSING3
3852,23.2,0.0,0.0,2017-07-14 13:19:00,45.0,341.0,4.0,5.5,1019.2,402.98,10.6,IDRSING3
3853,23.1,0.0,0.0,2017-07-14 13:25:00,42.0,277.0,5.5,5.5,1019.2,287.12,9.5,IDRSING3
3854,22.5,0.0,0.0,2017-07-14 13:30:00,43.0,257.0,3.2,5.5,1019.2,206.38,9.3,IDRSING3
3855,22.4,0.0,0.0,2017-07-14 13:35:00,45.0,251.0,3.5,3.5,1018.8,170.9,9.9,IDRSING3
3856,22.3,0.0,0.0,2017-07-14 13:40:00,48.0,326.0,0.0,0.0,1019.2,140.44,10.8,IDRSING3
3857,22.2,0.0,0.0,2017-07-14 13:46:00,45.0,228.0,4.0,5.5,1019.2,113.16,9.7,IDRSING3
3858,22.0,0.0,0.0,2017-07-14 13:51:00,45.0,221.0,0.3,1.8,1018.8,144.85,9.6,IDRSING3
3859,22.3,0.0,0.0,2017-07-14 13:56:00,44.0,280.0,4.3,5.5,1018.8,195.61,9.5,IDRSING3
3860,22.5,0.0,0.0,2017-07-14 14:01:00,44.0,240.0,5.8,7.2,1018.8,321.01,9.7,IDRSING3
3861,22.9,0.0,0.0,2017-07-14 14:06:00,42.0,326.0,7.6,9.3,1018.8,536.08,9.3,IDRSING3
3862,23.4,0.0,0.0,2017-07-14 14:11:00,42.0,247.0,5.5,7.2,1018.8,733.53,9.8,IDRSING3
3863,23.6,0.0,0.0,2017-07-14 14:16:00,42.0,160.0,2.1,3.5,1018.5,243.32,10.0,IDRSING3
3864,23.3,0.0,0.0,2017-07-14 14:21:00,43.0,259.0,2.9,3.5,1018.5,217.27,10.1,IDRSING3
3865,22.8,0.0,0.0,2017-07-14 14:26:00,42.0,292.0,6.1,7.2,1018.5,254.21,9.3,IDRSING3
3866,23.0,0.0,0.0,2017-07-14 14:31:00,42.0,285.0,4.0,5.5,1018.5,362.12,9.4,IDRSING3
3867,23.2,0.0,0.0,2017-07-14 14:37:00,42.0,254.0,2.1,3.5,1018.5,291.03,9.6,IDRSING3
3868,22.9,0.0,0.0,2017-07-14 14:42:00,42.0,218.0,3.5,3.5,1018.5,302.78,9.3,IDRSING3
3869,23.3,0.0,0.0,2017-07-14 14:47:00,41.0,230.0,6.1,7.2,1018.5,447.62,9.3,IDRSING3
3870,23.8,0.0,0.0,2017-07-14 14:53:00,41.0,324.0,12.2,13.0,1018.5,522.74,9.8,IDRSING3
3871,23.6,0.0,0.0,2017-07-14 14:58:00,42.0,323.0,6.1,7.2,1018.5,183.87,10.0,IDRSING3
3872,22.9,0.0,0.0,2017-07-14 15:03:00,44.0,276.0,1.8,1.8,1018.2,135.3,10.0,IDRSING3
3873,22.7,0.0,0.0,2017-07-14 15:08:00,43.0,258.0,5.5,7.2,1018.5,168.7,9.5,IDRSING3
3874,22.6,0.0,0.0,2017-07-14 15:13:00,43.0,286.0,6.1,7.2,1018.2,123.56,9.4,IDRSING3
3875,22.3,0.0,0.0,2017-07-14 15:18:00,43.0,248.0,1.4,1.8,1018.2,148.76,9.1,IDRSING3
3876,22.7,0.0,0.0,2017-07-14 15:23:00,47.0,248.0,0.0,0.0,1018.2,238.92,10.8,IDRSING3
3877,23.7,0.0,0.0,2017-07-14 15:29:00,41.0,312.0,2.1,3.5,1018.2,483.59,9.7,IDRSING3
3878,24.1,0.0,0.0,2017-07-14 15:34:00,42.0,315.0,7.2,9.3,1018.2,224.61,10.4,IDRSING3
3879,22.9,0.0,0.0,2017-07-14 15:39:00,43.0,309.0,2.9,3.5,1018.2,164.29,9.7,IDRSING3
3880,22.6,0.0,0.0,2017-07-14 15:45:00,43.0,333.0,0.6,1.8,1018.2,132.73,9.4,IDRSING3
3881,22.5,0.0,0.0,2017-07-14 15:50:00,44.0,280.0,5.8,7.2,1018.2,95.79,9.7,IDRSING3
3882,22.3,0.0,0.0,2017-07-14 15:55:00,44.0,301.0,0.0,0.0,1018.2,98.36,9.5,IDRSING3
3883,22.3,0.0,0.0,2017-07-14 16:00:00,46.0,301.0,0.0,0.0,1018.2,85.39,10.1,IDRSING3
3884,22.4,0.0,0.0,2017-07-14 16:05:00,45.0,301.0,1.4,1.8,1018.2,87.96,9.9,IDRSING3
3885,22.3,0.0,0.0,2017-07-14 16:10:00,45.0,267.0,4.0,5.5,1018.2,79.76,9.8,IDRSING3
3886,22.5,0.0,0.0,2017-07-14 16:15:00,46.0,284.0,4.0,5.5,1018.2,76.7,10.3,IDRSING3
3887,22.3,0.0,0.0,2017-07-14 16:21:00,44.0,285.0,5.0,5.5,1018.2,118.42,9.5,IDRSING3
3888,22.5,0.0,0.0,2017-07-14 16:26:00,45.0,308.0,3.5,3.5,1018.2,131.39,10.0,IDRSING3
3889,22.5,0.0,0.0,2017-07-14 16:31:00,45.0,276.0,7.2,7.2,1018.2,112.67,10.0,IDRSING3
3890,22.3,0.0,0.0,2017-07-14 16:37:00,45.0,223.0,2.9,3.5,1018.5,61.53,9.8,IDRSING3
3891,22.1,0.0,0.0,2017-07-14 16:42:00,45.0,289.0,4.7,5.5,1018.2,96.27,9.6,IDRSING3
3892,23.0,0.0,0.0,2017-07-14 16:48:00,42.0,243.0,1.4,1.8,1018.2,232.07,9.4,IDRSING3
3893,23.6,0.0,0.0,2017-07-14 16:53:00,42.0,311.0,3.5,3.5,1018.2,170.9,10.0,IDRSING3
3894,23.5,0.0,0.0,2017-07-14 16:58:00,42.0,355.0,5.5,7.2,1017.8,140.44,9.9,IDRSING3
3895,23.2,0.0,0.0,2017-07-14 17:03:00,42.0,358.0,9.3,13.0,1018.2,130.9,9.6,IDRSING3
3896,22.8,0.0,0.0,2017-07-14 17:08:00,43.0,297.0,3.5,3.5,1017.8,114.51,9.6,IDRSING3
3897,22.9,0.0,0.0,2017-07-14 17:13:00,43.0,338.0,1.8,1.8,1017.8,101.41,9.7,IDRSING3
3898,23.4,0.0,0.0,2017-07-14 17:18:00,44.0,337.0,0.3,1.8,1017.8,92.73,10.5,IDRSING3
3899,23.0,0.0,0.0,2017-07-14 17:23:00,44.0,307.0,2.1,3.5,1018.2,81.97,10.1,IDRSING3
3900,23.4,0.0,0.0,2017-07-14 17:29:00,43.0,307.0,0.3,1.8,1017.8,71.93,10.1,IDRSING3
3901,23.7,0.0,0.0,2017-07-14 17:34:00,42.0,308.0,1.8,1.8,1018.2,57.62,10.1,IDRSING3
3902,23.2,0.0,0.0,2017-07-14 17:39:00,42.0,307.0,0.6,1.8,1017.8,48.93,9.6,IDRSING3
3903,22.4,0.0,0.0,2017-07-14 17:44:00,44.0,272.0,3.2,3.5,1018.2,45.02,9.6,IDRSING3
3904,21.9,0.0,0.0,2017-07-14 17:49:00,47.0,272.0,2.1,3.5,1018.2,35.11,10.1,IDRSING3
3905,21.6,0.0,0.0,2017-07-14 17:54:00,48.0,272.0,1.8,1.8,1017.8,31.19,10.2,IDRSING3
3906,21.6,0.0,0.0,2017-07-14 17:55:00,48.0,272.0,2.1,3.5,1017.8,30.7,10.2,IDRSING3
3907,21.6,0.0,0.0,2017-07-14 18:00:00,48.0,272.0,1.1,1.8,1018.2,29.85,10.2,IDRSING3
3908,21.8,0.0,0.0,2017-07-14 18:05:00,48.0,272.0,1.4,1.8,1018.2,28.14,10.3,IDRSING3
3909,21.6,0.0,0.0,2017-07-14 18:10:00,50.0,272.0,1.8,1.8,1018.2,24.71,10.8,IDRSING3
3910,21.5,0.0,0.0,2017-07-14 18:15:00,49.0,272.0,1.8,1.8,1018.2,22.87,10.4,IDRSING3
3911,21.1,0.0,0.0,2017-07-14 18:21:00,51.0,272.0,1.8,1.8,1018.2,16.88,10.6,IDRSING3
3912,20.5,0.0,0.0,2017-07-14 18:26:00,62.0,272.0,0.0,0.0,1018.2,12.97,13.0,IDRSING3
3913,19.7,0.0,0.0,2017-07-14 18:32:00,65.0,272.0,0.0,0.0,1018.2,8.56,13.0,IDRSING3
3914,18.7,0.0,0.0,2017-07-14 18:37:00,73.0,272.0,0.0,0.0,1018.2,6.48,13.8,IDRSING3
3915,18.2,0.0,0.0,2017-07-14 18:42:00,70.0,272.0,0.0,0.0,1018.2,4.28,12.7,IDRSING3
3916,17.8,0.0,0.0,2017-07-14 18:48:00,73.0,272.0,0.0,0.0,1018.2,2.94,12.9,IDRSING3
3917,17.3,0.0,0.0,2017-07-14 18:53:00,76.0,272.0,0.0,0.0,1018.2,0.85,13.0,IDRSING3
3918,16.9,0.0,0.0,2017-07-14 18:58:00,80.0,271.0,0.0,0.0,1018.2,0.0,13.4,IDRSING3
3919,16.6,0.0,0.0,2017-07-14 19:04:00,80.0,271.0,0.0,0.0,1018.2,0.0,13.1,IDRSING3
3920,16.2,0.0,0.0,2017-07-14 19:09:00,84.0,271.0,0.0,0.0,1018.2,0.0,13.5,IDRSING3
3921,16.1,0.0,0.0,2017-07-14 19:14:00,85.0,271.0,0.3,1.8,1018.2,0.0,13.6,IDRSING3
3922,15.4,0.0,0.0,2017-07-14 19:19:00,89.0,271.0,0.0,0.0,1018.5,0.0,13.6,IDRSING3
3923,15.1,0.0,0.0,2017-07-14 19:25:00,91.0,272.0,0.0,0.0,1018.5,0.0,13.7,IDRSING3
3924,15.0,0.0,0.0,2017-07-14 19:30:00,94.0,271.0,0.0,0.0,1018.5,0.0,14.0,IDRSING3
3925,15.1,0.0,0.0,2017-07-14 19:36:00,94.0,271.0,0.0,0.0,1018.5,0.0,14.1,IDRSING3
3926,14.7,0.0,0.0,2017-07-14 19:41:00,92.0,271.0,0.0,0.0,1018.5,0.0,13.5,IDRSING3
3927,14.3,0.0,0.0,2017-07-14 19:46:00,99.0,271.0,0.0,0.0,1018.2,0.0,14.1,IDRSING3
3928,14.2,0.0,0.0,2017-07-14 19:51:00,99.0,271.0,0.0,0.0,1018.5,0.0,14.0,IDRSING3
3929,13.9,0.0,0.0,2017-07-14 19:57:00,99.0,271.0,0.0,0.0,1018.5,0.0,13.7,IDRSING3
3930,13.6,0.0,0.0,2017-07-14 20:02:00,99.0,271.0,0.0,0.0,1018.5,0.0,13.4,IDRSING3
3931,13.8,0.0,0.0,2017-07-14 20:08:00,99.0,271.0,0.0,0.0,1018.2,0.0,13.6,IDRSING3
3932,13.7,0.0,0.0,2017-07-14 20:13:00,99.0,271.0,0.0,0.0,1018.5,0.0,13.5,IDRSING3
3933,13.3,0.0,0.0,2017-07-14 20:18:00,99.0,271.0,0.0,0.0,1018.5,0.0,13.1,IDRSING3
3934,13.1,0.0,0.0,2017-07-14 20:24:00,99.0,272.0,0.0,0.0,1018.2,0.0,12.9,IDRSING3
3935,12.8,0.0,0.0,2017-07-14 20:29:00,10.0,271.0,0.0,0.0,1018.2,0.0,-18.1,IDRSING3
3936,12.6,0.0,0.0,2017-07-14 20:34:00,10.0,271.0,0.0,0.0,1018.2,0.0,-18.2,IDRSING3
3937,12.6,0.0,0.0,2017-07-14 20:39:00,10.0,271.0,0.0,0.0,1018.2,0.0,-18.2,IDRSING3
3938,12.8,0.0,0.0,2017-07-14 20:44:00,10.0,271.0,0.0,0.0,1018.5,0.0,-18.1,IDRSING3
3939,12.8,0.0,0.0,2017-07-14 20:49:00,10.0,271.0,0.0,0.0,1018.2,0.0,-18.1,IDRSING3
3940,13.0,0.0,0.0,2017-07-14 20:54:00,99.0,271.0,0.0,0.0,1018.2,0.0,12.8,IDRSING3
3941,13.1,0.0,0.0,2017-07-14 21:00:00,99.0,271.0,0.0,0.0,1018.5,0.0,12.9,IDRSING3
3942,13.1,0.0,0.0,2017-07-14 21:05:00,99.0,271.0,0.0,0.0,1018.5,0.0,12.9,IDRSING3
3943,13.1,0.0,0.0,2017-07-14 21:10:00,99.0,271.0,0.0,0.0,1018.5,0.0,12.9,IDRSING3
3944,13.1,0.0,0.0,2017-07-14 21:16:00,99.0,271.0,0.3,1.8,1018.8,0.0,12.9,IDRSING3
3945,13.1,0.0,0.0,2017-07-14 21:21:00,99.0,135.0,2.6,3.5,1018.2,0.0,12.9,IDRSING3
3946,14.4,0.0,0.0,2017-07-14 21:26:00,99.0,152.0,2.1,3.5,1018.5,0.0,14.2,IDRSING3
3947,13.8,0.0,0.0,2017-07-14 21:32:00,99.0,152.0,0.0,0.0,1018.5,0.0,13.6,IDRSING3
3948,13.9,0.0,0.0,2017-07-14 21:37:00,99.0,152.0,0.0,0.0,1018.5,0.0,13.7,IDRSING3
3949,13.7,0.0,0.0,2017-07-14 21:42:00,99.0,152.0,0.0,0.0,1018.5,0.0,13.5,IDRSING3
3950,14.5,0.0,0.0,2017-07-14 21:48:00,99.0,152.0,1.4,1.8,1018.5,0.0,14.3,IDRSING3
3951,15.5,0.0,0.0,2017-07-14 21:53:00,95.0,228.0,10.1,13.0,1018.5,0.0,14.7,IDRSING3
3952,16.3,0.0,0.0,2017-07-14 21:58:00,93.0,244.0,7.2,9.3,1018.8,0.0,15.1,IDRSING3
3953,16.2,0.0,0.0,2017-07-14 22:03:00,93.0,251.0,7.9,9.3,1018.2,0.0,15.0,IDRSING3
3954,16.3,0.0,0.0,2017-07-14 22:09:00,94.0,260.0,5.5,7.2,1018.5,0.0,15.2,IDRSING3
3955,16.3,0.0,0.0,2017-07-14 22:14:00,93.0,235.0,10.5,13.0,1018.5,0.0,15.1,IDRSING3
3956,16.6,0.0,0.0,2017-07-14 22:19:00,92.0,257.0,7.6,9.3,1018.8,0.0,15.3,IDRSING3
3957,16.6,0.0,0.0,2017-07-14 22:24:00,93.0,264.0,7.2,9.3,1018.5,0.0,15.4,IDRSING3
3958,16.7,0.0,0.0,2017-07-14 22:30:00,92.0,262.0,7.9,9.3,1018.5,0.0,15.4,IDRSING3
3959,16.6,0.0,0.0,2017-07-14 22:35:00,94.0,258.0,6.4,9.3,1018.5,0.0,15.5,IDRSING3
3960,16.5,0.0,0.0,2017-07-14 22:40:00,94.0,270.0,4.7,7.2,1018.5,0.0,15.4,IDRSING3
3961,16.5,0.0,0.0,2017-07-14 22:45:00,93.0,258.0,4.0,5.5,1018.5,0.0,15.3,IDRSING3
3962,16.6,0.0,0.0,2017-07-14 22:50:00,92.0,296.0,2.9,3.5,1018.5,0.0,15.3,IDRSING3
3963,16.7,0.0,0.0,2017-07-14 22:55:00,92.0,274.0,3.2,3.5,1018.5,0.0,15.4,IDRSING3
3964,16.8,0.0,0.0,2017-07-14 23:00:00,91.0,296.0,4.0,5.5,1018.5,0.0,15.4,IDRSING3
3965,16.7,0.0,0.0,2017-07-14 23:05:00,92.0,313.0,0.0,0.0,1018.8,0.0,15.4,IDRSING3
3966,16.5,0.0,0.0,2017-07-14 23:10:00,93.0,313.0,1.4,1.8,1018.8,0.0,15.3,IDRSING3
3967,16.5,0.0,0.0,2017-07-14 23:11:00,93.0,312.0,1.8,1.8,1018.8,0.0,15.3,IDRSING3
3968,16.5,0.0,0.0,2017-07-14 23:16:00,93.0,235.0,6.1,7.2,1018.8,0.0,15.3,IDRSING3
3969,16.7,0.0,0.0,2017-07-14 23:21:00,92.0,239.0,6.1,7.2,1018.5,0.0,15.4,IDRSING3
3970,16.8,0.0,0.0,2017-07-14 23:26:00,91.0,249.0,6.4,9.3,1018.5,0.0,15.4,IDRSING3
3971,16.8,0.0,0.0,2017-07-14 23:31:00,89.0,260.0,9.7,11.1,1018.5,0.0,15.0,IDRSING3
3972,17.0,0.0,0.0,2017-07-14 23:37:00,87.0,255.0,11.1,13.0,1018.8,0.0,14.9,IDRSING3
3973,17.1,0.0,0.0,2017-07-14 23:42:00,86.0,255.0,14.0,16.6,1018.8,0.0,14.8,IDRSING3
3974,17.1,0.0,0.0,2017-07-14 23:47:00,87.0,249.0,16.3,21.9,1018.8,0.0,14.9,IDRSING3
3975,16.9,0.0,0.0,2017-07-14 23:53:00,86.0,270.0,16.6,20.1,1018.5,0.0,14.6,IDRSING3
3976,16.9,0.0,0.0,2017-07-14 23:56:00,87.0,259.0,14.8,16.6,1018.8,0.0,14.8,IDRSING3
3977,16.8,0.0,0.0,2017-07-15 00:01:00,87.0,258.0,11.1,14.8,1018.8,0.0,14.7,IDRSING3
3978,16.8,0.0,0.0,2017-07-15 00:06:00,87.0,270.0,12.6,16.6,1018.8,0.0,14.7,IDRSING3
3979,16.8,0.0,0.0,2017-07-15 00:11:00,87.0,242.0,14.8,18.3,1018.8,0.0,14.7,IDRSING3
3980,16.6,0.0,0.0,2017-07-15 00:17:00,87.0,264.0,9.0,11.1,1018.8,0.0,14.5,IDRSING3
3981,16.6,0.0,0.0,2017-07-15 00:22:00,86.0,274.0,10.1,13.0,1018.8,0.0,14.3,IDRSING3
3982,16.6,0.0,0.0,2017-07-15 00:27:00,87.0,253.0,10.5,13.0,1018.5,0.0,14.5,IDRSING3
3983,16.5,0.0,0.0,2017-07-15 00:32:00,86.0,246.0,15.4,16.6,1018.8,0.0,14.2,IDRSING3
3984,16.4,0.0,0.0,2017-07-15 00:37:00,88.0,264.0,11.9,14.8,1018.8,0.0,14.4,IDRSING3
3985,16.3,0.0,0.0,2017-07-15 00:42:00,89.0,291.0,12.2,14.8,1018.8,0.0,14.5,IDRSING3
3986,16.4,0.0,0.0,2017-07-15 00:47:00,89.0,281.0,16.3,18.3,1018.8,0.0,14.6,IDRSING3
3987,16.3,0.0,0.0,2017-07-15 00:53:00,91.0,258.0,12.2,16.6,1018.8,0.0,14.9,IDRSING3
3988,16.1,0.0,0.0,2017-07-15 00:58:00,94.0,278.0,15.4,21.9,1018.8,0.0,15.0,IDRSING3
3989,16.1,0.0,0.0,2017-07-15 01:00:00,94.0,266.0,13.7,16.6,1018.8,0.0,15.0,IDRSING3
3990,15.9,0.0,0.0,2017-07-15 01:05:00,95.0,268.0,11.6,14.8,1018.8,0.0,15.1,IDRSING3
3991,15.9,0.0,0.0,2017-07-15 01:10:00,95.0,272.0,12.2,14.8,1018.8,0.0,15.1,IDRSING3
3992,15.7,0.0,0.0,2017-07-15 01:15:00,98.0,277.0,11.1,13.0,1018.8,0.0,15.4,IDRSING3
3993,15.6,0.0,0.0,2017-07-15 01:21:00,97.0,276.0,11.9,14.8,1018.8,0.0,15.2,IDRSING3
3994,15.7,0.0,0.0,2017-07-15 01:26:00,95.0,267.0,9.0,9.3,1018.8,0.0,14.9,IDRSING3
3995,15.8,0.0,0.0,2017-07-15 01:31:00,95.0,277.0,11.1,14.8,1018.8,0.0,15.0,IDRSING3
3996,15.9,0.0,0.0,2017-07-15 01:37:00,91.0,290.0,11.6,14.8,1018.8,0.0,14.5,IDRSING3
3997,15.9,0.0,0.0,2017-07-15 01:42:00,92.0,304.0,11.9,14.8,1018.8,0.0,14.6,IDRSING3
3998,15.8,0.0,0.0,2017-07-15 01:47:00,93.0,259.0,7.9,9.3,1018.8,0.0,14.6,IDRSING3
3999,15.7,0.0,0.0,2017-07-15 01:53:00,93.0,262.0,9.7,13.0,1018.8,0.0,14.5,IDRSING3
4000,15.8,0.0,0.0,2017-07-15 01:58:00,91.0,336.0,12.2,14.8,1018.8,0.0,14.4,IDRSING3
4001,15.8,0.0,0.0,2017-07-15 02:03:00,89.0,265.0,13.0,14.8,1018.8,0.0,14.0,IDRSING3
4002,15.9,0.0,0.0,2017-07-15 02:08:00,89.0,276.0,12.2,14.8,1018.5,0.0,14.1,IDRSING3
4003,15.9,0.0,0.0,2017-07-15 02:13:00,88.0,247.0,12.2,16.6,1018.8,0.0,13.9,IDRSING3
4004,15.9,0.0,0.0,2017-07-15 02:18:00,88.0,284.0,8.7,11.1,1018.8,0.0,13.9,IDRSING3
4005,15.9,0.0,0.0,2017-07-15 02:24:00,88.0,284.0,8.2,11.1,1019.2,0.0,13.9,IDRSING3
4006,15.9,0.0,0.0,2017-07-15 02:29:00,88.0,269.0,13.7,16.6,1018.8,0.0,13.9,IDRSING3
4007,15.9,0.0,0.0,2017-07-15 02:34:00,90.0,285.0,10.5,13.0,1019.2,0.0,14.3,IDRSING3
4008,15.6,0.0,0.0,2017-07-15 02:40:00,96.0,273.0,7.6,9.3,1018.8,0.0,15.0,IDRSING3
4009,15.2,0.0,0.0,2017-07-15 02:45:00,99.0,291.0,11.1,13.0,1019.2,0.0,15.0,IDRSING3
4010,15.1,0.0,0.0,2017-07-15 02:50:00,99.0,307.0,8.2,11.1,1019.2,0.0,14.9,IDRSING3
4011,15.1,0.0,0.0,2017-07-15 02:55:00,99.0,325.0,9.0,11.1,1019.2,0.0,14.9,IDRSING3
4012,15.0,0.0,0.0,2017-07-15 03:01:00,99.0,304.0,7.9,9.3,1019.2,0.0,14.8,IDRSING3
4013,14.9,0.0,0.0,2017-07-15 03:06:00,99.0,298.0,7.2,9.3,1019.2,0.0,14.7,IDRSING3
4014,14.9,0.0,0.0,2017-07-15 03:12:00,99.0,258.0,7.6,9.3,1019.2,0.0,14.7,IDRSING3
4015,14.9,0.0,0.0,2017-07-15 03:17:00,99.0,283.0,6.1,7.2,1019.2,0.0,14.7,IDRSING3
4016,14.8,0.0,0.0,2017-07-15 03:22:00,99.0,303.0,7.2,9.3,1019.2,0.36,14.6,IDRSING3
4017,14.8,0.0,0.0,2017-07-15 03:28:00,99.0,274.0,6.1,7.2,1018.8,0.85,14.6,IDRSING3
4018,14.8,0.0,0.0,2017-07-15 03:33:00,99.0,285.0,8.2,9.3,1019.2,1.22,14.6,IDRSING3
4019,14.6,0.0,0.0,2017-07-15 03:38:00,99.0,309.0,7.6,9.3,1019.2,2.57,14.4,IDRSING3
4020,14.4,0.0,0.0,2017-07-15 03:44:00,99.0,286.0,4.7,5.5,1019.5,6.48,14.2,IDRSING3
4021,14.4,0.0,0.0,2017-07-15 03:49:00,99.0,278.0,6.1,9.3,1019.2,10.77,14.2,IDRSING3
4022,14.4,0.0,0.0,2017-07-15 03:54:00,99.0,306.0,6.1,7.2,1019.2,19.45,14.2,IDRSING3
4023,14.5,0.0,0.0,2017-07-15 04:00:00,99.0,266.0,3.5,3.5,1019.5,30.34,14.3,IDRSING3
4024,14.4,0.0,0.0,2017-07-15 04:05:00,99.0,280.0,4.0,5.5,1019.2,36.82,14.2,IDRSING3
4025,14.5,0.0,0.0,2017-07-15 04:08:00,99.0,290.0,5.5,7.2,1019.5,37.68,14.3,IDRSING3
4026,14.6,0.0,0.0,2017-07-15 04:13:00,99.0,307.0,8.7,9.3,1019.5,45.02,14.4,IDRSING3
4027,14.7,0.0,0.0,2017-07-15 04:18:00,99.0,307.0,6.4,7.2,1019.9,46.36,14.5,IDRSING3
4028,14.6,0.0,0.0,2017-07-15 04:23:00,99.0,313.0,5.5,5.5,1019.5,52.48,14.4,IDRSING3
4029,14.6,0.0,0.0,2017-07-15 04:28:00,99.0,343.0,6.4,7.2,1019.5,58.48,14.4,IDRSING3
4030,14.6,0.0,0.0,2017-07-15 04:33:00,99.0,326.0,4.3,5.5,1019.5,53.34,14.4,IDRSING3
4031,14.6,0.0,0.0,2017-07-15 04:38:00,99.0,311.0,5.8,7.2,1019.9,57.62,14.4,IDRSING3
4032,14.7,0.0,0.0,2017-07-15 04:43:00,99.0,290.0,5.0,5.5,1019.9,51.5,14.5,IDRSING3
4033,14.7,0.0,0.0,2017-07-15 04:48:00,99.0,308.0,8.2,9.3,1019.9,49.79,14.5,IDRSING3
4034,14.8,0.0,0.0,2017-07-15 04:53:00,99.0,292.0,6.4,7.2,1020.2,41.96,14.6,IDRSING3
4035,14.8,0.0,0.0,2017-07-15 04:58:00,99.0,263.0,5.5,5.5,1019.9,38.17,14.6,IDRSING3
4036,14.9,0.0,0.0,2017-07-15 05:04:00,99.0,277.0,5.0,5.5,1020.2,41.1,14.7,IDRSING3
4037,14.9,0.0,0.0,2017-07-15 05:09:00,99.0,269.0,4.0,5.5,1020.2,35.11,14.7,IDRSING3
4038,14.9,0.0,0.0,2017-07-15 05:14:00,99.0,329.0,9.7,13.0,1020.2,47.22,14.7,IDRSING3
4039,14.9,0.0,0.0,2017-07-15 05:20:00,99.0,321.0,6.4,7.2,1020.2,46.36,14.7,IDRSING3
4040,15.0,0.0,0.0,2017-07-15 05:25:00,99.0,302.0,7.2,7.2,1020.2,50.28,14.8,IDRSING3
4041,15.1,0.0,0.0,2017-07-15 05:30:00,99.0,258.0,5.0,5.5,1019.9,66.8,14.9,IDRSING3
4042,15.2,0.0,0.0,2017-07-15 05:36:00,99.0,303.0,4.3,5.5,1020.5,77.56,15.0,IDRSING3
4043,15.4,0.0,0.0,2017-07-15 05:41:00,99.0,314.0,5.0,5.5,1020.2,86.24,15.2,IDRSING3
4044,15.6,0.0,0.0,2017-07-15 05:46:00,99.0,280.0,5.5,5.5,1020.2,87.59,15.4,IDRSING3
4045,15.7,0.0,0.0,2017-07-15 05:51:00,99.0,322.0,7.2,7.2,1020.2,89.79,15.5,IDRSING3
4046,15.7,0.0,0.0,2017-07-15 05:56:00,99.0,310.0,7.9,9.3,1020.2,86.73,15.5,IDRSING3
4047,15.8,0.0,0.0,2017-07-15 06:02:00,99.0,323.0,7.9,11.1,1020.2,117.93,15.6,IDRSING3
4048,15.9,0.0,0.0,2017-07-15 06:07:00,99.0,335.0,9.7,11.1,1020.5,164.29,15.7,IDRSING3
4049,16.2,0.0,0.0,2017-07-15 06:12:00,97.0,350.0,9.7,11.1,1020.5,330.06,15.8,IDRSING3
4050,16.5,0.0,0.0,2017-07-15 06:17:00,96.0,282.0,10.8,13.0,1020.5,461.57,15.9,IDRSING3
4051,17.0,0.0,0.0,2017-07-15 06:22:00,90.0,315.0,11.1,13.0,1020.5,452.4,15.3,IDRSING3
4052,17.5,0.0,0.0,2017-07-15 06:27:00,87.0,277.0,10.5,11.1,1020.5,447.26,15.3,IDRSING3
4053,17.6,0.0,0.0,2017-07-15 06:32:00,87.0,321.0,17.2,20.1,1020.2,465.86,15.4,IDRSING3
4054,17.2,0.0,0.0,2017-07-15 06:37:00,88.0,308.0,13.7,16.6,1020.2,401.26,15.2,IDRSING3
4055,17.2,0.0,0.0,2017-07-15 06:42:00,84.0,297.0,12.2,14.8,1020.2,441.51,14.5,IDRSING3
4056,17.5,0.0,0.0,2017-07-15 06:47:00,84.0,309.0,15.4,20.1,1020.5,312.32,14.8,IDRSING3
4057,17.3,0.0,0.0,2017-07-15 06:52:00,86.0,322.0,12.2,14.8,1020.5,235.98,15.0,IDRSING3
4058,17.2,0.0,0.0,2017-07-15 06:57:00,83.0,346.0,9.3,11.1,1020.5,295.32,14.3,IDRSING3
4059,17.3,0.0,0.0,2017-07-15 07:02:00,83.0,328.0,16.3,20.1,1020.5,635.53,14.4,IDRSING3
4060,18.1,0.0,0.0,2017-07-15 07:07:00,79.0,308.0,7.9,9.3,1020.5,727.9,14.4,IDRSING3
4061,18.6,0.0,0.0,2017-07-15 07:12:00,75.0,325.0,10.8,14.8,1020.5,346.09,14.1,IDRSING3
4062,18.3,0.0,0.0,2017-07-15 07:18:00,76.0,321.0,18.7,20.1,1020.5,358.69,14.0,IDRSING3
4063,18.2,0.0,0.0,2017-07-15 07:23:00,75.0,311.0,9.7,13.0,1020.5,288.47,13.7,IDRSING3
4064,18.3,0.0,0.0,2017-07-15 07:28:00,70.0,347.0,7.9,13.0,1020.5,259.84,12.8,IDRSING3
4065,18.3,0.0,0.0,2017-07-15 07:33:00,72.0,333.0,11.9,13.0,1020.5,269.38,13.2,IDRSING3
4066,18.2,0.0,0.0,2017-07-15 07:38:00,74.0,311.0,11.1,16.6,1020.5,321.37,13.5,IDRSING3
4067,18.2,0.0,0.0,2017-07-15 07:43:00,74.0,338.0,7.2,9.3,1020.5,291.4,13.5,IDRSING3
4068,18.2,0.0,0.0,2017-07-15 07:48:00,74.0,315.0,13.7,16.6,1020.5,267.18,13.5,IDRSING3
4069,18.2,0.0,0.0,2017-07-15 07:53:00,74.0,287.0,13.7,18.3,1020.5,351.35,13.5,IDRSING3
4070,18.3,0.0,0.0,2017-07-15 07:58:00,72.0,297.0,13.7,16.6,1020.9,363.95,13.2,IDRSING3
4071,18.2,0.0,0.0,2017-07-15 08:03:00,74.0,278.0,7.2,7.2,1020.5,261.92,13.5,IDRSING3
4072,18.4,0.0,0.0,2017-07-15 08:08:00,71.0,269.0,6.9,9.3,1020.9,284.55,13.1,IDRSING3
4073,18.4,0.0,0.0,2017-07-15 08:14:00,71.0,347.0,7.9,9.3,1020.9,395.15,13.1,IDRSING3
4074,18.6,0.0,0.0,2017-07-15 08:19:00,68.0,3.0,13.0,14.8,1020.9,368.72,12.6,IDRSING3
4075,18.8,0.0,0.0,2017-07-15 08:24:00,68.0,313.0,13.0,14.8,1020.9,489.34,12.8,IDRSING3
4076,19.0,0.0,0.0,2017-07-15 08:29:00,67.0,351.0,9.3,11.1,1020.9,712.73,12.7,IDRSING3
4077,19.5,0.0,0.0,2017-07-15 08:34:00,66.0,331.0,15.4,18.3,1020.9,632.48,13.0,IDRSING3
4078,19.7,0.0,0.0,2017-07-15 08:39:00,65.0,358.0,10.5,13.0,1021.2,273.3,13.0,IDRSING3
4079,19.4,0.0,0.0,2017-07-15 08:44:00,66.0,285.0,17.2,20.1,1021.2,245.9,12.9,IDRSING3
4080,19.1,0.0,0.0,2017-07-15 08:49:00,72.0,305.0,17.2,23.8,1021.2,193.05,13.9,IDRSING3
4081,17.5,0.0,0.0,2017-07-15 08:54:00,85.0,278.0,20.9,25.6,1021.2,134.44,15.0,IDRSING3
4082,16.4,0.0,0.0,2017-07-15 08:59:00,99.0,266.0,14.8,18.3,1021.6,82.82,16.2,IDRSING3
4083,15.5,0.0,0.0,2017-07-15 09:04:00,99.0,306.0,13.0,14.8,1021.6,74.5,15.3,IDRSING3
4084,15.2,0.0,0.0,2017-07-15 09:10:00,99.0,289.0,18.7,23.8,1021.6,73.65,15.0,IDRSING3
4085,14.9,0.0,0.0,2017-07-15 09:15:00,99.0,267.0,13.7,16.6,1021.6,50.28,14.7,IDRSING3
4086,14.5,1.8,0.3,2017-07-15 09:20:00,99.0,285.0,19.1,21.9,1021.6,31.56,14.3,IDRSING3
4087,14.3,3.0,0.5,2017-07-15 09:25:00,99.0,283.0,13.0,14.8,1021.9,29.48,14.1,IDRSING3
4088,14.0,4.3,1.0,2017-07-15 09:30:00,99.0,269.0,10.5,13.0,1021.9,41.1,13.8,IDRSING3
4089,14.0,4.8,1.3,2017-07-15 09:35:00,99.0,264.0,6.1,7.2,1021.6,53.7,13.8,IDRSING3
4090,14.3,1.8,1.3,2017-07-15 09:40:00,10.0,248.0,6.1,7.2,1021.9,51.5,-16.9,IDRSING3
4091,14.3,1.3,1.5,2017-07-15 09:45:00,10.0,257.0,7.9,9.3,1021.9,46.36,-16.9,IDRSING3
4092,14.4,4.3,2.0,2017-07-15 09:50:00,10.0,246.0,8.7,9.3,1021.9,50.28,-16.8,IDRSING3
4093,14.4,4.3,2.0,2017-07-15 09:51:00,99.0,264.0,10.1,11.1,1021.9,50.65,14.2,IDRSING3
4094,14.5,3.0,2.0,2017-07-15 09:56:00,99.0,288.0,8.7,9.3,1021.9,46.73,14.3,IDRSING3
4095,14.5,3.0,2.5,2017-07-15 10:01:00,10.0,263.0,6.4,9.3,1021.9,51.14,-16.8,IDRSING3
4096,14.5,4.8,2.8,2017-07-15 10:06:00,10.0,263.0,6.4,9.3,1021.6,64.96,-16.8,IDRSING3
4097,14.7,3.0,3.0,2017-07-15 10:12:00,10.0,259.0,4.7,5.5,1021.9,95.42,-16.6,IDRSING3
4098,15.1,3.0,3.3,2017-07-15 10:17:00,10.0,266.0,6.1,7.2,1021.9,104.96,-16.3,IDRSING3
4099,15.4,1.8,3.3,2017-07-15 10:22:00,99.0,270.0,8.7,9.3,1021.9,113.65,15.2,IDRSING3
4100,15.7,0.0,3.3,2017-07-15 10:27:00,99.0,266.0,9.7,11.1,1022.2,120.13,15.5,IDRSING3
4101,15.8,0.0,3.3,2017-07-15 10:32:00,99.0,300.0,8.7,9.3,1021.9,163.07,15.6,IDRSING3
4102,16.0,0.0,3.3,2017-07-15 10:38:00,99.0,267.0,6.1,7.2,1022.2,163.44,15.8,IDRSING3
4103,16.2,0.0,3.3,2017-07-15 10:43:00,99.0,275.0,5.0,5.5,1022.2,175.19,16.0,IDRSING3
4104,16.4,0.0,3.3,2017-07-15 10:48:00,99.0,277.0,5.8,7.2,1022.2,163.93,16.2,IDRSING3
4105,16.4,0.0,3.3,2017-07-15 10:53:00,99.0,355.0,0.3,1.8,1022.6,107.04,16.2,IDRSING3
4106,16.0,0.0,3.3,2017-07-15 10:58:00,99.0,268.0,1.8,5.5,1022.6,151.33,15.8,IDRSING3
4107,15.8,0.0,3.3,2017-07-15 11:00:00,10.0,253.0,2.1,3.5,1022.2,155.24,-15.8,IDRSING3
4108,15.6,0.0,3.3,2017-07-15 11:05:00,10.0,273.0,1.1,1.8,1022.2,190.36,-15.9,IDRSING3
4109,15.7,0.0,3.3,2017-07-15 11:10:00,10.0,256.0,0.0,0.0,1022.6,250.3,-15.8,IDRSING3
4110,15.9,0.0,3.3,2017-07-15 11:15:00,10.0,215.0,0.3,1.8,1022.2,306.69,-15.7,IDRSING3
4111,16.3,0.0,3.3,2017-07-15 11:20:00,99.0,308.0,0.0,0.0,1022.6,349.64,16.1,IDRSING3
4112,16.6,0.0,3.3,2017-07-15 11:25:00,99.0,327.0,0.3,1.8,1022.2,322.23,16.4,IDRSING3
4113,16.9,0.0,3.3,2017-07-15 11:30:00,99.0,327.0,0.0,0.0,1022.2,307.55,16.7,IDRSING3
4114,16.9,0.0,3.3,2017-07-15 11:36:00,98.0,327.0,1.8,1.8,1022.2,301.93,16.6,IDRSING3
4115,16.7,0.0,3.3,2017-07-15 11:41:00,99.0,337.0,1.1,1.8,1022.2,323.09,16.5,IDRSING3
4116,17.2,0.0,3.3,2017-07-15 11:46:00,97.0,337.0,0.0,0.0,1022.2,365.66,16.8,IDRSING3
4117,17.7,0.0,3.3,2017-07-15 11:52:00,96.0,337.0,0.0,0.0,1021.9,507.45,17.1,IDRSING3
4118,17.8,0.0,3.3,2017-07-15 11:57:00,87.0,270.0,2.9,3.5,1021.9,739.64,15.6,IDRSING3
4119,18.3,0.0,3.3,2017-07-15 12:02:00,90.0,313.0,3.5,5.5,1021.9,510.99,16.6,IDRSING3
4120,18.1,0.0,3.3,2017-07-15 12:08:00,84.0,312.0,3.5,3.5,1021.9,189.98,15.4,IDRSING3
4121,18.0,0.0,3.3,2017-07-15 12:13:00,89.0,328.0,4.7,5.5,1022.2,98.36,16.1,IDRSING3
4122,17.6,0.0,3.3,2017-07-15 12:18:00,96.0,288.0,9.7,11.1,1022.2,61.17,17.0,IDRSING3
4123,16.6,1.8,3.6,2017-07-15 12:23:00,99.0,293.0,10.1,11.1,1022.2,63.73,16.4,IDRSING3
4124,15.9,3.0,3.8,2017-07-15 12:28:00,99.0,299.0,4.7,5.5,1022.2,92.73,15.7,IDRSING3
4125,15.9,1.3,3.8,2017-07-15 12:33:00,99.0,265.0,3.2,3.5,1022.2,150.96,15.7,IDRSING3
4126,16.2,1.3,3.8,2017-07-15 12:38:00,99.0,256.0,3.5,3.5,1022.2,210.29,16.0,IDRSING3
4127,16.7,0.0,3.8,2017-07-15 12:44:00,99.0,245.0,3.5,5.5,1022.2,320.15,16.5,IDRSING3
4128,17.2,0.0,3.8,2017-07-15 12:49:00,99.0,262.0,4.7,5.5,1022.2,264.98,17.0,IDRSING3
4129,17.5,0.0,3.8,2017-07-15 12:54:00,98.0,261.0,5.5,5.5,1022.2,304.0,17.2,IDRSING3
4130,17.9,0.0,3.8,2017-07-15 12:59:00,90.0,321.0,7.9,11.1,1022.2,544.4,16.2,IDRSING3
4131,18.5,0.0,3.8,2017-07-15 13:04:00,81.0,315.0,11.1,13.0,1022.2,505.74,15.2,IDRSING3
4132,18.7,0.0,3.8,2017-07-15 13:09:00,84.0,324.0,7.9,9.3,1022.2,428.18,15.9,IDRSING3
4133,18.7,0.0,3.8,2017-07-15 13:14:00,76.0,295.0,9.7,11.1,1022.6,354.78,14.4,IDRSING3
4134,18.5,0.0,3.8,2017-07-15 13:20:00,74.0,310.0,6.1,7.2,1022.6,292.75,13.8,IDRSING3
4135,18.5,0.0,3.8,2017-07-15 13:25:00,74.0,352.0,8.7,13.0,1022.6,235.49,13.8,IDRSING3
4136,18.5,0.0,3.8,2017-07-15 13:30:00,71.0,345.0,7.6,13.0,1022.6,185.58,13.2,IDRSING3
4137,18.5,0.0,3.8,2017-07-15 13:35:00,71.0,352.0,8.7,11.1,1022.6,190.84,13.2,IDRSING3
4138,18.4,0.0,3.8,2017-07-15 13:40:00,78.0,307.0,8.7,11.1,1022.6,280.64,14.5,IDRSING3
4139,18.6,0.0,3.8,2017-07-15 13:46:00,77.0,353.0,8.2,13.0,1022.2,386.09,14.5,IDRSING3
4140,19.0,0.0,3.8,2017-07-15 13:51:00,77.0,343.0,10.1,13.0,1022.2,622.94,14.9,IDRSING3
4141,19.3,0.0,3.8,2017-07-15 13:56:00,77.0,350.0,8.2,13.0,1022.6,525.31,15.2,IDRSING3
4142,19.0,0.0,3.8,2017-07-15 14:01:00,69.0,350.0,7.9,9.3,1022.6,209.93,13.2,IDRSING3
4143,18.6,0.0,3.8,2017-07-15 14:06:00,71.0,311.0,7.9,9.3,1022.6,270.24,13.2,IDRSING3
4144,18.7,0.0,3.8,2017-07-15 14:11:00,70.0,340.0,5.5,9.3,1022.6,569.11,13.1,IDRSING3
4145,19.2,0.0,3.8,2017-07-15 14:16:00,73.0,305.0,4.0,5.5,1022.6,372.15,14.3,IDRSING3
4146,19.4,0.0,3.8,2017-07-15 14:22:00,69.0,321.0,7.2,11.1,1022.6,365.66,13.6,IDRSING3
4147,19.3,0.0,3.8,2017-07-15 14:27:00,71.0,332.0,5.5,5.5,1022.6,370.8,13.9,IDRSING3
4148,19.6,0.0,3.8,2017-07-15 14:32:00,69.0,333.0,7.2,9.3,1022.6,355.63,13.8,IDRSING3
4149,19.5,0.0,3.8,2017-07-15 14:35:00,66.0,326.0,12.2,14.8,1022.6,315.38,13.0,IDRSING3
4150,19.4,0.0,3.8,2017-07-15 14:40:00,64.0,306.0,9.3,11.1,1022.6,404.2,12.4,IDRSING3
4151,19.9,0.0,3.8,2017-07-15 14:45:00,66.0,309.0,10.5,13.0,1022.9,503.16,13.4,IDRSING3
4152,19.9,0.0,3.8,2017-07-15 14:50:00,63.0,323.0,11.1,13.0,1022.6,474.91,12.7,IDRSING3
4153,20.2,0.0,3.8,2017-07-15 14:56:00,64.0,11.0,10.8,13.0,1022.9,505.37,13.2,IDRSING3
4154,20.2,0.0,3.8,2017-07-15 15:01:00,65.0,303.0,17.2,21.9,1022.6,490.2,13.4,IDRSING3
4155,20.0,0.0,3.8,2017-07-15 15:06:00,61.0,6.0,15.1,23.8,1022.9,496.2,12.3,IDRSING3
4156,19.4,0.0,3.8,2017-07-15 15:11:00,68.0,356.0,16.3,21.9,1022.9,336.18,13.3,IDRSING3
4157,18.4,0.0,3.8,2017-07-15 15:16:00,73.0,350.0,14.0,18.3,1023.2,185.22,13.5,IDRSING3
4158,17.6,0.0,3.8,2017-07-15 15:21:00,72.0,314.0,8.7,23.8,1023.2,147.05,12.5,IDRSING3
4159,17.4,0.0,3.8,2017-07-15 15:23:00,72.0,332.0,15.1,25.6,1023.2,188.64,12.3,IDRSING3
4160,17.1,0.0,3.8,2017-07-15 15:28:00,75.0,349.0,6.4,13.0,1023.6,200.75,12.6,IDRSING3
4161,17.1,0.0,3.8,2017-07-15 15:33:00,76.0,358.0,15.4,18.3,1023.2,205.52,12.8,IDRSING3
4162,17.0,0.0,3.8,2017-07-15 15:38:00,78.0,359.0,15.4,18.3,1023.2,120.5,13.2,IDRSING3
4163,16.7,0.0,3.8,2017-07-15 15:43:00,78.0,346.0,12.2,14.8,1023.6,88.45,12.9,IDRSING3
4164,16.5,0.0,3.8,2017-07-15 15:48:00,79.0,343.0,7.2,9.3,1023.2,64.59,12.9,IDRSING3
4165,16.2,0.0,3.8,2017-07-15 15:53:00,84.0,334.0,9.3,13.0,1023.2,55.41,13.5,IDRSING3
4166,15.7,0.0,3.8,2017-07-15 15:58:00,86.0,343.0,8.7,11.1,1023.2,53.34,13.4,IDRSING3
4167,15.5,0.0,3.8,2017-07-15 16:04:00,89.0,315.0,5.5,7.2,1023.2,48.56,13.7,IDRSING3
4168,15.4,0.0,3.8,2017-07-15 16:09:00,91.0,279.0,5.5,5.5,1023.2,45.02,14.0,IDRSING3
4169,15.5,0.0,3.8,2017-07-15 16:14:00,92.0,296.0,7.2,9.3,1022.9,65.45,14.2,IDRSING3
4170,15.6,0.0,3.8,2017-07-15 16:19:00,93.0,271.0,5.5,5.5,1022.9,89.31,14.4,IDRSING3
4171,15.6,0.0,3.8,2017-07-15 16:24:00,93.0,306.0,5.5,5.5,1023.2,122.7,14.4,IDRSING3
4172,16.4,0.0,3.8,2017-07-15 16:29:00,84.0,321.0,5.8,7.2,1023.2,214.21,13.7,IDRSING3
4173,17.0,0.0,3.8,2017-07-15 16:35:00,84.0,322.0,2.1,5.5,1023.6,213.35,14.3,IDRSING3
4174,18.1,0.0,3.8,2017-07-15 16:40:00,81.0,336.0,1.4,1.8,1023.2,194.76,14.8,IDRSING3
4175,18.6,0.0,3.8,2017-07-15 16:45:00,75.0,342.0,3.5,3.5,1023.6,147.9,14.1,IDRSING3
4176,17.5,0.0,3.8,2017-07-15 16:51:00,80.0,304.0,4.0,5.5,1023.2,62.02,14.0,IDRSING3
4177,16.9,0.0,3.8,2017-07-15 16:56:00,83.0,269.0,4.3,5.5,1023.2,130.53,14.0,IDRSING3
4178,17.3,0.0,3.8,2017-07-15 17:01:00,80.0,327.0,5.5,5.5,1023.6,123.56,13.8,IDRSING3
4179,17.4,0.0,3.8,2017-07-15 17:07:00,82.0,310.0,5.5,5.5,1023.6,68.02,14.3,IDRSING3
4180,17.3,0.0,3.8,2017-07-15 17:12:00,80.0,337.0,6.1,7.2,1023.9,64.59,13.8,IDRSING3
4181,17.1,0.0,3.8,2017-07-15 17:17:00,81.0,333.0,7.2,9.3,1023.6,102.27,13.8,IDRSING3
4182,17.5,0.0,3.8,2017-07-15 17:22:00,82.0,264.0,7.2,9.3,1023.9,80.25,14.4,IDRSING3
4183,17.4,0.0,3.8,2017-07-15 17:27:00,82.0,282.0,7.9,11.1,1023.9,70.22,14.3,IDRSING3
4184,17.4,0.0,3.8,2017-07-15 17:32:00,81.0,278.0,7.2,7.2,1023.6,46.73,14.1,IDRSING3
4185,17.3,0.0,3.8,2017-07-15 17:37:00,79.0,286.0,7.2,9.3,1023.9,49.42,13.6,IDRSING3
4186,17.6,0.0,3.8,2017-07-15 17:43:00,78.0,260.0,5.5,7.2,1023.9,42.94,13.7,IDRSING3
4187,17.5,0.0,3.8,2017-07-15 17:48:00,77.0,314.0,6.4,7.2,1023.9,39.88,13.4,IDRSING3
4188,17.6,0.0,3.8,2017-07-15 17:53:00,77.0,303.0,5.5,7.2,1023.9,35.97,13.5,IDRSING3
4189,17.4,0.0,3.8,2017-07-15 17:59:00,77.0,304.0,3.5,3.5,1023.9,28.99,13.3,IDRSING3
4190,17.0,0.0,3.8,2017-07-15 18:04:00,80.0,304.0,4.0,5.5,1024.3,24.71,13.5,IDRSING3
4191,16.8,0.0,3.8,2017-07-15 18:09:00,80.0,315.0,5.5,7.2,1024.3,22.87,13.3,IDRSING3
4192,16.8,0.0,3.8,2017-07-15 18:15:00,78.0,303.0,7.9,9.3,1024.3,17.73,13.0,IDRSING3
4193,16.6,0.0,3.8,2017-07-15 18:20:00,80.0,310.0,5.8,7.2,1024.3,15.17,13.1,IDRSING3
4194,16.3,0.0,3.8,2017-07-15 18:24:00,82.0,274.0,6.4,7.2,1024.3,11.62,13.2,IDRSING3
4195,16.0,0.0,3.8,2017-07-15 18:30:00,84.0,302.0,6.4,7.2,1024.3,9.05,13.3,IDRSING3
4196,15.9,0.0,3.8,2017-07-15 18:35:00,86.0,291.0,6.1,7.2,1024.3,7.34,13.6,IDRSING3
4197,15.7,0.0,3.8,2017-07-15 18:40:00,87.0,306.0,6.9,9.3,1024.3,5.63,13.6,IDRSING3
4198,15.6,0.0,3.8,2017-07-15 18:45:00,86.0,285.0,7.9,9.3,1024.3,2.94,13.3,IDRSING3
4199,15.5,0.0,3.8,2017-07-15 18:51:00,89.0,327.0,10.8,11.1,1024.6,1.22,13.7,IDRSING3
4200,15.4,0.0,3.8,2017-07-15 18:56:00,91.0,295.0,9.3,11.1,1024.6,0.36,14.0,IDRSING3
4201,15.2,0.0,3.8,2017-07-15 19:01:00,92.0,292.0,9.3,11.1,1024.6,0.0,13.9,IDRSING3
4202,15.1,0.0,3.8,2017-07-15 19:06:00,97.0,292.0,7.9,9.3,1024.6,0.0,14.7,IDRSING3
4203,14.8,0.0,3.8,2017-07-15 19:11:00,99.0,317.0,7.6,11.1,1024.9,0.0,14.6,IDRSING3
4204,14.8,0.0,3.8,2017-07-15 19:16:00,99.0,285.0,11.1,13.0,1024.9,0.0,14.6,IDRSING3
4205,14.7,0.0,3.8,2017-07-15 19:21:00,99.0,323.0,11.6,14.8,1024.6,0.0,14.5,IDRSING3
4206,14.5,0.0,3.8,2017-07-15 19:26:00,99.0,284.0,7.2,7.2,1024.6,0.0,14.3,IDRSING3
4207,14.2,0.0,3.8,2017-07-15 19:32:00,99.0,305.0,6.4,7.2,1024.9,0.0,14.0,IDRSING3
4208,14.2,0.0,3.8,2017-07-15 19:37:00,99.0,280.0,8.2,9.3,1024.9,0.0,14.0,IDRSING3
4209,14.1,0.0,3.8,2017-07-15 19:42:00,99.0,5.0,7.6,9.3,1024.9,0.0,13.9,IDRSING3
4210,14.0,0.0,3.8,2017-07-15 19:48:00,99.0,306.0,5.5,7.2,1024.9,0.0,13.8,IDRSING3
4211,13.9,0.0,3.8,2017-07-15 19:53:00,99.0,279.0,6.9,7.2,1024.9,0.0,13.7,IDRSING3
4212,13.9,0.0,3.8,2017-07-15 19:58:00,99.0,317.0,8.7,11.1,1024.9,0.0,13.7,IDRSING3
4213,13.8,0.0,3.8,2017-07-15 20:04:00,99.0,287.0,7.2,9.3,1024.9,0.0,13.6,IDRSING3
4214,13.7,0.0,3.8,2017-07-15 20:09:00,99.0,280.0,4.3,5.5,1025.3,0.0,13.5,IDRSING3
4215,13.6,0.0,3.8,2017-07-15 20:15:00,99.0,311.0,6.9,7.2,1024.9,0.0,13.4,IDRSING3
4216,13.5,0.0,3.8,2017-07-15 20:20:00,99.0,298.0,4.3,5.5,1024.9,0.0,13.3,IDRSING3
4217,13.5,0.0,3.8,2017-07-15 20:25:00,99.0,343.0,5.5,7.2,1025.3,0.0,13.3,IDRSING3
4218,13.6,0.0,3.8,2017-07-15 20:30:00,99.0,292.0,2.1,3.5,1024.9,0.0,13.4,IDRSING3
4219,13.5,0.0,3.8,2017-07-15 20:35:00,99.0,320.0,4.0,5.5,1025.3,0.0,13.3,IDRSING3
4220,13.4,0.0,3.8,2017-07-15 20:40:00,99.0,269.0,4.7,5.5,1024.9,0.0,13.2,IDRSING3
4221,13.3,0.0,3.8,2017-07-15 20:45:00,99.0,300.0,5.8,7.2,1025.3,0.0,13.1,IDRSING3
4222,13.2,0.0,3.8,2017-07-15 20:50:00,99.0,278.0,6.1,7.2,1024.9,0.0,13.0,IDRSING3
4223,13.1,0.0,3.8,2017-07-15 20:55:00,99.0,300.0,6.4,7.2,1025.3,0.0,12.9,IDRSING3
4224,13.1,0.0,3.8,2017-07-15 21:00:00,99.0,302.0,6.1,7.2,1025.3,0.0,12.9,IDRSING3
4225,13.2,0.0,3.8,2017-07-15 21:05:00,99.0,300.0,8.2,9.3,1025.6,0.0,13.0,IDRSING3
4226,13.1,0.0,3.8,2017-07-15 21:11:00,99.0,306.0,5.5,7.2,1025.3,0.0,12.9,IDRSING3
4227,13.0,0.0,3.8,2017-07-15 21:16:00,99.0,284.0,6.1,7.2,1024.9,0.0,12.8,IDRSING3
4228,13.0,0.0,3.8,2017-07-15 21:21:00,99.0,310.0,9.3,11.1,1025.6,0.0,12.8,IDRSING3
4229,13.0,0.0,3.8,2017-07-15 21:26:00,99.0,319.0,7.9,9.3,1025.3,0.0,12.8,IDRSING3
4230,13.1,0.0,3.8,2017-07-15 21:31:00,99.0,277.0,8.7,9.3,1025.3,0.0,12.9,IDRSING3
4231,13.0,0.0,3.8,2017-07-15 21:36:00,99.0,305.0,5.8,7.2,1025.6,0.0,12.8,IDRSING3
4232,13.0,0.0,3.8,2017-07-15 21:41:00,99.0,318.0,7.9,9.3,1025.3,0.0,12.8,IDRSING3
4233,13.1,0.0,3.8,2017-07-15 21:47:00,99.0,305.0,5.0,5.5,1025.6,0.0,12.9,IDRSING3
4234,13.0,0.0,3.8,2017-07-15 21:52:00,99.0,323.0,3.5,3.5,1025.6,0.0,12.8,IDRSING3
4235,13.1,0.0,3.8,2017-07-15 21:57:00,99.0,314.0,2.1,3.5,1025.6,0.0,12.9,IDRSING3
4236,13.1,0.0,0.0,2017-07-15 22:02:00,99.0,307.0,1.4,1.8,1025.6,0.0,12.9,IDRSING3
4237,13.0,0.0,0.0,2017-07-15 22:08:00,99.0,307.0,0.0,0.0,1025.6,0.0,12.8,IDRSING3
4238,12.7,0.0,0.0,2017-07-15 22:13:00,99.0,307.0,0.0,0.0,1026.0,0.0,12.5,IDRSING3
4239,12.5,0.0,0.0,2017-07-15 22:18:00,99.0,307.0,0.3,1.8,1026.0,0.0,12.3,IDRSING3
4240,12.3,0.0,0.0,2017-07-15 22:23:00,10.0,307.0,0.0,0.0,1025.6,0.0,-18.5,IDRSING3
4241,12.2,0.0,0.0,2017-07-15 22:28:00,10.0,307.0,0.6,1.8,1026.0,0.0,-18.5,IDRSING3
4242,12.0,0.0,0.0,2017-07-15 22:33:00,10.0,307.0,0.0,0.0,1026.0,0.0,-18.7,IDRSING3
4243,11.8,0.0,0.0,2017-07-15 22:38:00,10.0,307.0,0.0,0.0,1026.0,0.0,-18.9,IDRSING3
4244,11.5,0.0,0.0,2017-07-15 22:44:00,10.0,307.0,0.3,1.8,1026.0,0.0,-19.1,IDRSING3
4245,11.1,0.0,0.0,2017-07-15 22:49:00,10.0,307.0,0.0,0.0,1026.0,0.0,-19.4,IDRSING3
4246,10.8,0.0,0.0,2017-07-15 22:54:00,14.0,307.0,0.6,1.8,1026.0,0.0,-15.6,IDRSING3
4247,10.9,0.0,0.0,2017-07-15 23:00:00,15.0,338.0,1.1,1.8,1026.0,0.0,-14.7,IDRSING3
4248,10.4,0.0,0.0,2017-07-15 23:05:00,15.0,358.0,1.4,1.8,1026.0,0.0,-15.1,IDRSING3
4249,10.3,0.0,0.0,2017-07-15 23:10:00,16.0,15.0,1.4,1.8,1026.0,0.0,-14.4,IDRSING3
4250,10.4,0.0,0.0,2017-07-15 23:15:00,16.0,15.0,0.0,0.0,1026.0,0.0,-14.3,IDRSING3
4251,10.6,0.0,0.0,2017-07-15 23:20:00,14.0,14.0,0.0,0.0,1026.0,0.0,-15.8,IDRSING3
4252,10.1,0.0,0.0,2017-07-15 23:25:00,16.0,14.0,0.0,0.0,1026.3,0.0,-14.6,IDRSING3
4253,10.1,0.0,0.0,2017-07-15 23:26:00,16.0,14.0,0.0,0.0,1026.3,0.0,-14.6,IDRSING3
4254,10.1,0.0,0.0,2017-07-15 23:31:00,16.0,14.0,0.0,0.0,1026.3,0.0,-14.6,IDRSING3
4255,10.2,0.0,0.0,2017-07-15 23:36:00,16.0,14.0,0.0,0.0,1026.3,0.0,-14.5,IDRSING3
4256,10.3,0.0,0.0,2017-07-15 23:41:00,16.0,14.0,0.0,0.0,1026.3,0.0,-14.4,IDRSING3
4257,10.1,0.0,0.0,2017-07-15 23:47:00,16.0,14.0,0.0,0.0,1026.3,0.0,-14.6,IDRSING3
4258,10.0,0.0,0.0,2017-07-15 23:52:00,15.0,14.0,0.0,0.0,1026.0,0.0,-15.5,IDRSING3
4259,10.2,0.0,0.0,2017-07-15 23:57:00,15.0,14.0,0.0,0.0,1026.0,0.0,-15.3,IDRSING3
4260,9.7,0.0,0.0,2017-07-16 00:02:00,15.0,14.0,0.0,0.0,1026.0,0.0,-15.7,IDRSING3
4261,9.7,0.0,0.0,2017-07-16 00:07:00,15.0,14.0,0.0,0.0,1026.3,0.0,-15.7,IDRSING3
4262,9.3,0.0,0.0,2017-07-16 00:12:00,15.0,14.0,0.0,0.0,1026.3,0.0,-16.0,IDRSING3
4263,9.3,0.0,0.0,2017-07-16 00:17:00,15.0,14.0,0.0,0.0,1026.0,0.0,-16.0,IDRSING3
4264,9.7,0.0,0.0,2017-07-16 00:23:00,14.0,14.0,0.0,0.0,1026.0,0.0,-16.5,IDRSING3
4265,9.9,0.0,0.0,2017-07-16 00:28:00,14.0,14.0,0.0,0.0,1026.0,0.0,-16.4,IDRSING3
4266,10.1,0.0,0.0,2017-07-16 00:33:00,14.0,14.0,1.4,1.8,1026.0,0.0,-16.2,IDRSING3
4267,10.5,0.0,0.0,2017-07-16 00:38:00,14.0,14.0,3.2,3.5,1026.0,0.0,-15.9,IDRSING3
4268,11.1,0.0,0.0,2017-07-16 00:43:00,12.0,14.0,1.8,1.8,1026.0,0.0,-17.2,IDRSING3
4269,11.4,0.0,0.0,2017-07-16 00:48:00,10.0,14.0,1.8,1.8,1026.3,0.0,-19.2,IDRSING3
4270,11.6,0.0,0.0,2017-07-16 00:53:00,10.0,12.0,1.1,1.8,1026.3,0.0,-19.0,IDRSING3
4271,11.7,0.0,0.0,2017-07-16 00:59:00,10.0,1.0,0.3,1.8,1026.0,0.0,-18.9,IDRSING3
4272,10.3,0.0,0.0,2017-07-16 01:04:00,15.0,79.0,2.9,3.5,1026.0,0.0,-15.2,IDRSING3
4273,9.7,0.0,0.0,2017-07-16 01:09:00,15.0,80.0,0.3,1.8,1026.3,0.0,-15.7,IDRSING3
4274,9.9,0.0,0.0,2017-07-16 01:15:00,15.0,80.0,1.1,1.8,1026.3,0.0,-15.5,IDRSING3
4275,9.5,0.0,0.0,2017-07-16 01:20:00,15.0,80.0,2.1,3.5,1026.0,0.0,-15.9,IDRSING3
4276,10.2,0.0,0.0,2017-07-16 01:25:00,14.0,79.0,0.6,1.8,1026.0,0.0,-16.1,IDRSING3
4277,10.8,0.0,0.0,2017-07-16 01:31:00,13.0,80.0,0.0,0.0,1026.3,0.0,-16.5,IDRSING3
4278,10.2,0.0,0.0,2017-07-16 01:36:00,13.0,80.0,0.0,0.0,1026.0,0.0,-17.0,IDRSING3
4279,9.7,0.0,0.0,2017-07-16 01:41:00,13.0,80.0,0.0,0.0,1026.3,0.0,-17.4,IDRSING3
4280,9.3,0.0,0.0,2017-07-16 01:47:00,15.0,80.0,0.0,0.0,1026.3,0.0,-16.0,IDRSING3
4281,9.2,0.0,0.0,2017-07-16 01:52:00,15.0,80.0,0.0,0.0,1026.0,0.0,-16.1,IDRSING3
4282,9.0,0.0,0.0,2017-07-16 01:57:00,15.0,80.0,1.4,1.8,1026.3,0.0,-16.3,IDRSING3
4283,9.2,0.0,0.0,2017-07-16 02:03:00,15.0,80.0,1.4,1.8,1026.3,0.0,-16.1,IDRSING3
4284,9.3,0.0,0.0,2017-07-16 02:08:00,14.0,80.0,0.0,0.0,1026.3,0.0,-16.8,IDRSING3
4285,9.4,0.0,0.0,2017-07-16 02:13:00,14.0,80.0,0.0,0.0,1026.3,0.0,-16.8,IDRSING3
4286,9.4,0.0,0.0,2017-07-16 02:19:00,14.0,80.0,0.0,0.0,1026.6,0.0,-16.8,IDRSING3
4287,9.3,0.0,0.0,2017-07-16 02:24:00,14.0,80.0,1.8,1.8,1026.3,0.0,-16.8,IDRSING3
4288,9.3,0.0,0.0,2017-07-16 02:29:00,13.0,80.0,0.0,0.0,1026.3,0.0,-17.7,IDRSING3
4289,9.3,0.0,0.0,2017-07-16 02:35:00,13.0,80.0,0.0,0.0,1026.6,0.0,-17.7,IDRSING3
4290,9.0,0.0,0.0,2017-07-16 02:40:00,14.0,80.0,0.0,0.0,1026.6,0.0,-17.1,IDRSING3
4291,9.0,0.0,0.0,2017-07-16 02:45:00,13.0,80.0,0.0,0.0,1026.6,0.0,-18.0,IDRSING3
4292,9.1,0.0,0.0,2017-07-16 02:51:00,13.0,80.0,0.0,0.0,1026.6,0.0,-17.9,IDRSING3
4293,8.8,0.0,0.0,2017-07-16 02:56:00,13.0,80.0,0.0,0.0,1026.6,0.0,-18.1,IDRSING3
4294,8.3,0.0,0.0,2017-07-16 03:01:00,14.0,80.0,0.0,0.0,1026.6,0.0,-17.7,IDRSING3
4295,8.2,0.0,0.0,2017-07-16 03:07:00,14.0,80.0,0.0,0.0,1027.0,0.85,-17.7,IDRSING3
4296,7.8,0.0,0.0,2017-07-16 03:12:00,13.0,80.0,0.0,0.0,1026.6,2.57,-18.9,IDRSING3
4297,7.8,0.0,0.0,2017-07-16 03:17:00,13.0,80.0,0.0,0.0,1026.6,3.79,-18.9,IDRSING3
4298,8.2,0.0,0.0,2017-07-16 03:22:00,12.0,80.0,0.0,0.0,1026.6,6.48,-19.5,IDRSING3
4299,8.8,0.0,0.0,2017-07-16 03:27:00,11.0,80.0,0.0,0.0,1026.6,8.56,-20.1,IDRSING3
4300,8.1,0.0,0.0,2017-07-16 03:32:00,12.0,80.0,0.0,0.0,1027.0,10.77,-19.6,IDRSING3
4301,8.4,0.0,0.0,2017-07-16 03:37:00,11.0,80.0,0.0,0.0,1026.6,12.97,-20.4,IDRSING3
4302,8.7,0.0,0.0,2017-07-16 03:43:00,11.0,80.0,0.0,0.0,1027.0,16.02,-20.2,IDRSING3
4303,8.7,0.0,0.0,2017-07-16 03:48:00,11.0,80.0,0.6,1.8,1027.0,18.11,-20.2,IDRSING3
4304,9.7,0.0,0.0,2017-07-16 03:53:00,10.0,79.0,1.4,1.8,1027.0,21.65,-20.5,IDRSING3
4305,10.0,0.0,0.0,2017-07-16 03:59:00,10.0,79.0,0.0,0.0,1027.3,24.71,-20.2,IDRSING3
4306,10.1,0.0,0.0,2017-07-16 04:04:00,10.0,79.0,0.3,1.8,1027.3,27.28,-20.2,IDRSING3
4307,10.1,0.0,0.0,2017-07-16 04:09:00,10.0,79.0,0.0,0.0,1027.0,30.34,-20.2,IDRSING3
4308,9.6,0.0,0.0,2017-07-16 04:15:00,11.0,79.0,0.0,0.0,1027.0,36.33,-19.5,IDRSING3
4309,9.6,0.0,0.0,2017-07-16 04:20:00,11.0,79.0,0.0,0.0,1027.3,42.45,-19.5,IDRSING3
4310,10.0,0.0,0.0,2017-07-16 04:25:00,11.0,79.0,0.0,0.0,1027.3,49.42,-19.1,IDRSING3
4311,10.9,0.0,0.0,2017-07-16 04:31:00,12.0,282.0,2.1,3.5,1027.3,40.73,-17.4,IDRSING3
4312,11.5,0.0,0.0,2017-07-16 04:36:00,12.0,310.0,4.0,5.5,1027.3,43.8,-16.9,IDRSING3
4313,11.8,0.0,0.0,2017-07-16 04:41:00,11.0,283.0,3.5,3.5,1027.3,56.27,-17.7,IDRSING3
4314,12.0,0.0,0.0,2017-07-16 04:47:00,10.0,305.0,3.2,3.5,1027.3,49.79,-18.7,IDRSING3
4315,12.3,0.0,0.0,2017-07-16 04:52:00,10.0,319.0,3.5,3.5,1027.3,52.85,-18.5,IDRSING3
4316,12.6,0.0,0.0,2017-07-16 04:57:00,10.0,329.0,3.5,3.5,1027.3,80.25,-18.2,IDRSING3
4317,12.9,0.0,0.0,2017-07-16 05:03:00,10.0,324.0,3.2,5.5,1027.3,85.02,-18.0,IDRSING3
4318,13.2,0.0,0.0,2017-07-16 05:08:00,10.0,302.0,5.5,5.5,1027.3,91.51,-17.8,IDRSING3
4319,13.5,0.0,0.0,2017-07-16 05:13:00,10.0,336.0,1.8,1.8,1027.7,96.27,-17.5,IDRSING3
4320,13.9,0.0,0.0,2017-07-16 05:19:00,99.0,332.0,5.0,5.5,1027.7,104.1,13.7,IDRSING3
4321,14.1,0.0,0.0,2017-07-16 05:24:00,99.0,325.0,5.0,5.5,1027.7,109.73,13.9,IDRSING3
4322,14.2,0.0,0.0,2017-07-16 05:29:00,99.0,329.0,4.7,5.5,1027.7,76.34,14.0,IDRSING3
4323,14.3,0.0,0.0,2017-07-16 05:34:00,99.0,311.0,4.7,5.5,1027.7,79.76,14.1,IDRSING3
4324,14.3,0.0,0.0,2017-07-16 05:40:00,99.0,307.0,7.9,9.3,1027.7,203.81,14.1,IDRSING3
4325,14.4,0.0,0.0,2017-07-16 05:45:00,99.0,334.0,7.6,9.3,1028.0,139.22,14.2,IDRSING3
4326,14.6,0.0,0.0,2017-07-16 05:51:00,99.0,351.0,8.7,9.3,1028.0,102.27,14.4,IDRSING3
4327,14.9,0.0,0.0,2017-07-16 05:56:00,99.0,307.0,6.9,9.3,1027.7,282.84,14.7,IDRSING3
4328,15.1,0.0,0.0,2017-07-16 06:01:00,99.0,328.0,4.0,5.5,1027.7,297.15,14.9,IDRSING3
4329,15.1,0.0,0.0,2017-07-16 06:06:00,99.0,313.0,5.5,7.2,1027.7,323.58,14.9,IDRSING3
4330,15.4,0.0,0.0,2017-07-16 06:12:00,99.0,323.0,5.8,7.2,1027.7,329.2,15.2,IDRSING3
4331,15.5,0.0,0.0,2017-07-16 06:17:00,99.0,277.0,5.8,7.2,1027.7,342.17,15.3,IDRSING3
4332,15.8,0.0,0.0,2017-07-16 06:23:00,98.0,354.0,6.4,7.2,1027.7,383.03,15.5,IDRSING3
4333,16.0,0.0,0.0,2017-07-16 06:28:00,96.0,324.0,6.1,7.2,1027.7,408.11,15.4,IDRSING3
4334,16.2,0.0,0.0,2017-07-16 06:33:00,96.0,340.0,3.2,7.2,1028.0,426.83,15.6,IDRSING3
4335,16.4,0.0,0.0,2017-07-16 06:39:00,94.0,337.0,4.0,5.5,1027.7,446.77,15.3,IDRSING3
4336,16.8,0.0,0.0,2017-07-16 06:44:00,94.0,322.0,4.0,5.5,1027.7,455.82,15.7,IDRSING3
4337,16.8,0.0,0.0,2017-07-16 06:49:00,87.0,322.0,5.8,7.2,1028.3,486.65,14.7,IDRSING3
4338,16.9,0.0,0.0,2017-07-16 06:54:00,87.0,345.0,6.1,7.2,1028.0,537.91,14.8,IDRSING3
4339,16.9,0.0,0.0,2017-07-16 06:59:00,87.0,329.0,7.2,9.3,1027.7,562.62,14.8,IDRSING3
4340,17.4,0.0,0.0,2017-07-16 07:04:00,85.0,344.0,5.0,5.5,1028.0,573.02,14.9,IDRSING3
4341,17.4,0.0,0.0,2017-07-16 07:09:00,83.0,311.0,4.0,5.5,1027.7,582.93,14.5,IDRSING3
4342,17.5,0.0,0.0,2017-07-16 07:15:00,80.0,334.0,1.4,1.8,1028.0,601.65,14.0,IDRSING3
4343,17.7,0.0,0.0,2017-07-16 07:20:00,78.0,336.0,4.3,5.5,1028.0,591.62,13.8,IDRSING3
4344,17.8,0.0,0.0,2017-07-16 07:25:00,80.0,270.0,6.4,7.2,1028.0,610.7,14.3,IDRSING3
4345,18.0,0.0,0.0,2017-07-16 07:30:00,76.0,326.0,4.3,5.5,1028.0,640.31,13.7,IDRSING3
4346,18.3,0.0,0.0,2017-07-16 07:35:00,74.0,324.0,1.8,1.8,1028.0,653.28,13.6,IDRSING3
4347,18.4,0.0,0.0,2017-07-16 07:36:00,75.0,324.0,3.2,3.5,1028.0,659.76,13.9,IDRSING3
4348,18.4,0.0,0.0,2017-07-16 07:41:00,71.0,308.0,2.6,3.5,1028.0,689.24,13.1,IDRSING3
4349,18.8,0.0,0.0,2017-07-16 07:46:00,74.0,23.0,0.3,1.8,1027.7,697.92,14.1,IDRSING3
4350,19.1,0.0,0.0,2017-07-16 07:51:00,72.0,312.0,5.0,9.3,1028.0,714.81,13.9,IDRSING3
4351,18.7,0.0,0.0,2017-07-16 07:56:00,74.0,259.0,1.4,1.8,1027.7,730.47,14.0,IDRSING3
4352,18.8,0.0,0.0,2017-07-16 08:01:00,76.0,239.0,2.9,5.5,1027.7,735.24,14.5,IDRSING3
4353,19.1,0.0,0.0,2017-07-16 08:07:00,76.0,276.0,10.8,13.0,1028.0,750.9,14.8,IDRSING3
4354,19.3,0.0,0.0,2017-07-16 08:12:00,72.0,330.0,6.4,7.2,1028.0,777.81,14.1,IDRSING3
4355,19.2,0.0,0.0,2017-07-16 08:17:00,71.0,337.0,4.0,5.5,1027.7,781.73,13.8,IDRSING3
4356,19.4,0.0,0.0,2017-07-16 08:22:00,68.0,300.0,0.6,1.8,1028.0,788.58,13.3,IDRSING3
4357,19.9,0.0,0.0,2017-07-16 08:27:00,70.0,270.0,6.9,9.3,1027.7,794.21,14.3,IDRSING3
4358,20.0,0.0,0.0,2017-07-16 08:32:00,68.0,336.0,3.5,5.5,1028.0,804.24,13.9,IDRSING3
4359,19.8,0.0,0.0,2017-07-16 08:37:00,68.0,264.0,5.8,7.2,1027.7,815.49,13.7,IDRSING3
4360,20.4,0.0,0.0,2017-07-16 08:42:00,67.0,322.0,0.6,1.8,1027.7,824.66,14.1,IDRSING3
4361,20.5,0.0,0.0,2017-07-16 08:47:00,67.0,269.0,6.4,7.2,1028.0,807.66,14.2,IDRSING3
4362,20.3,0.0,0.0,2017-07-16 08:52:00,66.0,294.0,6.4,9.3,1027.7,776.95,13.8,IDRSING3
4363,20.5,0.0,0.0,2017-07-16 08:57:00,63.0,321.0,5.5,7.2,1027.7,788.58,13.2,IDRSING3
4364,20.7,0.0,0.0,2017-07-16 09:03:00,64.0,280.0,6.9,9.3,1027.7,817.21,13.7,IDRSING3
4365,20.9,0.0,0.0,2017-07-16 09:08:00,62.0,333.0,10.8,13.0,1027.7,836.29,13.3,IDRSING3
4366,21.0,0.0,0.0,2017-07-16 09:13:00,59.0,350.0,8.7,11.1,1027.7,807.66,12.7,IDRSING3
4367,20.9,0.0,0.0,2017-07-16 09:18:00,63.0,314.0,0.0,0.0,1027.3,793.35,13.6,IDRSING3
4368,21.5,0.0,0.0,2017-07-16 09:23:00,58.0,321.0,9.7,11.1,1027.3,745.27,12.9,IDRSING3
4369,21.5,0.0,0.0,2017-07-16 09:28:00,56.0,288.0,5.5,7.2,1027.7,759.09,12.4,IDRSING3
4370,21.6,0.0,0.0,2017-07-16 09:33:00,58.0,324.0,4.7,5.5,1027.7,773.9,13.0,IDRSING3
4371,21.9,0.0,0.0,2017-07-16 09:39:00,53.0,305.0,7.9,9.3,1027.7,756.04,11.9,IDRSING3
4372,21.6,0.0,0.0,2017-07-16 09:44:00,56.0,270.0,5.0,7.2,1027.3,750.04,12.5,IDRSING3
4373,22.1,0.0,0.0,2017-07-16 09:49:00,55.0,308.0,6.9,7.2,1027.3,810.36,12.6,IDRSING3
4374,21.8,0.0,0.0,2017-07-16 09:54:00,55.0,324.0,5.5,7.2,1027.7,848.89,12.4,IDRSING3
4375,22.0,0.0,0.0,2017-07-16 09:59:00,53.0,299.0,5.0,5.5,1027.3,860.14,12.0,IDRSING3
4376,22.3,0.0,0.0,2017-07-16 10:04:00,53.0,350.0,6.1,7.2,1027.7,220.69,12.3,IDRSING3
4377,22.2,0.0,0.0,2017-07-16 10:09:00,52.0,358.0,5.0,11.1,1027.3,132.73,11.9,IDRSING3
4378,21.5,0.0,0.0,2017-07-16 10:15:00,49.0,293.0,10.8,13.0,1027.3,786.87,10.4,IDRSING3
4379,23.0,0.0,0.0,2017-07-16 10:20:00,46.0,124.0,0.0,0.0,1027.3,874.46,10.8,IDRSING3
4380,23.9,0.0,0.0,2017-07-16 10:25:00,44.0,307.0,6.4,7.2,1027.3,836.78,10.9,IDRSING3
4381,23.1,0.0,0.0,2017-07-16 10:30:00,45.0,38.0,9.7,11.1,1027.3,825.04,10.6,IDRSING3
4382,22.9,0.0,0.0,2017-07-16 10:35:00,44.0,323.0,5.5,7.2,1027.3,817.21,10.0,IDRSING3
4383,22.7,0.0,0.0,2017-07-16 10:40:00,44.0,313.0,6.1,7.2,1027.3,826.75,9.8,IDRSING3
4384,23.1,0.0,0.0,2017-07-16 10:45:00,40.0,298.0,7.9,9.3,1027.3,811.58,8.8,IDRSING3
4385,23.5,0.0,0.0,2017-07-16 10:50:00,41.0,325.0,11.1,13.0,1027.0,803.75,9.5,IDRSING3
4386,24.1,0.0,0.0,2017-07-16 10:55:00,40.0,89.0,1.1,1.8,1027.0,782.58,9.7,IDRSING3
4387,24.2,0.0,0.0,2017-07-16 11:00:00,39.0,340.0,7.2,9.3,1027.0,821.97,9.4,IDRSING3
4388,23.2,0.0,0.0,2017-07-16 11:05:00,42.0,333.0,6.1,9.3,1027.0,837.14,9.6,IDRSING3
4389,23.4,0.0,0.0,2017-07-16 11:11:00,36.0,322.0,9.3,14.8,1027.0,731.33,7.5,IDRSING3
4390,23.7,0.0,0.0,2017-07-16 11:16:00,35.0,310.0,11.9,16.6,1027.0,800.81,7.4,IDRSING3
4391,24.0,0.0,0.0,2017-07-16 11:21:00,37.0,332.0,14.0,18.3,1027.0,777.32,8.4,IDRSING3
4392,24.0,0.0,0.0,2017-07-16 11:26:00,37.0,314.0,11.9,14.8,1027.0,776.95,8.4,IDRSING3
4393,23.7,0.0,0.0,2017-07-16 11:31:00,37.0,359.0,11.9,16.6,1027.0,755.18,8.2,IDRSING3
4394,23.9,0.0,0.0,2017-07-16 11:36:00,36.0,311.0,6.1,7.2,1026.6,737.81,8.0,IDRSING3
4395,24.5,0.0,0.0,2017-07-16 11:41:00,38.0,288.0,9.0,11.1,1026.6,756.89,9.3,IDRSING3
4396,24.5,0.0,0.0,2017-07-16 11:46:00,38.0,344.0,6.1,11.1,1026.6,792.49,9.3,IDRSING3
4397,24.6,0.0,0.0,2017-07-16 11:51:00,36.0,347.0,5.5,9.3,1026.6,798.97,8.6,IDRSING3
4398,23.6,0.0,0.0,2017-07-16 11:56:00,39.0,345.0,11.9,14.8,1026.6,141.78,8.9,IDRSING3
4399,23.4,0.0,0.0,2017-07-16 12:01:00,37.0,321.0,10.5,13.0,1026.3,818.55,7.9,IDRSING3
4400,24.1,0.0,0.0,2017-07-16 12:06:00,42.0,331.0,0.3,1.8,1026.3,196.47,10.4,IDRSING3
4401,23.3,0.0,0.0,2017-07-16 12:11:00,40.0,297.0,4.0,5.5,1026.6,131.88,9.0,IDRSING3
4402,23.4,0.0,0.0,2017-07-16 12:16:00,34.0,347.0,6.4,7.2,1026.3,757.38,6.7,IDRSING3
4403,23.7,0.0,0.0,2017-07-16 12:17:00,35.0,331.0,8.7,14.8,1026.6,766.92,7.4,IDRSING3
4404,24.7,0.0,0.0,2017-07-16 12:23:00,34.0,317.0,8.7,9.3,1026.6,751.75,7.8,IDRSING3
4405,24.5,0.0,0.0,2017-07-16 12:28:00,35.0,289.0,11.6,14.8,1026.0,759.09,8.1,IDRSING3
4406,24.6,0.0,0.0,2017-07-16 12:33:00,35.0,301.0,14.0,18.3,1026.3,745.64,8.1,IDRSING3
4407,25.0,0.0,0.0,2017-07-16 12:38:00,35.0,331.0,6.9,11.1,1026.3,738.78,8.5,IDRSING3
4408,25.3,0.0,0.0,2017-07-16 12:43:00,35.0,329.0,19.5,23.8,1026.0,744.78,8.8,IDRSING3
4409,24.9,0.0,0.0,2017-07-16 12:48:00,36.0,281.0,10.5,11.1,1026.3,805.95,8.8,IDRSING3
4410,25.0,0.0,0.0,2017-07-16 12:53:00,39.0,251.0,1.1,1.8,1026.3,818.55,10.1,IDRSING3
4411,25.7,0.0,0.0,2017-07-16 12:59:00,37.0,72.0,0.0,0.0,1026.0,769.98,9.9,IDRSING3
4412,25.4,0.0,0.0,2017-07-16 13:04:00,36.0,324.0,10.8,11.1,1026.3,168.21,9.3,IDRSING3
4413,24.0,0.0,0.0,2017-07-16 13:09:00,37.0,289.0,9.3,11.1,1026.0,300.09,8.4,IDRSING3
4414,24.5,0.0,0.0,2017-07-16 13:14:00,36.0,355.0,7.6,9.3,1026.0,551.74,8.5,IDRSING3
4415,25.0,0.0,0.0,2017-07-16 13:19:00,36.0,288.0,4.0,7.2,1026.3,250.3,8.9,IDRSING3
4416,24.7,0.0,0.0,2017-07-16 13:24:00,35.0,253.0,5.5,5.5,1026.0,272.32,8.2,IDRSING3
4417,24.4,0.0,0.0,2017-07-16 13:29:00,36.0,333.0,13.0,14.8,1026.0,534.85,8.4,IDRSING3
4418,24.6,0.0,0.0,2017-07-16 13:34:00,36.0,353.0,8.2,9.3,1026.0,750.41,8.6,IDRSING3
4419,25.0,0.0,0.0,2017-07-16 13:39:00,34.0,326.0,7.6,9.3,1026.0,324.44,8.1,IDRSING3
4420,25.1,0.0,0.0,2017-07-16 13:44:00,36.0,346.0,0.0,0.0,1026.0,504.03,9.0,IDRSING3
4421,25.5,0.0,0.0,2017-07-16 13:49:00,39.0,53.0,0.0,0.0,1026.0,423.77,10.6,IDRSING3
4422,26.2,0.0,0.0,2017-07-16 13:54:00,37.0,179.0,0.0,0.0,1026.0,702.33,10.4,IDRSING3
4423,26.5,0.0,0.0,2017-07-16 13:59:00,35.0,211.0,0.6,1.8,1026.0,327.86,9.8,IDRSING3
4424,25.7,0.0,0.0,2017-07-16 14:04:00,37.0,211.0,0.3,1.8,1026.0,312.32,9.9,IDRSING3
4425,25.8,0.0,0.0,2017-07-16 14:09:00,36.0,262.0,1.1,1.8,1026.0,290.18,9.6,IDRSING3
4426,26.2,0.0,0.0,2017-07-16 14:15:00,34.0,345.0,5.5,9.3,1026.0,565.68,9.1,IDRSING3
4427,25.8,0.0,0.0,2017-07-16 14:20:00,35.0,297.0,1.1,1.8,1026.0,221.67,9.2,IDRSING3
4428,24.9,0.0,0.0,2017-07-16 14:25:00,36.0,317.0,2.1,3.5,1026.0,225.46,8.8,IDRSING3
4429,24.5,0.0,0.0,2017-07-16 14:30:00,36.0,315.0,3.5,5.5,1026.0,228.15,8.5,IDRSING3
4430,25.2,0.0,0.0,2017-07-16 14:35:00,37.0,302.0,2.1,3.5,1026.0,569.6,9.5,IDRSING3
4431,26.9,0.0,0.0,2017-07-16 14:40:00,33.0,123.0,4.0,5.5,1026.0,482.74,9.3,IDRSING3
4432,25.7,0.0,0.0,2017-07-16 14:45:00,36.0,148.0,3.2,5.5,1026.0,342.17,9.5,IDRSING3
4433,25.9,0.0,0.0,2017-07-16 14:51:00,35.0,110.0,2.1,5.5,1025.6,523.6,9.3,IDRSING3
4434,26.8,0.0,0.0,2017-07-16 14:56:00,35.0,190.0,1.1,1.8,1025.6,265.83,10.1,IDRSING3
4435,25.8,0.0,0.0,2017-07-16 15:01:00,32.0,358.0,5.5,7.2,1026.0,519.68,7.9,IDRSING3
4436,26.0,0.0,0.0,2017-07-16 15:06:00,34.0,315.0,7.9,9.3,1025.6,448.48,9.0,IDRSING3
4437,26.0,0.0,0.0,2017-07-16 15:11:00,32.0,301.0,7.2,9.3,1025.6,429.03,8.1,IDRSING3
4438,25.6,0.0,0.0,2017-07-16 15:16:00,32.0,299.0,0.6,1.8,1025.6,469.77,7.7,IDRSING3
4439,25.7,0.0,0.0,2017-07-16 15:21:00,36.0,122.0,0.6,1.8,1025.6,148.27,9.5,IDRSING3
4440,24.9,0.0,0.0,2017-07-16 15:26:00,37.0,327.0,0.3,1.8,1025.3,172.61,9.2,IDRSING3
4441,24.5,0.0,0.0,2017-07-16 15:31:00,35.0,330.0,6.1,7.2,1025.3,403.34,8.1,IDRSING3
4442,24.8,0.0,0.0,2017-07-16 15:36:00,35.0,317.0,7.6,9.3,1025.3,144.36,8.3,IDRSING3
4443,24.5,0.0,0.0,2017-07-16 15:41:00,39.0,229.0,0.0,0.0,1025.6,260.69,9.7,IDRSING3
4444,25.2,0.0,0.0,2017-07-16 15:47:00,36.0,348.0,2.6,3.5,1025.6,156.1,9.1,IDRSING3
4445,24.5,0.0,0.0,2017-07-16 15:52:00,35.0,268.0,0.3,1.8,1025.6,204.3,8.1,IDRSING3
4446,25.2,0.0,0.0,2017-07-16 15:57:00,35.0,19.0,3.2,9.3,1025.6,371.78,8.7,IDRSING3
4447,25.3,0.0,0.0,2017-07-16 16:03:00,36.0,34.0,0.3,1.8,1025.6,145.21,9.2,IDRSING3
4448,24.8,0.0,0.0,2017-07-16 16:08:00,37.0,267.0,1.8,3.5,1025.3,139.22,9.1,IDRSING3
4449,24.5,0.0,0.0,2017-07-16 16:13:00,39.0,11.0,0.0,0.0,1025.6,133.95,9.7,IDRSING3
4450,24.3,0.0,0.0,2017-07-16 16:18:00,38.0,276.0,2.9,5.5,1025.6,199.53,9.1,IDRSING3
4451,24.7,0.0,0.0,2017-07-16 16:23:00,37.0,277.0,2.1,5.5,1025.6,143.13,9.1,IDRSING3
4452,24.4,0.0,0.0,2017-07-16 16:28:00,38.0,210.0,0.3,1.8,1025.6,157.44,9.2,IDRSING3
4453,24.4,0.0,0.0,2017-07-16 16:33:00,39.0,312.0,0.3,1.8,1025.6,150.96,9.6,IDRSING3
4454,24.3,0.0,0.0,2017-07-16 16:38:00,39.0,168.0,0.0,0.0,1025.6,142.27,9.5,IDRSING3
4455,24.4,0.0,0.0,2017-07-16 16:43:00,39.0,286.0,0.0,0.0,1025.6,127.96,9.6,IDRSING3
4456,24.4,0.0,0.0,2017-07-16 16:48:00,40.0,286.0,0.0,0.0,1025.6,116.58,10.0,IDRSING3
4457,24.1,0.0,0.0,2017-07-16 16:53:00,39.0,295.0,0.0,0.0,1025.6,85.88,9.3,IDRSING3
4458,23.7,0.0,0.0,2017-07-16 16:59:00,40.0,294.0,0.6,1.8,1025.6,97.5,9.3,IDRSING3
4459,23.5,0.0,0.0,2017-07-16 17:04:00,43.0,294.0,0.0,0.0,1025.3,98.36,10.2,IDRSING3
4460,23.4,0.0,0.0,2017-07-16 17:09:00,44.0,294.0,0.0,0.0,1025.6,91.87,10.5,IDRSING3
4461,23.3,0.0,0.0,2017-07-16 17:15:00,44.0,294.0,0.0,0.0,1025.6,73.28,10.4,IDRSING3
4462,23.1,0.0,0.0,2017-07-16 17:20:00,46.0,294.0,0.0,0.0,1025.3,66.8,10.9,IDRSING3
4463,22.9,0.0,0.0,2017-07-16 17:25:00,46.0,294.0,0.0,0.0,1025.6,66.31,10.7,IDRSING3
4464,22.8,0.0,0.0,2017-07-16 17:31:00,47.0,294.0,0.0,0.0,1025.3,61.53,10.9,IDRSING3
4465,22.6,0.0,0.0,2017-07-16 17:36:00,47.0,294.0,0.0,0.0,1025.6,56.76,10.7,IDRSING3
4466,22.5,0.0,0.0,2017-07-16 17:41:00,47.0,294.0,0.0,0.0,1025.6,55.05,10.6,IDRSING3
4467,22.4,0.0,0.0,2017-07-16 17:46:00,48.0,294.0,0.0,0.0,1025.6,37.19,10.9,IDRSING3
4468,22.2,0.0,0.0,2017-07-16 17:51:00,48.0,294.0,0.0,0.0,1025.6,34.25,10.7,IDRSING3
4469,22.1,0.0,0.0,2017-07-16 17:56:00,49.0,294.0,0.0,0.0,1025.6,33.39,10.9,IDRSING3
4470,22.0,0.0,0.0,2017-07-16 18:01:00,50.0,294.0,0.0,0.0,1025.6,37.19,11.1,IDRSING3
4471,21.9,0.0,0.0,2017-07-16 18:07:00,55.0,294.0,0.0,0.0,1025.6,34.25,12.5,IDRSING3
4472,21.7,0.0,0.0,2017-07-16 18:12:00,55.0,294.0,0.0,0.0,1025.6,28.99,12.3,IDRSING3
4473,21.4,0.0,0.0,2017-07-16 18:17:00,58.0,294.0,0.0,0.0,1025.6,25.94,12.8,IDRSING3
4474,21.0,0.0,0.0,2017-07-16 18:22:00,61.0,294.0,0.0,0.0,1025.6,16.88,13.2,IDRSING3
4475,20.6,0.0,0.0,2017-07-16 18:27:00,64.0,294.0,0.0,0.0,1025.6,12.11,13.6,IDRSING3
4476,20.0,0.0,0.0,2017-07-16 18:32:00,68.0,294.0,0.0,0.0,1025.6,10.77,13.9,IDRSING3
4477,19.5,0.0,0.0,2017-07-16 18:37:00,67.0,294.0,0.0,0.0,1025.6,6.85,13.2,IDRSING3
4478,19.0,0.0,0.0,2017-07-16 18:42:00,70.0,294.0,0.0,0.0,1025.6,4.77,13.4,IDRSING3
4479,18.5,0.0,0.0,2017-07-16 18:47:00,74.0,294.0,0.0,0.0,1026.0,1.71,13.8,IDRSING3
4480,18.3,0.0,0.0,2017-07-16 18:52:00,72.0,294.0,0.0,0.0,1026.0,0.85,13.2,IDRSING3
4481,18.2,0.0,0.0,2017-07-16 18:57:00,70.0,294.0,0.0,0.0,1026.0,0.0,12.7,IDRSING3
4482,18.1,0.0,0.0,2017-07-16 19:02:00,71.0,294.0,0.0,0.0,1025.6,0.0,12.8,IDRSING3
4483,17.8,0.0,0.0,2017-07-16 19:07:00,73.0,294.0,0.0,0.0,1026.0,0.0,12.9,IDRSING3
4484,17.4,0.0,0.0,2017-07-16 19:12:00,73.0,294.0,0.0,0.0,1026.0,0.0,12.5,IDRSING3
4485,17.2,0.0,0.0,2017-07-16 19:17:00,74.0,294.0,0.0,0.0,1026.0,0.0,12.6,IDRSING3
4486,17.0,0.0,0.0,2017-07-16 19:23:00,76.0,294.0,0.0,0.0,1026.0,0.0,12.7,IDRSING3
4487,16.8,0.0,0.0,2017-07-16 19:28:00,79.0,294.0,0.0,0.0,1026.0,0.0,13.2,IDRSING3
4488,16.7,0.0,0.0,2017-07-16 19:33:00,84.0,294.0,0.0,0.0,1026.0,0.0,14.0,IDRSING3
4489,16.3,0.0,0.0,2017-07-16 19:38:00,89.0,294.0,0.0,0.0,1026.0,0.0,14.5,IDRSING3
4490,16.0,0.0,0.0,2017-07-16 19:43:00,93.0,294.0,0.0,0.0,1026.3,0.0,14.8,IDRSING3
4491,15.7,0.0,0.0,2017-07-16 19:48:00,95.0,294.0,0.0,0.0,1026.0,0.0,14.9,IDRSING3
4492,15.5,0.0,0.0,2017-07-16 19:53:00,98.0,294.0,0.0,0.0,1026.3,0.0,15.2,IDRSING3
4493,15.5,0.0,0.0,2017-07-16 19:58:00,99.0,294.0,0.0,0.0,1026.3,0.0,15.3,IDRSING3
4494,15.4,0.0,0.0,2017-07-16 20:03:00,99.0,294.0,0.0,0.0,1026.3,0.0,15.2,IDRSING3
4495,15.2,0.0,0.0,2017-07-16 20:08:00,99.0,294.0,0.0,0.0,1026.3,0.0,15.0,IDRSING3
4496,15.1,0.0,0.0,2017-07-16 20:13:00,99.0,294.0,0.0,0.0,1026.0,0.0,14.9,IDRSING3
4497,14.9,0.0,0.0,2017-07-16 20:19:00,99.0,294.0,0.0,0.0,1026.0,0.0,14.7,IDRSING3
4498,14.7,0.0,0.0,2017-07-16 20:24:00,99.0,294.0,0.0,0.0,1026.0,0.0,14.5,IDRSING3
4499,14.7,0.0,0.0,2017-07-16 20:29:00,99.0,294.0,0.0,0.0,1026.0,0.0,14.5,IDRSING3
4500,14.6,0.0,0.0,2017-07-16 20:35:00,99.0,294.0,0.0,0.0,1026.0,0.0,14.4,IDRSING3
4501,14.5,0.0,0.0,2017-07-16 20:40:00,99.0,294.0,0.0,0.0,1026.0,0.0,14.3,IDRSING3
4502,14.5,0.0,0.0,2017-07-16 20:45:00,99.0,294.0,0.0,0.0,1026.3,0.0,14.3,IDRSING3
4503,14.3,0.0,0.0,2017-07-16 20:50:00,99.0,294.0,0.0,0.0,1026.3,0.0,14.1,IDRSING3
4504,14.1,0.0,0.0,2017-07-16 20:55:00,99.0,294.0,0.0,0.0,1026.3,0.0,13.9,IDRSING3
4505,13.9,0.0,0.0,2017-07-16 21:00:00,10.0,294.0,0.0,0.0,1026.0,0.0,-17.2,IDRSING3
4506,13.7,0.0,0.0,2017-07-16 21:05:00,10.0,294.0,0.0,0.0,1026.0,0.0,-17.4,IDRSING3
4507,13.3,0.0,0.0,2017-07-16 21:10:00,10.0,294.0,0.0,0.0,1026.3,0.0,-17.7,IDRSING3
4508,13.0,0.0,0.0,2017-07-16 21:15:00,10.0,294.0,0.0,0.0,1026.6,0.0,-17.9,IDRSING3
4509,12.9,0.0,0.0,2017-07-16 21:20:00,11.0,294.0,0.0,0.0,1026.3,0.0,-16.9,IDRSING3
4510,12.9,0.0,0.0,2017-07-16 21:25:00,10.0,294.0,1.8,1.8,1026.3,0.0,-18.0,IDRSING3
4511,13.4,0.0,0.0,2017-07-16 21:31:00,10.0,294.0,0.0,0.0,1026.6,0.0,-17.6,IDRSING3
4512,13.3,0.0,0.0,2017-07-16 21:36:00,10.0,294.0,0.0,0.0,1026.3,0.0,-17.7,IDRSING3
4513,13.1,0.0,0.0,2017-07-16 21:41:00,10.0,294.0,0.0,0.0,1026.6,0.0,-17.8,IDRSING3
4514,12.6,0.0,0.0,2017-07-16 21:47:00,10.0,294.0,0.0,0.0,1026.3,0.0,-18.2,IDRSING3
4515,12.4,0.0,0.0,2017-07-16 21:52:00,10.0,294.0,0.0,0.0,1026.6,0.0,-18.4,IDRSING3
4516,12.2,0.0,0.0,2017-07-16 21:57:00,12.0,294.0,0.0,0.0,1026.6,0.0,-16.4,IDRSING3
4517,12.3,0.0,0.0,2017-07-16 22:02:00,12.0,294.0,0.0,0.0,1026.6,0.0,-16.3,IDRSING3
4518,12.1,0.0,0.0,2017-07-16 22:07:00,13.0,294.0,0.0,0.0,1026.6,0.0,-15.5,IDRSING3
4519,12.0,0.0,0.0,2017-07-16 22:12:00,13.0,294.0,0.0,0.0,1026.3,0.0,-15.6,IDRSING3
4520,11.9,0.0,0.0,2017-07-16 22:17:00,13.0,294.0,0.0,0.0,1026.6,0.0,-15.7,IDRSING3
4521,11.6,0.0,0.0,2017-07-16 22:23:00,13.0,294.0,0.0,0.0,1026.6,0.0,-15.9,IDRSING3
4522,11.6,0.0,0.0,2017-07-16 22:28:00,13.0,294.0,0.0,0.0,1026.6,0.0,-15.9,IDRSING3
4523,11.7,0.0,0.0,2017-07-16 22:33:00,13.0,294.0,0.0,0.0,1026.6,0.0,-15.8,IDRSING3
4524,11.2,0.0,0.0,2017-07-16 22:38:00,10.0,294.0,0.0,0.0,1026.6,0.0,-19.3,IDRSING3
4525,10.8,0.0,0.0,2017-07-16 22:43:00,13.0,294.0,0.0,0.0,1026.6,0.0,-16.5,IDRSING3
4526,11.0,0.0,0.0,2017-07-16 22:48:00,12.0,294.0,0.0,0.0,1026.6,0.0,-17.3,IDRSING3
4527,11.1,0.0,0.0,2017-07-16 22:53:00,12.0,294.0,0.0,0.0,1026.6,0.0,-17.2,IDRSING3
4528,11.2,0.0,0.0,2017-07-16 22:59:00,11.0,294.0,0.0,0.0,1026.3,0.0,-18.2,IDRSING3
4529,11.1,0.0,0.0,2017-07-16 23:04:00,11.0,294.0,0.0,0.0,1026.6,0.0,-18.3,IDRSING3
4530,11.1,0.0,0.0,2017-07-16 23:09:00,11.0,294.0,0.0,0.0,1026.3,0.0,-18.3,IDRSING3
4531,10.9,0.0,0.0,2017-07-16 23:14:00,12.0,294.0,0.0,0.0,1026.6,0.0,-17.4,IDRSING3
4532,10.7,0.0,0.0,2017-07-16 23:19:00,11.0,294.0,0.0,0.0,1026.3,0.0,-18.6,IDRSING3
4533,11.1,0.0,0.0,2017-07-16 23:24:00,11.0,294.0,0.0,0.0,1026.6,0.0,-18.3,IDRSING3
4534,11.2,0.0,0.0,2017-07-16 23:29:00,11.0,294.0,0.0,0.0,1026.3,0.0,-18.2,IDRSING3
4535,11.0,0.0,0.0,2017-07-16 23:35:00,12.0,294.0,0.0,0.0,1026.3,0.0,-17.3,IDRSING3
4536,10.5,0.0,0.0,2017-07-16 23:40:00,12.0,294.0,0.0,0.0,1026.3,0.0,-17.7,IDRSING3
4537,10.3,0.0,0.0,2017-07-16 23:45:00,12.0,294.0,0.0,0.0,1026.3,0.0,-17.9,IDRSING3
4538,10.1,0.0,0.0,2017-07-16 23:50:00,11.0,294.0,0.0,0.0,1026.3,0.0,-19.1,IDRSING3
4539,10.1,0.0,0.0,2017-07-16 23:55:00,11.0,294.0,0.0,0.0,1026.3,0.0,-19.1,IDRSING3
4540,9.9,0.0,0.0,2017-07-17 00:00:00,11.0,294.0,0.0,0.0,1026.6,0.0,-19.2,IDRSING3
4541,9.8,0.0,0.0,2017-07-17 00:03:00,11.0,294.0,0.0,0.0,1026.3,0.0,-19.3,IDRSING3
4542,9.7,0.0,0.0,2017-07-17 00:08:00,10.0,294.0,0.0,0.0,1026.3,0.0,-20.5,IDRSING3
4543,9.7,0.0,0.0,2017-07-17 00:13:00,10.0,294.0,0.0,0.0,1026.3,0.0,-20.5,IDRSING3
4544,9.9,0.0,0.0,2017-07-17 00:18:00,10.0,294.0,0.0,0.0,1026.3,0.0,-20.3,IDRSING3
4545,10.2,0.0,0.0,2017-07-17 00:23:00,10.0,294.0,0.0,0.0,1026.3,0.0,-20.1,IDRSING3
4546,10.1,0.0,0.0,2017-07-17 00:28:00,10.0,294.0,0.0,0.0,1026.3,0.0,-20.2,IDRSING3
4547,10.5,0.0,0.0,2017-07-17 00:33:00,10.0,294.0,0.0,0.0,1026.3,0.0,-19.9,IDRSING3
4548,10.2,0.0,0.0,2017-07-17 00:39:00,10.0,294.0,0.0,0.0,1026.3,0.0,-20.1,IDRSING3
4549,9.9,0.0,0.0,2017-07-17 00:44:00,10.0,294.0,0.0,0.0,1026.3,0.0,-20.3,IDRSING3
4550,9.8,0.0,0.0,2017-07-17 00:49:00,10.0,294.0,0.0,0.0,1026.3,0.0,-20.4,IDRSING3
4551,9.7,0.0,0.0,2017-07-17 00:54:00,10.0,294.0,0.0,0.0,1026.0,0.0,-20.5,IDRSING3
4552,9.5,0.0,0.0,2017-07-17 00:59:00,10.0,294.0,0.0,0.0,1026.3,0.0,-20.6,IDRSING3
4553,9.7,0.0,0.0,2017-07-17 01:04:00,10.0,294.0,0.0,0.0,1026.0,0.0,-20.5,IDRSING3
4554,10.1,0.0,0.0,2017-07-17 01:09:00,10.0,294.0,0.0,0.0,1026.3,0.0,-20.2,IDRSING3
4555,10.0,0.0,0.0,2017-07-17 01:15:00,10.0,294.0,0.0,0.0,1026.0,0.0,-20.2,IDRSING3
4556,9.7,0.0,0.0,2017-07-17 01:20:00,10.0,294.0,0.0,0.0,1026.0,0.0,-20.5,IDRSING3
4557,9.4,0.0,0.0,2017-07-17 01:25:00,10.0,294.0,0.0,0.0,1026.0,0.0,-20.7,IDRSING3
4558,9.2,0.0,0.0,2017-07-17 01:31:00,10.0,294.0,0.0,0.0,1026.0,0.0,-20.9,IDRSING3
4559,9.3,0.0,0.0,2017-07-17 01:36:00,10.0,294.0,0.0,0.0,1026.0,0.0,-20.8,IDRSING3
4560,9.4,0.0,0.0,2017-07-17 01:41:00,10.0,294.0,0.0,0.0,1026.0,0.0,-20.7,IDRSING3
4561,9.4,0.0,0.0,2017-07-17 01:47:00,10.0,294.0,0.0,0.0,1026.0,0.0,-20.7,IDRSING3
4562,9.5,0.0,0.0,2017-07-17 01:52:00,10.0,294.0,0.0,0.0,1026.0,0.0,-20.6,IDRSING3
4563,9.4,0.0,0.0,2017-07-17 01:57:00,10.0,294.0,0.0,0.0,1026.0,0.0,-20.7,IDRSING3
4564,9.5,0.0,0.0,2017-07-17 02:03:00,10.0,294.0,0.0,0.0,1026.0,0.0,-20.6,IDRSING3
4565,9.9,0.0,0.0,2017-07-17 02:08:00,10.0,294.0,0.0,0.0,1026.0,0.0,-20.3,IDRSING3
4566,9.8,0.0,0.0,2017-07-17 02:13:00,10.0,294.0,0.0,0.0,1026.0,0.0,-20.4,IDRSING3
4567,9.5,0.0,0.0,2017-07-17 02:19:00,10.0,294.0,0.0,0.0,1026.0,0.0,-20.6,IDRSING3
4568,9.5,0.0,0.0,2017-07-17 02:24:00,10.0,294.0,0.0,0.0,1026.0,0.0,-20.6,IDRSING3
4569,9.5,0.0,0.0,2017-07-17 02:29:00,99.0,294.0,0.0,0.0,1026.0,0.0,9.3,IDRSING3
4570,9.5,0.0,0.0,2017-07-17 02:35:00,99.0,294.0,0.0,0.0,1026.0,0.0,9.3,IDRSING3
4571,9.6,0.0,0.0,2017-07-17 02:40:00,99.0,294.0,0.0,0.0,1026.0,0.0,9.4,IDRSING3
4572,9.6,0.0,0.0,2017-07-17 02:45:00,99.0,294.0,0.0,0.0,1026.0,0.0,9.4,IDRSING3
4573,9.7,0.0,0.0,2017-07-17 02:51:00,99.0,294.0,0.0,0.0,1025.6,0.0,9.5,IDRSING3
4574,9.8,0.0,0.0,2017-07-17 02:56:00,99.0,294.0,0.0,0.0,1026.0,0.0,9.6,IDRSING3
4575,9.8,0.0,0.0,2017-07-17 03:01:00,99.0,294.0,0.0,0.0,1026.0,0.0,9.6,IDRSING3
4576,9.8,0.0,0.0,2017-07-17 03:06:00,99.0,294.0,0.0,0.0,1026.0,0.85,9.6,IDRSING3
4577,9.6,0.0,0.0,2017-07-17 03:11:00,99.0,294.0,1.1,1.8,1026.0,2.08,9.4,IDRSING3
4578,9.2,0.0,0.0,2017-07-17 03:16:00,99.0,294.0,0.0,0.0,1026.0,3.43,9.0,IDRSING3
4579,9.5,0.0,0.0,2017-07-17 03:21:00,99.0,294.0,0.0,0.0,1026.3,4.77,9.3,IDRSING3
4580,9.4,0.0,0.0,2017-07-17 03:27:00,99.0,294.0,0.0,0.0,1026.0,6.85,9.2,IDRSING3
4581,9.3,0.0,0.0,2017-07-17 03:32:00,99.0,294.0,0.0,0.0,1026.0,8.19,9.1,IDRSING3
4582,9.0,0.0,0.0,2017-07-17 03:37:00,99.0,294.0,0.0,0.0,1026.0,10.77,8.8,IDRSING3
4583,9.0,0.0,0.0,2017-07-17 03:38:00,99.0,294.0,0.0,0.0,1026.0,10.39,8.8,IDRSING3
4584,9.1,0.0,0.0,2017-07-17 03:43:00,99.0,294.0,0.0,0.0,1026.0,13.33,8.9,IDRSING3
4585,9.1,0.0,0.0,2017-07-17 03:48:00,99.0,294.0,0.0,0.0,1026.0,16.88,8.9,IDRSING3
4586,9.3,0.0,0.0,2017-07-17 03:53:00,99.0,294.0,0.0,0.0,1026.0,17.73,9.1,IDRSING3
4587,9.8,0.0,0.0,2017-07-17 03:59:00,99.0,294.0,0.0,0.0,1026.0,19.94,9.6,IDRSING3
4588,9.9,0.0,0.0,2017-07-17 04:04:00,99.0,294.0,0.0,0.0,1026.0,22.51,9.7,IDRSING3
4589,9.8,0.0,0.0,2017-07-17 04:09:00,99.0,294.0,0.0,0.0,1026.0,25.07,9.6,IDRSING3
4590,9.8,0.0,0.0,2017-07-17 04:15:00,99.0,294.0,0.0,0.0,1026.3,29.48,9.6,IDRSING3
4591,10.0,0.0,0.0,2017-07-17 04:20:00,99.0,294.0,0.0,0.0,1026.3,35.48,9.8,IDRSING3
4592,10.0,0.0,0.0,2017-07-17 04:24:00,99.0,294.0,0.0,0.0,1026.3,39.39,9.8,IDRSING3
4593,10.3,0.0,0.0,2017-07-17 04:29:00,99.0,293.0,0.0,0.0,1026.0,35.11,10.1,IDRSING3
4594,10.6,0.0,0.0,2017-07-17 04:35:00,99.0,293.0,0.3,1.8,1026.3,38.17,10.4,IDRSING3
4595,10.9,0.0,0.0,2017-07-17 04:40:00,99.0,294.0,0.0,0.0,1026.0,40.24,10.7,IDRSING3
4596,11.2,0.0,0.0,2017-07-17 04:45:00,99.0,294.0,0.0,0.0,1026.0,39.02,11.0,IDRSING3
4597,11.4,0.0,0.0,2017-07-17 04:51:00,99.0,294.0,0.0,0.0,1026.0,40.73,11.2,IDRSING3
4598,11.7,0.0,0.0,2017-07-17 04:56:00,99.0,293.0,0.0,0.0,1026.3,54.56,11.5,IDRSING3
4599,12.0,0.0,0.0,2017-07-17 05:01:00,99.0,293.0,0.0,0.0,1026.0,74.99,11.8,IDRSING3
4600,12.4,0.0,0.0,2017-07-17 05:07:00,99.0,294.0,0.0,0.0,1026.0,81.1,12.2,IDRSING3
4601,12.8,0.0,0.0,2017-07-17 05:12:00,10.0,295.0,1.1,1.8,1026.0,83.68,-18.1,IDRSING3
4602,13.3,0.0,0.0,2017-07-17 05:17:00,10.0,294.0,0.0,0.0,1026.3,90.16,-17.7,IDRSING3
4603,14.1,0.0,0.0,2017-07-17 05:23:00,10.0,296.0,0.0,0.0,1026.0,96.27,-17.1,IDRSING3
4604,14.8,0.0,0.0,2017-07-17 05:28:00,10.0,296.0,0.0,0.0,1026.0,64.1,-16.5,IDRSING3
4605,15.3,0.0,0.0,2017-07-17 05:33:00,10.0,297.0,0.0,0.0,1026.3,86.24,-16.1,IDRSING3
4606,15.6,0.0,0.0,2017-07-17 05:39:00,99.0,109.0,2.1,3.5,1026.6,70.22,15.4,IDRSING3
4607,15.9,0.0,0.0,2017-07-17 05:44:00,99.0,110.0,0.0,0.0,1026.3,124.41,15.7,IDRSING3
4608,16.3,0.0,0.0,2017-07-17 05:49:00,99.0,110.0,0.0,0.0,1026.3,60.68,16.1,IDRSING3
4609,16.9,0.0,0.0,2017-07-17 05:55:00,99.0,109.0,0.3,1.8,1026.3,133.95,16.7,IDRSING3
4610,17.2,0.0,0.0,2017-07-17 06:00:00,99.0,130.0,0.0,0.0,1026.3,107.04,17.0,IDRSING3
4611,17.9,0.0,0.0,2017-07-17 06:05:00,97.0,115.0,0.0,0.0,1026.6,176.9,17.5,IDRSING3
4612,18.6,0.0,0.0,2017-07-17 06:11:00,90.0,115.0,0.0,0.0,1026.6,253.24,16.9,IDRSING3
4613,18.8,0.0,0.0,2017-07-17 06:16:00,86.0,157.0,0.0,0.0,1026.3,364.32,16.4,IDRSING3
4614,19.4,0.0,0.0,2017-07-17 06:21:00,82.0,157.0,0.0,0.0,1026.3,419.0,16.2,IDRSING3
4615,19.7,0.0,0.0,2017-07-17 06:27:00,82.0,120.0,0.3,1.8,1026.6,414.72,16.5,IDRSING3
4616,19.9,0.0,0.0,2017-07-17 06:32:00,78.0,184.0,0.0,0.0,1026.6,435.88,16.0,IDRSING3
4617,20.4,0.0,0.0,2017-07-17 06:37:00,77.0,177.0,0.0,0.0,1026.3,453.74,16.2,IDRSING3
4618,20.8,0.0,0.0,2017-07-17 06:42:00,75.0,108.0,1.1,1.8,1026.6,472.34,16.2,IDRSING3
4619,21.0,0.0,0.0,2017-07-17 06:47:00,72.0,108.0,0.0,0.0,1026.6,492.77,15.8,IDRSING3
4620,21.3,0.0,0.0,2017-07-17 06:52:00,71.0,214.0,0.6,1.8,1026.3,542.19,15.8,IDRSING3
4621,21.0,0.0,0.0,2017-07-17 06:57:00,71.0,194.0,1.4,3.5,1026.3,583.42,15.6,IDRSING3
4622,21.6,0.0,0.0,2017-07-17 07:02:00,68.0,202.0,1.1,1.8,1026.3,595.53,15.4,IDRSING3
4623,21.4,0.0,0.0,2017-07-17 07:07:00,70.0,82.0,0.0,0.0,1026.6,602.99,15.7,IDRSING3
4624,22.3,0.0,0.0,2017-07-17 07:12:00,66.0,83.0,0.0,0.0,1026.3,632.48,15.7,IDRSING3
4625,22.7,0.0,0.0,2017-07-17 07:17:00,64.0,176.0,1.8,3.5,1026.3,651.07,15.6,IDRSING3
4626,22.6,0.0,0.0,2017-07-17 07:23:00,62.0,195.0,0.6,1.8,1026.3,648.01,15.0,IDRSING3
4627,22.7,0.0,0.0,2017-07-17 07:28:00,63.0,165.0,1.4,1.8,1026.3,665.38,15.3,IDRSING3
4628,22.9,0.0,0.0,2017-07-17 07:33:00,60.0,217.0,1.8,1.8,1026.3,690.96,14.8,IDRSING3
4629,23.3,0.0,0.0,2017-07-17 07:38:00,61.0,210.0,2.9,3.5,1026.0,711.87,15.4,IDRSING3
4630,22.6,0.0,0.0,2017-07-17 07:43:00,63.0,178.0,0.6,1.8,1026.3,733.04,15.2,IDRSING3
4631,23.1,0.0,0.0,2017-07-17 07:48:00,62.0,213.0,0.3,1.8,1026.3,655.84,15.4,IDRSING3
4632,23.5,0.0,0.0,2017-07-17 07:53:00,58.0,127.0,0.0,0.0,1026.3,750.41,14.8,IDRSING3
4633,24.1,0.0,0.0,2017-07-17 07:58:00,57.0,212.0,6.1,7.2,1026.0,760.44,15.1,IDRSING3
4634,23.7,0.0,0.0,2017-07-17 08:03:00,58.0,153.0,1.4,3.5,1026.0,772.19,15.0,IDRSING3
4635,23.4,0.0,0.0,2017-07-17 08:08:00,57.0,211.0,10.5,13.0,1026.0,783.8,14.4,IDRSING3
4636,24.0,0.0,0.0,2017-07-17 08:13:00,58.0,279.0,1.4,3.5,1026.3,805.95,15.2,IDRSING3
4637,24.9,0.0,0.0,2017-07-17 08:18:00,57.0,159.0,0.0,0.0,1026.0,805.95,15.8,IDRSING3
4638,25.5,0.0,0.0,2017-07-17 08:23:00,53.0,193.0,1.1,1.8,1026.0,818.06,15.2,IDRSING3
4639,25.4,0.0,0.0,2017-07-17 08:28:00,52.0,166.0,0.3,1.8,1026.0,834.21,14.9,IDRSING3
4640,25.8,0.0,0.0,2017-07-17 08:33:00,52.0,105.0,4.3,5.5,1026.0,829.44,15.2,IDRSING3
4641,25.5,0.0,0.0,2017-07-17 08:39:00,52.0,171.0,1.8,3.5,1026.0,832.38,15.0,IDRSING3
4642,25.8,0.0,0.0,2017-07-17 08:44:00,49.0,211.0,0.0,0.0,1026.0,838.49,14.3,IDRSING3
4643,25.8,0.0,0.0,2017-07-17 08:49:00,50.0,252.0,5.8,7.2,1025.6,839.34,14.6,IDRSING3
4644,25.5,0.0,0.0,2017-07-17 08:55:00,50.0,228.0,1.1,1.8,1025.6,802.89,14.3,IDRSING3
4645,26.3,0.0,0.0,2017-07-17 09:00:00,47.0,220.0,2.1,3.5,1025.6,807.29,14.1,IDRSING3
4646,25.3,0.0,0.0,2017-07-17 09:05:00,48.0,222.0,1.1,1.8,1025.6,834.21,13.5,IDRSING3
4647,25.1,0.0,0.0,2017-07-17 09:10:00,49.0,271.0,4.7,5.5,1025.6,838.12,13.7,IDRSING3
4648,25.4,0.0,0.0,2017-07-17 09:15:00,45.0,226.0,10.5,13.0,1025.6,815.12,12.6,IDRSING3
4649,25.7,0.0,0.0,2017-07-17 09:20:00,47.0,179.0,0.0,0.0,1025.6,791.63,13.6,IDRSING3
4650,26.4,0.0,0.0,2017-07-17 09:25:00,44.0,204.0,0.0,0.0,1025.6,770.35,13.2,IDRSING3
4651,26.6,0.0,0.0,2017-07-17 09:30:00,43.0,222.0,6.1,7.2,1025.6,788.21,13.0,IDRSING3
4652,26.6,0.0,0.0,2017-07-17 09:32:00,43.0,225.0,7.6,9.3,1025.6,796.04,13.0,IDRSING3
4653,26.4,0.0,0.0,2017-07-17 09:37:00,43.0,233.0,3.5,5.5,1025.6,779.89,12.8,IDRSING3
4654,26.5,0.0,0.0,2017-07-17 09:43:00,42.0,246.0,3.5,7.2,1025.3,746.12,12.6,IDRSING3
4655,26.3,0.0,0.0,2017-07-17 09:48:00,40.0,255.0,11.1,14.8,1025.3,768.63,11.7,IDRSING3
4656,26.7,0.0,0.0,2017-07-17 09:53:00,41.0,225.0,10.1,13.0,1025.3,802.04,12.4,IDRSING3
4657,26.3,0.0,0.0,2017-07-17 09:58:00,44.0,206.0,0.3,1.8,1024.9,809.87,13.1,IDRSING3
4658,26.7,0.0,0.0,2017-07-17 10:03:00,40.0,266.0,5.0,5.5,1025.3,823.32,12.0,IDRSING3
4659,26.9,0.0,0.0,2017-07-17 10:08:00,41.0,235.0,10.5,13.0,1024.9,846.32,12.6,IDRSING3
4660,26.8,0.0,0.0,2017-07-17 10:13:00,39.0,246.0,8.7,11.1,1024.9,829.44,11.7,IDRSING3
4661,26.8,0.0,0.0,2017-07-17 10:19:00,40.0,253.0,2.6,3.5,1025.3,821.61,12.1,IDRSING3
4662,27.2,0.0,0.0,2017-07-17 10:24:00,40.0,230.0,7.6,9.3,1024.9,840.21,12.5,IDRSING3
4663,27.1,0.0,0.0,2017-07-17 10:29:00,40.0,198.0,2.6,3.5,1024.9,881.43,12.4,IDRSING3
4664,27.4,0.0,0.0,2017-07-17 10:34:00,40.0,246.0,4.7,7.2,1024.9,796.41,12.6,IDRSING3
4665,27.6,0.0,0.0,2017-07-17 10:36:00,38.0,275.0,9.3,11.1,1024.9,229.01,12.0,IDRSING3
4666,26.8,0.0,0.0,2017-07-17 10:41:00,40.0,244.0,4.7,5.5,1024.9,794.7,12.1,IDRSING3
4667,26.1,0.0,0.0,2017-07-17 10:46:00,41.0,198.0,1.4,1.8,1024.9,614.62,11.9,IDRSING3
4668,27.0,0.0,0.0,2017-07-17 10:51:00,39.0,315.0,4.3,5.5,1024.9,351.35,11.9,IDRSING3
4669,26.8,0.0,0.0,2017-07-17 10:56:00,40.0,222.0,2.1,3.5,1024.6,1023.71,12.1,IDRSING3
4670,27.8,0.0,0.0,2017-07-17 11:01:00,38.0,238.0,7.6,9.3,1024.6,591.62,12.2,IDRSING3
4671,27.6,0.0,0.0,2017-07-17 11:07:00,38.0,194.0,5.8,7.2,1024.6,484.45,12.0,IDRSING3
4672,27.5,0.0,0.0,2017-07-17 11:12:00,40.0,206.0,0.0,0.0,1024.6,449.83,12.7,IDRSING3
4673,27.5,0.0,0.0,2017-07-17 11:15:00,38.0,237.0,9.0,11.1,1024.6,584.28,12.0,IDRSING3
4674,27.7,0.0,0.0,2017-07-17 11:20:00,39.0,270.0,7.9,9.3,1024.9,652.79,12.5,IDRSING3
4675,27.5,0.0,0.0,2017-07-17 11:25:00,39.0,319.0,6.9,7.2,1024.6,637.25,12.4,IDRSING3
4676,27.4,0.0,0.0,2017-07-17 11:30:00,39.0,239.0,10.5,14.8,1024.6,619.87,12.3,IDRSING3
4677,27.2,0.0,0.0,2017-07-17 11:35:00,40.0,311.0,8.7,11.1,1024.6,527.02,12.5,IDRSING3
4678,27.4,0.0,0.0,2017-07-17 11:40:00,38.0,302.0,8.7,9.3,1024.6,429.03,11.9,IDRSING3
4679,27.9,0.0,0.0,2017-07-17 11:45:00,38.0,210.0,7.9,13.0,1024.6,917.03,12.3,IDRSING3
4680,28.3,0.0,0.0,2017-07-17 11:50:00,37.0,284.0,13.0,14.8,1024.3,1013.31,12.3,IDRSING3
4681,28.1,0.0,0.0,2017-07-17 11:55:00,37.0,222.0,7.9,11.1,1024.6,888.41,12.1,IDRSING3
4682,28.7,0.0,0.0,2017-07-17 12:00:00,38.0,322.0,14.8,16.6,1024.3,847.66,13.0,IDRSING3
4683,28.5,0.0,0.0,2017-07-17 12:05:00,38.0,305.0,12.2,14.8,1024.6,811.58,12.8,IDRSING3
4684,28.1,0.0,0.0,2017-07-17 12:11:00,39.0,317.0,11.1,13.0,1024.3,897.09,12.9,IDRSING3
4685,28.1,0.0,0.0,2017-07-17 12:16:00,38.0,278.0,12.6,16.6,1024.6,764.72,12.5,IDRSING3
4686,27.8,0.0,0.0,2017-07-17 12:22:00,39.0,268.0,3.5,7.2,1024.3,418.51,12.6,IDRSING3
4687,27.6,0.0,0.0,2017-07-17 12:27:00,39.0,270.0,9.0,11.1,1024.6,592.11,12.4,IDRSING3
4688,27.9,0.0,0.0,2017-07-17 12:32:00,39.0,314.0,10.5,11.1,1024.3,601.16,12.7,IDRSING3
4689,27.4,0.0,0.0,2017-07-17 12:37:00,40.0,281.0,13.0,14.8,1024.3,410.32,12.6,IDRSING3
4690,27.3,0.0,0.0,2017-07-17 12:42:00,39.0,303.0,7.9,9.3,1024.3,507.08,12.2,IDRSING3
4691,26.9,0.0,0.0,2017-07-17 12:47:00,40.0,334.0,8.2,11.1,1024.3,348.78,12.2,IDRSING3
4692,27.0,0.0,0.0,2017-07-17 12:52:00,40.0,233.0,6.1,9.3,1024.3,850.6,12.3,IDRSING3
4693,27.9,0.0,0.0,2017-07-17 12:57:00,39.0,271.0,6.4,7.2,1024.3,798.12,12.7,IDRSING3
4694,27.9,0.0,0.0,2017-07-17 13:03:00,39.0,336.0,6.1,7.2,1024.3,532.28,12.7,IDRSING3
4695,27.8,0.0,0.0,2017-07-17 13:08:00,38.0,278.0,9.7,13.0,1024.3,764.36,12.2,IDRSING3
4696,28.1,0.0,0.0,2017-07-17 13:13:00,41.0,302.0,0.0,0.0,1024.3,796.9,13.7,IDRSING3
4697,28.8,0.0,0.0,2017-07-17 13:18:00,38.0,253.0,7.6,9.3,1024.3,772.19,13.1,IDRSING3
4698,28.8,0.0,0.0,2017-07-17 13:23:00,36.0,244.0,5.5,7.2,1024.3,718.72,12.3,IDRSING3
4699,28.7,0.0,0.0,2017-07-17 13:28:00,38.0,243.0,6.1,9.3,1024.3,768.27,13.0,IDRSING3
4700,28.5,0.0,0.0,2017-07-17 13:33:00,39.0,239.0,2.9,3.5,1023.9,254.21,13.2,IDRSING3
4701,28.0,0.0,0.0,2017-07-17 13:39:00,40.0,218.0,2.9,3.5,1023.9,594.67,13.2,IDRSING3
4702,28.2,0.0,0.0,2017-07-17 13:44:00,39.0,280.0,5.5,5.5,1024.3,257.64,13.0,IDRSING3
4703,28.4,0.0,0.0,2017-07-17 13:49:00,38.0,276.0,7.6,11.1,1023.9,791.27,12.8,IDRSING3
4704,28.8,0.0,0.0,2017-07-17 13:54:00,38.0,282.0,12.6,16.6,1024.3,379.49,13.1,IDRSING3
4705,28.5,0.0,0.0,2017-07-17 13:59:00,38.0,266.0,6.9,9.3,1024.3,279.29,12.8,IDRSING3
4706,28.1,0.0,0.0,2017-07-17 14:04:00,38.0,265.0,6.9,7.2,1023.9,311.47,12.5,IDRSING3
4707,28.3,0.0,0.0,2017-07-17 14:09:00,40.0,317.0,0.0,0.0,1023.9,342.17,13.4,IDRSING3
4708,28.8,0.0,0.0,2017-07-17 14:15:00,37.0,263.0,4.7,5.5,1023.9,349.15,12.7,IDRSING3
4709,28.3,0.0,0.0,2017-07-17 14:20:00,38.0,345.0,6.1,7.2,1023.9,625.01,12.7,IDRSING3
4710,29.1,0.0,0.0,2017-07-17 14:25:00,38.0,337.0,0.0,0.0,1023.9,315.75,13.4,IDRSING3
4711,29.9,0.0,0.0,2017-07-17 14:31:00,37.0,339.0,0.0,0.0,1023.6,577.79,13.7,IDRSING3
4712,30.1,0.0,0.0,2017-07-17 14:36:00,38.0,41.0,0.0,0.0,1023.6,200.39,14.3,IDRSING3
4713,28.8,0.0,0.0,2017-07-17 14:41:00,37.0,279.0,7.9,9.3,1023.6,527.51,12.7,IDRSING3
4714,28.6,0.0,0.0,2017-07-17 14:47:00,37.0,268.0,2.9,3.5,1023.6,495.34,12.5,IDRSING3
4715,28.9,0.0,0.0,2017-07-17 14:52:00,36.0,244.0,11.6,16.6,1023.6,502.68,12.4,IDRSING3
4716,29.1,0.0,0.0,2017-07-17 14:57:00,36.0,234.0,7.6,9.3,1023.6,442.0,12.5,IDRSING3
4717,28.9,0.0,0.0,2017-07-17 15:03:00,37.0,245.0,2.1,3.5,1023.6,459.74,12.8,IDRSING3
4718,29.0,0.0,0.0,2017-07-17 15:08:00,36.0,219.0,0.6,1.8,1023.6,442.0,12.5,IDRSING3
4719,29.3,0.0,0.0,2017-07-17 15:13:00,38.0,268.0,2.9,3.5,1023.6,425.49,13.6,IDRSING3
4720,29.2,0.0,0.0,2017-07-17 15:19:00,37.0,329.0,6.9,9.3,1023.2,404.2,13.1,IDRSING3
4721,29.2,0.0,0.0,2017-07-17 15:24:00,36.0,300.0,5.8,7.2,1023.6,353.06,12.6,IDRSING3
4722,29.5,0.0,0.0,2017-07-17 15:29:00,36.0,349.0,7.2,9.3,1023.6,368.72,12.9,IDRSING3
4723,29.2,0.0,0.0,2017-07-17 15:35:00,37.0,351.0,3.2,3.5,1023.2,348.29,13.1,IDRSING3
4724,29.1,0.0,0.0,2017-07-17 15:40:00,38.0,249.0,0.3,1.8,1023.2,344.86,13.4,IDRSING3
4725,29.1,0.0,0.0,2017-07-17 15:45:00,36.0,289.0,0.3,1.8,1023.2,334.83,12.5,IDRSING3
4726,29.2,0.0,0.0,2017-07-17 15:51:00,37.0,286.0,6.1,7.2,1023.2,318.32,13.1,IDRSING3
4727,29.0,0.0,0.0,2017-07-17 15:56:00,37.0,313.0,6.1,7.2,1023.6,305.84,12.9,IDRSING3
4728,28.3,0.0,0.0,2017-07-17 16:02:00,39.0,324.0,1.8,5.5,1023.2,271.1,13.1,IDRSING3
4729,28.6,0.0,0.0,2017-07-17 16:07:00,37.0,290.0,0.0,0.0,1023.2,276.24,12.5,IDRSING3
4730,29.7,0.0,0.0,2017-07-17 16:12:00,37.0,289.0,0.0,0.0,1023.2,260.69,13.5,IDRSING3
4731,30.1,0.0,0.0,2017-07-17 16:17:00,36.0,289.0,0.3,1.8,1023.2,240.27,13.4,IDRSING3
4732,29.5,0.0,0.0,2017-07-17 16:22:00,36.0,289.0,0.3,1.8,1023.2,227.66,12.9,IDRSING3
4733,30.2,0.0,0.0,2017-07-17 16:27:00,37.0,289.0,0.0,0.0,1023.2,215.07,13.9,IDRSING3
4734,30.3,0.0,0.0,2017-07-17 16:32:00,36.0,288.0,0.3,1.8,1023.2,195.98,13.6,IDRSING3
4735,29.0,0.0,0.0,2017-07-17 16:38:00,38.0,231.0,1.8,1.8,1023.2,78.05,13.3,IDRSING3
4736,28.2,0.0,0.0,2017-07-17 16:43:00,38.0,241.0,2.9,3.5,1022.9,158.67,12.6,IDRSING3
4737,28.3,0.0,0.0,2017-07-17 16:48:00,39.0,257.0,3.5,3.5,1023.2,70.22,13.1,IDRSING3
4738,27.8,0.0,0.0,2017-07-17 16:54:00,39.0,257.0,3.5,3.5,1023.2,62.02,12.6,IDRSING3
4739,27.4,0.0,0.0,2017-07-17 16:59:00,41.0,221.0,0.0,0.0,1023.2,58.48,13.0,IDRSING3
4740,27.2,0.0,0.0,2017-07-17 17:04:00,41.0,221.0,0.0,0.0,1023.2,59.33,12.8,IDRSING3
4741,27.0,0.0,0.0,2017-07-17 17:09:00,41.0,221.0,0.0,0.0,1023.2,61.17,12.7,IDRSING3
4742,26.9,0.0,0.0,2017-07-17 17:14:00,44.0,221.0,0.0,0.0,1023.2,62.39,13.7,IDRSING3
4743,26.8,0.0,0.0,2017-07-17 17:19:00,43.0,221.0,0.0,0.0,1023.2,88.45,13.2,IDRSING3
4744,27.1,0.0,0.0,2017-07-17 17:24:00,44.0,202.0,2.1,3.5,1023.2,81.48,13.8,IDRSING3
4745,27.0,0.0,0.0,2017-07-17 17:30:00,47.0,202.0,0.0,0.0,1023.2,63.24,14.7,IDRSING3
4746,26.6,0.0,0.0,2017-07-17 17:35:00,48.0,201.0,0.0,0.0,1023.2,48.56,14.7,IDRSING3
4747,26.2,0.0,0.0,2017-07-17 17:40:00,54.0,201.0,0.0,0.0,1023.2,35.97,16.2,IDRSING3
4748,25.7,0.0,0.0,2017-07-17 17:46:00,55.0,201.0,0.0,0.0,1023.2,27.65,16.0,IDRSING3
4749,25.3,0.0,0.0,2017-07-17 17:51:00,57.0,201.0,0.0,0.0,1023.2,19.45,16.2,IDRSING3
4750,24.7,0.0,0.0,2017-07-17 17:56:00,60.0,201.0,0.0,0.0,1023.2,17.73,16.4,IDRSING3
4751,24.1,0.0,0.0,2017-07-17 18:02:00,58.0,201.0,0.0,0.0,1023.2,16.88,15.3,IDRSING3
4752,24.2,0.0,0.0,2017-07-17 18:07:00,58.0,201.0,0.0,0.0,1023.2,15.17,15.4,IDRSING3
4753,24.1,0.0,0.0,2017-07-17 18:12:00,60.0,200.0,0.0,0.0,1023.2,12.11,15.9,IDRSING3
4754,23.8,0.0,0.0,2017-07-17 18:18:00,60.0,200.0,0.0,0.0,1023.2,9.54,15.6,IDRSING3
4755,23.4,0.0,0.0,2017-07-17 18:23:00,64.0,200.0,0.0,0.0,1023.2,8.19,16.2,IDRSING3
4756,23.1,0.0,0.0,2017-07-17 18:28:00,66.0,200.0,0.0,0.0,1023.2,7.34,16.4,IDRSING3
4757,22.6,0.0,0.0,2017-07-17 18:34:00,68.0,200.0,0.0,0.0,1023.2,5.14,16.4,IDRSING3
4758,22.2,0.0,0.0,2017-07-17 18:39:00,71.0,200.0,0.0,0.0,1023.6,2.94,16.7,IDRSING3
4759,21.8,0.0,0.0,2017-07-17 18:44:00,72.0,200.0,0.0,0.0,1023.6,1.71,16.5,IDRSING3
4760,21.4,0.0,0.0,2017-07-17 18:50:00,74.0,200.0,0.0,0.0,1023.6,0.0,16.6,IDRSING3
4761,21.2,0.0,0.0,2017-07-17 18:55:00,75.0,200.0,0.0,0.0,1023.6,0.0,16.6,IDRSING3
4762,21.1,0.0,0.0,2017-07-17 19:00:00,72.0,200.0,0.0,0.0,1023.6,0.0,15.8,IDRSING3
4763,20.9,0.0,0.0,2017-07-17 19:06:00,75.0,200.0,0.0,0.0,1023.6,0.0,16.3,IDRSING3
4764,20.8,0.0,0.0,2017-07-17 19:11:00,76.0,200.0,0.0,0.0,1023.6,0.0,16.4,IDRSING3
4765,20.6,0.0,0.0,2017-07-17 19:16:00,78.0,200.0,0.0,0.0,1023.6,0.0,16.7,IDRSING3
4766,20.5,0.0,0.0,2017-07-17 19:21:00,79.0,200.0,0.0,0.0,1023.6,0.0,16.8,IDRSING3
4767,20.2,0.0,0.0,2017-07-17 19:26:00,79.0,200.0,0.0,0.0,1023.9,0.0,16.5,IDRSING3
4768,19.9,0.0,0.0,2017-07-17 19:31:00,84.0,200.0,0.0,0.0,1023.9,0.0,17.1,IDRSING3
4769,19.6,0.0,0.0,2017-07-17 19:36:00,88.0,200.0,0.0,0.0,1023.9,0.0,17.5,IDRSING3
4770,19.4,0.0,0.0,2017-07-17 19:41:00,94.0,200.0,0.0,0.0,1023.9,0.0,18.3,IDRSING3
4771,19.1,0.0,0.0,2017-07-17 19:47:00,99.0,200.0,0.0,0.0,1023.9,0.0,18.9,IDRSING3
4772,18.9,0.0,0.0,2017-07-17 19:52:00,99.0,200.0,0.0,0.0,1024.3,0.0,18.7,IDRSING3
4773,19.0,0.0,0.0,2017-07-17 19:57:00,93.0,174.0,1.1,1.8,1023.9,0.0,17.8,IDRSING3
4774,19.0,0.0,0.0,2017-07-17 20:02:00,95.0,174.0,0.0,0.0,1023.9,0.0,18.2,IDRSING3
4775,19.2,0.0,0.0,2017-07-17 20:07:00,94.0,167.0,1.8,1.8,1023.9,0.0,18.1,IDRSING3
4776,19.0,0.0,0.0,2017-07-17 20:12:00,99.0,167.0,0.0,0.0,1023.9,0.0,18.8,IDRSING3
4777,18.8,0.0,0.0,2017-07-17 20:18:00,99.0,167.0,0.0,0.0,1023.9,0.0,18.6,IDRSING3
4778,18.7,0.0,0.0,2017-07-17 20:23:00,99.0,167.0,0.0,0.0,1023.9,0.0,18.5,IDRSING3
4779,18.6,0.0,0.0,2017-07-17 20:28:00,99.0,167.0,0.0,0.0,1023.9,0.0,18.4,IDRSING3
4780,18.5,0.0,0.0,2017-07-17 20:33:00,98.0,167.0,0.0,0.0,1024.3,0.0,18.2,IDRSING3
4781,18.5,0.0,0.0,2017-07-17 20:38:00,99.0,167.0,0.0,0.0,1023.9,0.0,18.3,IDRSING3
4782,18.5,0.0,0.0,2017-07-17 20:43:00,99.0,167.0,0.0,0.0,1023.9,0.0,18.3,IDRSING3
4783,18.5,0.0,0.0,2017-07-17 20:47:00,99.0,167.0,0.0,0.0,1023.9,0.0,18.3,IDRSING3
4784,18.6,0.0,0.0,2017-07-17 20:52:00,99.0,167.0,0.0,0.0,1023.9,0.0,18.4,IDRSING3
4785,18.6,0.0,0.0,2017-07-17 20:58:00,99.0,167.0,0.0,0.0,1023.9,0.0,18.4,IDRSING3
4786,19.1,0.0,0.0,2017-07-17 21:03:00,90.0,276.0,4.0,5.5,1024.3,0.0,17.4,IDRSING3
4787,20.7,0.0,0.0,2017-07-17 21:08:00,71.0,295.0,4.0,5.5,1024.3,0.0,15.3,IDRSING3
4788,22.2,0.0,0.0,2017-07-17 21:13:00,62.0,216.0,1.1,1.8,1024.3,0.0,14.6,IDRSING3
4789,22.3,0.0,0.0,2017-07-17 21:18:00,68.0,216.0,1.8,1.8,1024.3,0.0,16.1,IDRSING3
4790,21.5,0.0,0.0,2017-07-17 21:23:00,69.0,216.0,2.9,3.5,1024.3,0.0,15.6,IDRSING3
4791,21.4,0.0,0.0,2017-07-17 21:28:00,72.0,253.0,0.0,0.0,1024.3,0.0,16.1,IDRSING3
4792,21.4,0.0,0.0,2017-07-17 21:33:00,69.0,254.0,1.1,1.8,1024.3,0.0,15.5,IDRSING3
4793,21.7,0.0,0.0,2017-07-17 21:38:00,69.0,254.0,0.0,0.0,1024.3,0.0,15.8,IDRSING3
4794,21.3,0.0,0.0,2017-07-17 21:43:00,75.0,254.0,0.0,0.0,1024.3,0.0,16.7,IDRSING3
4795,20.5,0.0,0.0,2017-07-17 21:48:00,84.0,254.0,0.0,0.0,1024.3,0.0,17.7,IDRSING3
4796,19.9,0.0,0.0,2017-07-17 21:54:00,89.0,253.0,2.6,3.5,1024.3,0.0,18.0,IDRSING3
4797,19.6,0.0,0.0,2017-07-17 21:59:00,88.0,252.0,0.0,0.0,1024.3,0.0,17.5,IDRSING3
4798,19.6,0.0,0.0,2017-07-17 22:04:00,91.0,252.0,0.0,0.0,1024.3,0.0,18.1,IDRSING3
4799,19.4,0.0,0.0,2017-07-17 22:09:00,87.0,252.0,0.0,0.0,1024.3,0.0,17.2,IDRSING3
4800,19.5,0.0,0.0,2017-07-17 22:15:00,89.0,279.0,4.0,5.5,1024.3,0.0,17.6,IDRSING3
4801,20.5,0.0,0.0,2017-07-17 22:20:00,77.0,253.0,0.0,0.0,1024.3,0.0,16.3,IDRSING3
4802,21.0,0.0,0.0,2017-07-17 22:25:00,75.0,328.0,0.0,0.0,1024.3,0.0,16.4,IDRSING3
4803,21.0,0.0,0.0,2017-07-17 22:31:00,76.0,329.0,0.0,0.0,1024.3,0.0,16.6,IDRSING3
4804,20.8,0.0,0.0,2017-07-17 22:36:00,79.0,329.0,1.1,1.8,1024.3,0.0,17.1,IDRSING3
4805,20.2,0.0,0.0,2017-07-17 22:41:00,90.0,112.0,2.1,3.5,1024.3,0.0,18.5,IDRSING3
4806,19.7,0.0,0.0,2017-07-17 22:46:00,89.0,112.0,0.3,1.8,1024.3,0.0,17.8,IDRSING3
4807,19.7,0.0,0.0,2017-07-17 22:51:00,86.0,112.0,0.0,0.0,1024.3,0.0,17.3,IDRSING3
4808,19.7,0.0,0.0,2017-07-17 22:56:00,87.0,112.0,1.4,1.8,1024.3,0.0,17.5,IDRSING3
4809,19.7,0.0,0.0,2017-07-17 23:01:00,87.0,112.0,0.0,0.0,1024.6,0.0,17.5,IDRSING3
4810,19.4,0.0,0.0,2017-07-17 23:06:00,93.0,112.0,1.4,1.8,1024.3,0.0,18.2,IDRSING3
4811,19.4,0.0,0.0,2017-07-17 23:11:00,88.0,112.0,1.8,1.8,1024.3,0.0,17.3,IDRSING3
4812,19.6,0.0,0.0,2017-07-17 23:16:00,87.0,112.0,0.0,0.0,1024.3,0.0,17.4,IDRSING3
4813,19.7,0.0,0.0,2017-07-17 23:21:00,85.0,112.0,0.0,0.0,1024.3,0.0,17.1,IDRSING3
4814,19.8,0.0,0.0,2017-07-17 23:27:00,87.0,113.0,2.9,3.5,1024.3,0.0,17.6,IDRSING3
4815,19.7,0.0,0.0,2017-07-17 23:32:00,88.0,113.0,0.0,0.0,1024.3,0.0,17.6,IDRSING3
4816,19.6,0.0,0.0,2017-07-17 23:37:00,90.0,113.0,0.0,0.0,1024.3,0.0,17.9,IDRSING3
4817,19.5,0.0,0.0,2017-07-17 23:43:00,91.0,113.0,0.0,0.0,1024.3,0.0,18.0,IDRSING3
4818,19.4,0.0,0.0,2017-07-17 23:48:00,99.0,113.0,1.8,1.8,1024.3,0.0,19.2,IDRSING3
4819,19.2,0.0,0.0,2017-07-17 23:53:00,99.0,113.0,0.0,0.0,1024.3,0.0,19.0,IDRSING3
4820,19.0,0.0,0.0,2017-07-17 23:59:00,99.0,113.0,0.0,0.0,1024.3,0.0,18.8,IDRSING3
4821,18.8,0.0,0.0,2017-07-18 00:04:00,99.0,113.0,0.0,0.0,1024.6,0.0,18.6,IDRSING3
4822,18.6,0.0,0.0,2017-07-18 00:09:00,99.0,113.0,0.0,0.0,1024.3,0.0,18.4,IDRSING3
4823,18.6,0.0,0.0,2017-07-18 00:14:00,99.0,112.0,0.3,1.8,1024.6,0.0,18.4,IDRSING3
4824,18.5,0.0,0.0,2017-07-18 00:19:00,99.0,112.0,0.0,0.0,1024.6,0.0,18.3,IDRSING3
4825,18.3,0.0,0.0,2017-07-18 00:24:00,99.0,112.0,0.0,0.0,1024.6,0.0,18.1,IDRSING3
4826,18.3,0.0,0.0,2017-07-18 00:30:00,99.0,112.0,0.0,0.0,1024.6,0.0,18.1,IDRSING3
4827,18.4,0.0,0.0,2017-07-18 00:35:00,99.0,112.0,0.0,0.0,1024.3,0.0,18.2,IDRSING3
4828,18.2,0.0,0.0,2017-07-18 00:40:00,99.0,112.0,0.0,0.0,1024.3,0.0,18.0,IDRSING3
4829,18.1,0.0,0.0,2017-07-18 00:46:00,99.0,112.0,0.0,0.0,1024.6,0.0,17.9,IDRSING3
4830,18.0,0.0,0.0,2017-07-18 00:51:00,99.0,112.0,0.0,0.0,1024.6,0.0,17.8,IDRSING3
4831,17.9,0.0,0.0,2017-07-18 00:56:00,10.0,112.0,0.0,0.0,1024.3,0.0,-14.1,IDRSING3
4832,17.9,0.0,0.0,2017-07-18 01:01:00,99.0,112.0,0.0,0.0,1024.3,0.0,17.7,IDRSING3
4833,17.9,0.0,0.0,2017-07-18 01:06:00,10.0,112.0,0.0,0.0,1024.3,0.0,-14.1,IDRSING3
4834,17.9,0.0,0.0,2017-07-18 01:11:00,10.0,112.0,0.0,0.0,1024.3,0.0,-14.1,IDRSING3
4835,17.8,0.0,0.0,2017-07-18 01:16:00,10.0,112.0,0.0,0.0,1024.3,0.0,-14.2,IDRSING3
4836,17.7,0.0,0.0,2017-07-18 01:22:00,10.0,112.0,0.0,0.0,1024.3,0.0,-14.3,IDRSING3
4837,17.7,0.0,0.0,2017-07-18 01:27:00,10.0,112.0,0.0,0.0,1024.3,0.0,-14.3,IDRSING3
4838,17.8,0.0,0.0,2017-07-18 01:32:00,10.0,112.0,0.0,0.0,1024.3,0.0,-14.2,IDRSING3
4839,17.7,0.0,0.0,2017-07-18 01:37:00,10.0,112.0,0.0,0.0,1024.3,0.0,-14.3,IDRSING3
4840,17.8,0.0,0.0,2017-07-18 01:42:00,10.0,112.0,0.0,0.0,1024.3,0.0,-14.2,IDRSING3
4841,17.8,0.0,0.0,2017-07-18 01:47:00,10.0,112.0,0.0,0.0,1024.3,0.0,-14.2,IDRSING3
4842,17.7,0.0,0.0,2017-07-18 01:52:00,10.0,112.0,0.0,0.0,1024.3,0.0,-14.3,IDRSING3
4843,17.5,0.0,0.0,2017-07-18 01:58:00,10.0,112.0,0.0,0.0,1024.3,0.0,-14.5,IDRSING3
4844,17.4,0.0,0.0,2017-07-18 02:03:00,10.0,112.0,1.4,1.8,1024.3,0.0,-14.5,IDRSING3
4845,17.5,0.0,0.0,2017-07-18 02:08:00,10.0,112.0,0.3,1.8,1024.3,0.0,-14.5,IDRSING3
4846,17.7,0.0,0.0,2017-07-18 02:14:00,10.0,112.0,0.6,1.8,1024.3,0.0,-14.3,IDRSING3
4847,17.9,0.0,0.0,2017-07-18 02:19:00,10.0,112.0,0.0,0.0,1023.9,0.0,-14.1,IDRSING3
4848,17.8,0.0,0.0,2017-07-18 02:24:00,10.0,112.0,0.0,0.0,1024.3,0.0,-14.2,IDRSING3
4849,17.6,0.0,0.0,2017-07-18 02:30:00,10.0,112.0,0.0,0.0,1024.3,0.0,-14.4,IDRSING3
4850,17.4,0.0,0.0,2017-07-18 02:35:00,10.0,112.0,0.0,0.0,1024.3,0.0,-14.5,IDRSING3
4851,17.2,0.0,0.0,2017-07-18 02:40:00,10.0,112.0,0.0,0.0,1023.9,0.0,-14.7,IDRSING3
4852,16.9,0.0,0.0,2017-07-18 02:45:00,10.0,112.0,0.0,0.0,1024.3,0.0,-14.9,IDRSING3
4853,16.8,0.0,0.0,2017-07-18 02:50:00,10.0,113.0,0.0,0.0,1024.3,0.0,-15.0,IDRSING3
4854,16.7,0.0,0.0,2017-07-18 02:55:00,10.0,112.0,0.0,0.0,1024.3,0.0,-15.1,IDRSING3
4855,16.8,0.0,0.0,2017-07-18 03:00:00,10.0,113.0,0.0,0.0,1024.3,0.0,-15.0,IDRSING3
4856,16.8,0.0,0.0,2017-07-18 03:06:00,10.0,113.0,0.0,0.0,1024.3,0.36,-15.0,IDRSING3
4857,16.7,0.0,0.0,2017-07-18 03:11:00,10.0,113.0,0.0,0.0,1024.3,2.08,-15.1,IDRSING3
4858,16.9,0.0,0.0,2017-07-18 03:16:00,10.0,113.0,0.3,1.8,1024.3,4.28,-14.9,IDRSING3
4859,17.2,0.0,0.0,2017-07-18 03:21:00,10.0,112.0,0.0,0.0,1024.6,6.48,-14.7,IDRSING3
4860,17.0,0.0,0.0,2017-07-18 03:26:00,10.0,112.0,0.0,0.0,1024.3,9.05,-14.8,IDRSING3
4861,16.9,0.0,0.0,2017-07-18 03:31:00,10.0,112.0,0.0,0.0,1024.3,11.62,-14.9,IDRSING3
4862,16.9,0.0,0.0,2017-07-18 03:36:00,10.0,112.0,0.0,0.0,1024.6,14.68,-14.9,IDRSING3
4863,16.6,0.0,0.0,2017-07-18 03:42:00,10.0,112.0,0.0,0.0,1024.3,19.45,-15.1,IDRSING3
4864,16.4,0.0,0.0,2017-07-18 03:47:00,10.0,112.0,0.0,0.0,1024.6,22.87,-15.3,IDRSING3
4865,16.3,0.0,0.0,2017-07-18 03:52:00,10.0,112.0,0.3,1.8,1024.6,28.14,-15.4,IDRSING3
4866,16.7,0.0,0.0,2017-07-18 03:57:00,10.0,112.0,0.0,0.0,1024.3,31.19,-15.1,IDRSING3
4867,16.8,0.0,0.0,2017-07-18 04:02:00,10.0,112.0,0.0,0.0,1024.6,33.76,-15.0,IDRSING3
4868,17.0,0.0,0.0,2017-07-18 04:07:00,10.0,112.0,1.4,1.8,1024.6,37.19,-14.8,IDRSING3
4869,17.1,0.0,0.0,2017-07-18 04:12:00,10.0,112.0,1.1,1.8,1024.6,40.73,-14.8,IDRSING3
4870,17.1,0.0,0.0,2017-07-18 04:17:00,10.0,112.0,1.1,1.8,1024.6,45.02,-14.8,IDRSING3
4871,17.1,0.0,0.0,2017-07-18 04:23:00,10.0,111.0,1.8,1.8,1024.6,58.11,-14.8,IDRSING3
4872,17.2,0.0,0.0,2017-07-18 04:28:00,10.0,314.0,4.0,5.5,1024.6,62.39,-14.7,IDRSING3
4873,17.3,0.0,0.0,2017-07-18 04:33:00,10.0,322.0,0.3,1.8,1024.9,70.71,-14.6,IDRSING3
4874,17.5,0.0,0.0,2017-07-18 04:38:00,10.0,329.0,2.1,3.5,1024.9,73.65,-14.5,IDRSING3
4875,17.6,0.0,0.0,2017-07-18 04:43:00,99.0,293.0,3.5,3.5,1024.6,79.76,17.4,IDRSING3
4876,17.6,0.0,0.0,2017-07-18 04:48:00,10.0,283.0,3.5,3.5,1024.9,80.62,-14.4,IDRSING3
4877,17.7,0.0,0.0,2017-07-18 04:54:00,10.0,282.0,1.8,1.8,1024.6,78.05,-14.3,IDRSING3
4878,17.8,0.0,0.0,2017-07-18 04:59:00,99.0,315.0,2.1,3.5,1024.9,83.19,17.6,IDRSING3
4879,17.9,0.0,0.0,2017-07-18 05:04:00,99.0,315.0,1.4,1.8,1024.9,91.02,17.7,IDRSING3
4880,18.0,0.0,0.0,2017-07-18 05:09:00,99.0,326.0,4.0,5.5,1024.6,121.85,17.8,IDRSING3
4881,18.2,0.0,0.0,2017-07-18 05:14:00,99.0,322.0,3.2,3.5,1024.9,172.98,18.0,IDRSING3
4882,18.5,0.0,0.0,2017-07-18 05:19:00,99.0,291.0,2.6,3.5,1024.9,200.75,18.3,IDRSING3
4883,18.7,0.0,0.0,2017-07-18 05:24:00,99.0,335.0,2.1,3.5,1024.9,199.9,18.5,IDRSING3
4884,18.9,0.0,0.0,2017-07-18 05:29:00,99.0,336.0,3.5,3.5,1024.6,109.73,18.7,IDRSING3
4885,19.0,0.0,0.0,2017-07-18 05:35:00,99.0,315.0,4.7,5.5,1024.9,110.1,18.8,IDRSING3
4886,19.2,0.0,0.0,2017-07-18 05:40:00,99.0,325.0,0.6,1.8,1024.6,209.44,19.0,IDRSING3
4887,19.4,0.0,0.0,2017-07-18 05:45:00,99.0,325.0,3.5,5.5,1024.9,235.49,19.2,IDRSING3
4888,20.3,0.0,0.0,2017-07-18 05:50:00,93.0,325.0,0.0,0.0,1024.9,112.67,19.1,IDRSING3
4889,20.6,0.0,0.0,2017-07-18 05:55:00,92.0,325.0,1.4,1.8,1024.9,184.36,19.3,IDRSING3
4890,20.3,0.0,0.0,2017-07-18 06:00:00,92.0,325.0,1.4,1.8,1024.9,121.36,19.0,IDRSING3
4891,20.3,0.0,0.0,2017-07-18 06:05:00,93.0,324.0,2.6,3.5,1024.6,174.81,19.1,IDRSING3
4892,20.3,0.0,0.0,2017-07-18 06:10:00,90.0,328.0,0.3,1.8,1024.6,250.66,18.6,IDRSING3
4893,20.9,0.0,0.0,2017-07-18 06:15:00,91.0,328.0,0.0,0.0,1024.9,328.71,19.4,IDRSING3
4894,21.1,0.0,0.0,2017-07-18 06:20:00,86.0,335.0,2.9,5.5,1024.6,347.43,18.7,IDRSING3
4895,21.3,0.0,0.0,2017-07-18 06:26:00,85.0,340.0,0.3,3.5,1024.6,376.06,18.7,IDRSING3
4896,21.7,0.0,0.0,2017-07-18 06:31:00,80.0,340.0,0.0,0.0,1024.9,419.86,18.1,IDRSING3
4897,22.8,0.0,0.0,2017-07-18 06:36:00,78.0,340.0,0.3,1.8,1024.6,432.94,18.8,IDRSING3
4898,23.8,0.0,0.0,2017-07-18 06:41:00,73.0,340.0,0.0,0.0,1024.6,470.62,18.7,IDRSING3
4899,23.5,0.0,0.0,2017-07-18 06:46:00,77.0,340.0,3.2,3.5,1024.6,498.4,19.2,IDRSING3
4900,23.0,0.0,0.0,2017-07-18 06:51:00,74.0,340.0,3.5,3.5,1024.6,523.6,18.1,IDRSING3
4901,23.6,0.0,0.0,2017-07-18 06:56:00,67.0,152.0,0.0,0.0,1024.6,586.84,17.1,IDRSING3
4902,24.3,0.0,0.0,2017-07-18 07:01:00,67.0,147.0,0.0,0.0,1024.3,585.99,17.8,IDRSING3
4903,25.1,0.0,0.0,2017-07-18 07:06:00,59.0,146.0,0.0,0.0,1024.6,580.85,16.5,IDRSING3
4904,25.8,0.0,0.0,2017-07-18 07:11:00,56.0,130.0,0.0,0.0,1024.6,594.67,16.4,IDRSING3
4905,25.3,0.0,0.0,2017-07-18 07:16:00,61.0,130.0,1.4,1.8,1024.3,616.82,17.3,IDRSING3
4906,24.7,0.0,0.0,2017-07-18 07:22:00,61.0,130.0,0.0,0.0,1024.3,627.21,16.7,IDRSING3
4907,26.3,0.0,0.0,2017-07-18 07:27:00,56.0,119.0,0.6,1.8,1024.6,612.04,16.8,IDRSING3
4908,25.7,0.0,0.0,2017-07-18 07:32:00,58.0,111.0,1.4,1.8,1024.6,613.76,16.8,IDRSING3
4909,25.8,0.0,0.0,2017-07-18 07:37:00,57.0,115.0,5.0,7.2,1024.6,682.39,16.7,IDRSING3
4910,26.4,0.0,0.0,2017-07-18 07:43:00,55.0,141.0,1.4,3.5,1024.6,686.67,16.7,IDRSING3
4911,26.9,0.0,0.0,2017-07-18 07:48:00,57.0,105.0,0.0,0.0,1024.6,680.19,17.7,IDRSING3
4912,26.7,0.0,0.0,2017-07-18 07:53:00,57.0,131.0,2.1,3.5,1024.3,700.13,17.5,IDRSING3
4913,26.3,0.0,0.0,2017-07-18 07:58:00,57.0,118.0,0.0,0.0,1024.3,707.1,17.1,IDRSING3
4914,27.0,0.0,0.0,2017-07-18 08:03:00,58.0,118.0,0.0,0.0,1024.3,725.33,18.1,IDRSING3
4915,27.6,0.0,0.0,2017-07-18 08:08:00,53.0,113.0,5.5,5.5,1024.3,753.46,17.2,IDRSING3
4916,26.9,0.0,0.0,2017-07-18 08:13:00,52.0,129.0,1.8,3.5,1024.3,750.41,16.2,IDRSING3
4917,26.9,0.0,0.0,2017-07-18 08:19:00,52.0,142.0,2.6,3.5,1024.3,769.49,16.2,IDRSING3
4918,27.6,0.0,0.0,2017-07-18 08:24:00,51.0,120.0,1.1,3.5,1024.3,776.95,16.6,IDRSING3
4919,28.1,0.0,0.0,2017-07-18 08:29:00,52.0,105.0,2.6,3.5,1024.3,789.07,17.4,IDRSING3
4920,27.9,0.0,0.0,2017-07-18 08:34:00,51.0,223.0,3.2,3.5,1024.3,798.12,16.9,IDRSING3
4921,28.0,0.0,0.0,2017-07-18 08:39:00,51.0,213.0,4.3,5.5,1024.3,786.87,17.0,IDRSING3
4922,28.2,0.0,0.0,2017-07-18 08:44:00,52.0,120.0,1.1,1.8,1024.3,802.53,17.4,IDRSING3
4923,27.8,0.0,0.0,2017-07-18 08:49:00,51.0,105.0,4.0,7.2,1024.3,793.35,16.8,IDRSING3
4924,27.9,0.0,0.0,2017-07-18 08:55:00,49.0,127.0,1.4,1.8,1024.3,786.01,16.2,IDRSING3
4925,28.8,0.0,0.0,2017-07-18 09:00:00,45.0,141.0,0.3,1.8,1024.3,779.53,15.7,IDRSING3
4926,29.5,0.0,0.0,2017-07-18 09:05:00,41.0,186.0,1.1,1.8,1024.3,802.53,14.9,IDRSING3
4927,29.7,0.0,0.0,2017-07-18 09:10:00,43.0,204.0,1.4,1.8,1024.3,813.29,15.8,IDRSING3
4928,29.6,0.0,0.0,2017-07-18 09:15:00,45.0,143.0,1.4,1.8,1024.3,796.04,16.4,IDRSING3
4929,29.9,0.0,0.0,2017-07-18 09:20:00,43.0,111.0,1.1,1.8,1024.3,769.98,16.0,IDRSING3
4930,29.9,0.0,0.0,2017-07-18 09:25:00,40.0,141.0,1.4,1.8,1024.3,747.84,14.9,IDRSING3
4931,29.5,0.0,0.0,2017-07-18 09:31:00,42.0,231.0,0.6,1.8,1023.9,739.16,15.3,IDRSING3
4932,29.6,0.0,0.0,2017-07-18 09:33:00,41.0,134.0,1.4,1.8,1023.9,745.27,15.0,IDRSING3
4933,30.1,0.0,0.0,2017-07-18 09:38:00,40.0,210.0,1.4,3.5,1023.9,744.41,15.1,IDRSING3
4934,30.1,0.0,0.0,2017-07-18 09:43:00,40.0,120.0,1.4,1.8,1023.9,742.21,15.1,IDRSING3
4935,30.6,0.0,0.0,2017-07-18 09:48:00,38.0,149.0,2.6,3.5,1023.9,736.58,14.7,IDRSING3
4936,30.7,0.0,0.0,2017-07-18 09:54:00,38.0,156.0,1.1,1.8,1023.9,766.07,14.8,IDRSING3
4937,30.7,0.0,0.0,2017-07-18 09:59:00,37.0,198.0,1.1,1.8,1023.6,770.84,14.4,IDRSING3
4938,30.5,0.0,0.0,2017-07-18 10:04:00,39.0,102.0,2.9,3.5,1023.6,774.26,15.0,IDRSING3
4939,30.2,0.0,0.0,2017-07-18 10:09:00,41.0,130.0,1.1,1.8,1023.9,776.46,15.5,IDRSING3
4940,30.6,0.0,0.0,2017-07-18 10:14:00,37.0,155.0,0.6,1.8,1023.6,785.52,14.3,IDRSING3
4941,30.6,0.0,0.0,2017-07-18 10:19:00,38.0,230.0,4.0,5.5,1023.6,773.41,14.7,IDRSING3
4942,30.5,0.0,0.0,2017-07-18 10:24:00,39.0,128.0,5.5,7.2,1023.6,774.26,15.0,IDRSING3
4943,30.1,0.0,0.0,2017-07-18 10:29:00,39.0,201.0,4.3,7.2,1023.6,775.61,14.7,IDRSING3
4944,30.3,0.0,0.0,2017-07-18 10:34:00,37.0,186.0,7.2,9.3,1023.6,601.65,14.0,IDRSING3
4945,30.5,0.0,0.0,2017-07-18 10:40:00,36.0,157.0,4.7,7.2,1023.6,778.67,13.8,IDRSING3
4946,30.8,0.0,0.0,2017-07-18 10:45:00,40.0,149.0,0.0,0.0,1023.2,789.92,15.7,IDRSING3
4947,31.4,0.0,0.0,2017-07-18 10:50:00,37.0,149.0,1.4,1.8,1023.2,784.29,15.0,IDRSING3
4948,31.5,0.0,0.0,2017-07-18 10:55:00,37.0,107.0,4.0,5.5,1023.2,767.41,15.1,IDRSING3
4949,30.9,0.0,0.0,2017-07-18 11:00:00,36.0,176.0,4.0,7.2,1023.2,783.44,14.1,IDRSING3
4950,30.8,0.0,0.0,2017-07-18 11:06:00,35.0,186.0,8.7,13.0,1023.2,743.56,13.6,IDRSING3
4951,30.8,0.0,0.0,2017-07-18 11:11:00,38.0,163.0,0.3,1.8,1023.2,779.89,14.9,IDRSING3
4952,31.4,0.0,0.0,2017-07-18 11:16:00,35.0,131.0,1.1,1.8,1023.2,782.95,14.1,IDRSING3
4953,31.3,0.0,0.0,2017-07-18 11:21:00,37.0,125.0,0.3,1.8,1023.2,746.12,14.9,IDRSING3
4954,30.9,0.0,0.0,2017-07-18 11:26:00,36.0,207.0,3.5,3.5,1023.2,739.16,14.1,IDRSING3
4955,31.1,0.0,0.0,2017-07-18 11:31:00,35.0,190.0,1.4,1.8,1022.9,723.99,13.9,IDRSING3
4956,31.1,0.0,0.0,2017-07-18 11:36:00,36.0,151.0,0.6,1.8,1023.2,712.73,14.3,IDRSING3
4957,31.4,0.0,0.0,2017-07-18 11:41:00,35.0,107.0,1.4,3.5,1022.9,729.12,14.1,IDRSING3
4958,31.5,0.0,0.0,2017-07-18 11:46:00,36.0,95.0,8.7,13.0,1023.2,744.41,14.7,IDRSING3
4959,30.8,0.0,0.0,2017-07-18 11:51:00,36.0,116.0,0.3,1.8,1023.2,752.61,14.0,IDRSING3
4960,31.7,0.0,0.0,2017-07-18 11:56:00,35.0,132.0,0.3,1.8,1022.9,724.35,14.4,IDRSING3
4961,31.7,0.0,0.0,2017-07-18 12:02:00,35.0,133.0,2.9,7.2,1023.2,751.75,14.4,IDRSING3
4962,32.0,0.0,0.0,2017-07-18 12:07:00,33.0,134.0,0.3,1.8,1022.9,739.16,13.8,IDRSING3
4963,31.7,0.0,0.0,2017-07-18 12:12:00,36.0,123.0,1.4,1.8,1022.9,713.58,14.8,IDRSING3
4964,31.9,0.0,0.0,2017-07-18 12:18:00,35.0,113.0,5.5,7.2,1022.9,725.33,14.6,IDRSING3
4965,32.6,0.0,0.0,2017-07-18 12:23:00,34.0,188.0,1.1,1.8,1022.9,724.84,14.7,IDRSING3
4966,32.4,0.0,0.0,2017-07-18 12:28:00,34.0,213.0,1.1,1.8,1022.9,730.1,14.6,IDRSING3
4967,31.5,0.0,0.0,2017-07-18 12:33:00,37.0,117.0,2.6,3.5,1022.6,702.7,15.1,IDRSING3
4968,31.9,0.0,0.0,2017-07-18 12:38:00,36.0,133.0,0.0,0.0,1022.6,723.13,15.0,IDRSING3
4969,32.5,0.0,0.0,2017-07-18 12:43:00,33.0,171.0,0.0,0.0,1022.6,727.04,14.2,IDRSING3
4970,32.0,0.0,0.0,2017-07-18 12:48:00,34.0,168.0,4.7,7.2,1022.6,740.5,14.2,IDRSING3
4971,32.5,0.0,0.0,2017-07-18 12:54:00,33.0,113.0,2.6,3.5,1022.9,748.33,14.2,IDRSING3
4972,32.3,0.0,0.0,2017-07-18 12:59:00,33.0,192.0,1.4,1.8,1022.6,716.16,14.0,IDRSING3
4973,32.3,0.0,0.0,2017-07-18 13:04:00,33.0,182.0,1.4,1.8,1022.6,694.87,14.0,IDRSING3
4974,32.5,0.0,0.0,2017-07-18 13:10:00,33.0,176.0,2.9,3.5,1022.6,677.99,14.2,IDRSING3
4975,32.5,0.0,0.0,2017-07-18 13:15:00,33.0,180.0,0.6,1.8,1022.6,699.27,14.2,IDRSING3
4976,31.8,0.0,0.0,2017-07-18 13:20:00,35.0,110.0,1.4,1.8,1022.2,669.3,14.5,IDRSING3
4977,31.8,0.0,0.0,2017-07-18 13:26:00,34.0,99.0,5.5,7.2,1022.2,637.62,14.0,IDRSING3
4978,32.2,0.0,0.0,2017-07-18 13:31:00,34.0,153.0,0.3,1.8,1022.2,646.3,14.4,IDRSING3
4979,32.6,0.0,0.0,2017-07-18 13:36:00,33.0,166.0,1.1,1.8,1022.2,649.85,14.3,IDRSING3
4980,32.3,0.0,0.0,2017-07-18 13:41:00,32.0,180.0,2.9,3.5,1022.2,635.04,13.5,IDRSING3
4981,32.4,0.0,0.0,2017-07-18 13:46:00,34.0,193.0,3.5,7.2,1022.2,622.94,14.6,IDRSING3
4982,32.3,0.0,0.0,2017-07-18 13:51:00,33.0,182.0,4.7,7.2,1021.9,624.65,14.0,IDRSING3
4983,32.3,0.0,0.0,2017-07-18 13:56:00,32.0,216.0,4.0,5.5,1022.2,602.5,13.5,IDRSING3
4984,33.0,0.0,0.0,2017-07-18 14:01:00,31.0,188.0,1.1,1.8,1022.2,594.67,13.7,IDRSING3
4985,32.9,0.0,0.0,2017-07-18 14:06:00,32.0,202.0,5.0,9.3,1021.9,594.31,14.1,IDRSING3
4986,32.2,0.0,0.0,2017-07-18 14:11:00,32.0,150.0,0.6,1.8,1021.9,573.02,13.4,IDRSING3
4987,32.1,0.0,0.0,2017-07-18 14:16:00,33.0,111.0,1.1,1.8,1021.9,552.23,13.9,IDRSING3
4988,31.9,0.0,0.0,2017-07-18 14:21:00,34.0,115.0,1.1,1.8,1021.9,537.91,14.1,IDRSING3
4989,32.6,0.0,0.0,2017-07-18 14:26:00,32.0,223.0,0.3,1.8,1021.6,511.37,13.8,IDRSING3
4990,32.5,0.0,0.0,2017-07-18 14:32:00,32.0,169.0,1.4,1.8,1021.6,506.59,13.7,IDRSING3
4991,32.4,0.0,0.0,2017-07-18 14:37:00,34.0,100.0,1.1,1.8,1021.9,483.23,14.6,IDRSING3
4992,32.3,0.0,0.0,2017-07-18 14:42:00,32.0,107.0,1.4,1.8,1021.6,491.06,13.5,IDRSING3
4993,31.8,0.0,0.0,2017-07-18 14:47:00,34.0,147.0,0.3,1.8,1021.6,455.82,14.0,IDRSING3
4994,31.9,0.0,0.0,2017-07-18 14:52:00,34.0,139.0,1.1,1.8,1021.6,461.57,14.1,IDRSING3
4995,31.9,0.0,0.0,2017-07-18 14:58:00,32.0,171.0,4.7,7.2,1021.2,435.03,13.2,IDRSING3
4996,32.1,0.0,0.0,2017-07-18 15:03:00,32.0,167.0,1.4,1.8,1021.6,456.8,13.4,IDRSING3
4997,32.1,0.0,0.0,2017-07-18 15:08:00,32.0,156.0,2.1,3.5,1021.6,421.57,13.4,IDRSING3
4998,32.4,0.0,0.0,2017-07-18 15:13:00,32.0,121.0,2.1,3.5,1021.6,419.86,13.6,IDRSING3
4999,32.4,0.0,0.0,2017-07-18 15:18:00,32.0,109.0,4.3,7.2,1021.2,399.91,13.6,IDRSING3
5000,32.2,0.0,0.0,2017-07-18 15:23:00,32.0,169.0,1.8,1.8,1021.2,353.91,13.4,IDRSING3
5001,32.2,0.0,0.0,2017-07-18 15:28:00,32.0,97.0,1.8,1.8,1021.2,370.43,13.4,IDRSING3
5002,32.1,0.0,0.0,2017-07-18 15:29:00,32.0,149.0,1.1,1.8,1021.6,367.01,13.4,IDRSING3
5003,32.0,0.0,0.0,2017-07-18 15:34:00,32.0,125.0,0.6,1.8,1021.6,348.29,13.3,IDRSING3
5004,31.8,0.0,0.0,2017-07-18 15:39:00,31.0,158.0,1.1,1.8,1021.2,352.2,12.6,IDRSING3
5005,32.0,0.0,0.0,2017-07-18 15:44:00,31.0,152.0,1.1,1.8,1021.2,331.78,12.8,IDRSING3
5006,31.8,0.0,0.0,2017-07-18 15:50:00,32.0,129.0,1.4,1.8,1021.2,311.83,13.1,IDRSING3
5007,31.8,0.0,0.0,2017-07-18 15:55:00,31.0,153.0,2.6,3.5,1021.2,322.72,12.6,IDRSING3
5008,31.9,0.0,0.0,2017-07-18 16:00:00,31.0,186.0,1.1,1.8,1021.2,258.49,12.7,IDRSING3
5009,32.1,0.0,0.0,2017-07-18 16:06:00,32.0,201.0,1.1,1.8,1021.2,273.66,13.4,IDRSING3
5010,32.0,0.0,0.0,2017-07-18 16:11:00,31.0,197.0,3.5,5.5,1021.2,257.64,12.8,IDRSING3
5011,31.9,0.0,0.0,2017-07-18 16:16:00,31.0,192.0,4.0,7.2,1021.2,245.04,12.7,IDRSING3
5012,31.7,0.0,0.0,2017-07-18 16:21:00,33.0,143.0,0.0,0.0,1020.9,226.44,13.5,IDRSING3
5013,31.7,0.0,0.0,2017-07-18 16:26:00,32.0,166.0,1.4,1.8,1020.9,218.12,13.0,IDRSING3
5014,31.4,0.0,0.0,2017-07-18 16:31:00,33.0,129.0,1.4,1.8,1020.9,202.59,13.3,IDRSING3
5015,31.1,0.0,0.0,2017-07-18 16:37:00,33.0,182.0,0.3,1.8,1020.9,189.49,13.0,IDRSING3
5016,31.4,0.0,0.0,2017-07-18 16:42:00,32.0,190.0,2.6,5.5,1020.9,172.12,12.8,IDRSING3
5017,31.4,0.0,0.0,2017-07-18 16:47:00,31.0,186.0,1.8,3.5,1021.2,161.73,12.3,IDRSING3
5018,31.3,0.0,0.0,2017-07-18 16:53:00,32.0,212.0,0.0,0.0,1021.2,138.36,12.7,IDRSING3
5019,31.5,0.0,0.0,2017-07-18 16:58:00,32.0,156.0,1.4,1.8,1021.2,133.95,12.8,IDRSING3
5020,31.2,0.0,0.0,2017-07-18 17:03:00,33.0,147.0,0.0,0.0,1020.9,118.42,13.1,IDRSING3
5021,30.8,0.0,0.0,2017-07-18 17:09:00,33.0,150.0,0.0,0.0,1021.2,104.48,12.7,IDRSING3
5022,30.7,0.0,0.0,2017-07-18 17:13:00,34.0,189.0,0.0,0.0,1021.2,98.85,13.1,IDRSING3
5023,30.9,0.0,0.0,2017-07-18 17:18:00,33.0,202.0,5.0,9.3,1020.5,87.1,12.8,IDRSING3
5024,30.7,0.0,0.0,2017-07-18 17:23:00,33.0,180.0,0.6,1.8,1021.2,76.7,12.6,IDRSING3
5025,30.7,0.0,0.0,2017-07-18 17:29:00,34.0,174.0,0.0,0.0,1021.2,65.45,13.1,IDRSING3
5026,30.4,0.0,0.0,2017-07-18 17:34:00,35.0,163.0,0.0,0.0,1021.2,49.42,13.3,IDRSING3
5027,29.9,0.0,0.0,2017-07-18 17:39:00,36.0,163.0,0.0,0.0,1020.9,44.65,13.2,IDRSING3
5028,29.8,0.0,0.0,2017-07-18 17:44:00,36.0,163.0,0.0,0.0,1020.9,41.96,13.2,IDRSING3
5029,29.5,0.0,0.0,2017-07-18 17:49:00,37.0,163.0,0.0,0.0,1020.9,37.68,13.3,IDRSING3
5030,29.2,0.0,0.0,2017-07-18 17:54:00,37.0,163.0,1.4,1.8,1020.9,34.25,13.1,IDRSING3
5031,28.9,0.0,0.0,2017-07-18 17:59:00,38.0,170.0,0.0,0.0,1020.9,29.85,13.2,IDRSING3
5032,28.6,0.0,0.0,2017-07-18 18:05:00,38.0,170.0,0.0,0.0,1021.2,25.94,12.9,IDRSING3
5033,28.3,0.0,0.0,2017-07-18 18:10:00,39.0,170.0,0.0,0.0,1021.2,22.02,13.1,IDRSING3
5034,28.0,0.0,0.0,2017-07-18 18:15:00,40.0,170.0,0.0,0.0,1021.6,18.11,13.2,IDRSING3
5035,27.6,0.0,0.0,2017-07-18 18:20:00,41.0,170.0,0.0,0.0,1021.2,15.53,13.2,IDRSING3
5036,27.1,0.0,0.0,2017-07-18 18:26:00,42.0,170.0,0.0,0.0,1021.2,10.77,13.1,IDRSING3
5037,26.5,0.0,0.0,2017-07-18 18:31:00,44.0,170.0,0.0,0.0,1021.2,8.56,13.3,IDRSING3
5038,25.8,0.0,0.0,2017-07-18 18:36:00,46.0,170.0,0.0,0.0,1021.2,5.99,13.3,IDRSING3
5039,25.1,0.0,0.0,2017-07-18 18:41:00,49.0,170.0,0.0,0.0,1021.6,3.43,13.7,IDRSING3
5040,24.5,0.0,0.0,2017-07-18 18:46:00,53.0,170.0,1.8,1.8,1021.6,2.08,14.3,IDRSING3
5041,24.1,0.0,0.0,2017-07-18 18:51:00,52.0,170.0,0.3,1.8,1021.6,0.85,13.7,IDRSING3
5042,24.2,0.0,0.0,2017-07-18 18:57:00,52.0,170.0,0.0,0.0,1021.6,0.0,13.7,IDRSING3
5043,23.9,0.0,0.0,2017-07-18 19:02:00,53.0,170.0,0.0,0.0,1021.6,0.0,13.8,IDRSING3
5044,23.8,0.0,0.0,2017-07-18 19:07:00,52.0,170.0,0.0,0.0,1021.6,0.0,13.4,IDRSING3
5045,23.9,0.0,0.0,2017-07-18 19:13:00,51.0,170.0,0.0,0.0,1021.6,0.0,13.2,IDRSING3
5046,23.9,0.0,0.0,2017-07-18 19:18:00,53.0,170.0,0.0,0.0,1021.6,0.0,13.8,IDRSING3
5047,23.4,0.0,0.0,2017-07-18 19:23:00,55.0,170.0,0.0,0.0,1021.6,0.0,13.9,IDRSING3
5048,23.0,0.0,0.0,2017-07-18 19:28:00,57.0,170.0,0.0,0.0,1021.6,0.0,14.1,IDRSING3
5049,22.6,0.0,0.0,2017-07-18 19:33:00,58.0,170.0,0.0,0.0,1021.6,0.0,13.9,IDRSING3
5050,21.9,0.0,0.0,2017-07-18 19:38:00,62.0,169.0,0.0,0.0,1021.6,0.0,14.3,IDRSING3
5051,21.1,0.0,0.0,2017-07-18 19:43:00,63.0,169.0,0.0,0.0,1021.6,0.0,13.8,IDRSING3
5052,20.7,0.0,0.0,2017-07-18 19:49:00,63.0,169.0,0.0,0.0,1021.6,0.0,13.4,IDRSING3
5053,20.3,0.0,0.0,2017-07-18 19:54:00,65.0,169.0,0.0,0.0,1021.6,0.0,13.5,IDRSING3
5054,20.0,0.0,0.0,2017-07-18 19:59:00,69.0,169.0,0.0,0.0,1021.6,0.0,14.2,IDRSING3
5055,19.7,0.0,0.0,2017-07-18 20:04:00,70.0,169.0,0.0,0.0,1021.6,0.0,14.1,IDRSING3
5056,19.6,0.0,0.0,2017-07-18 20:09:00,71.0,169.0,0.0,0.0,1021.6,0.0,14.2,IDRSING3
5057,19.5,0.0,0.0,2017-07-18 20:14:00,71.0,169.0,0.0,0.0,1021.6,0.0,14.1,IDRSING3
5058,19.5,0.0,0.0,2017-07-18 20:19:00,70.0,169.0,0.0,0.0,1021.9,0.0,13.9,IDRSING3
5059,19.6,0.0,0.0,2017-07-18 20:25:00,68.0,169.0,0.0,0.0,1021.6,0.0,13.5,IDRSING3
5060,19.5,0.0,0.0,2017-07-18 20:30:00,68.0,169.0,0.0,0.0,1021.6,0.0,13.4,IDRSING3
5061,19.3,0.0,0.0,2017-07-18 20:35:00,68.0,169.0,0.0,0.0,1021.6,0.0,13.2,IDRSING3
5062,19.1,0.0,0.0,2017-07-18 20:40:00,69.0,169.0,0.0,0.0,1021.6,0.0,13.3,IDRSING3
5063,19.2,0.0,0.0,2017-07-18 20:45:00,69.0,169.0,0.0,0.0,1021.9,0.0,13.4,IDRSING3
5064,19.3,0.0,0.0,2017-07-18 20:50:00,70.0,169.0,0.0,0.0,1021.6,0.0,13.7,IDRSING3
5065,19.3,0.0,0.0,2017-07-18 20:55:00,71.0,169.0,0.0,0.0,1021.6,0.0,13.9,IDRSING3
5066,19.2,0.0,0.0,2017-07-18 21:01:00,72.0,169.0,0.0,0.0,1021.6,0.0,14.0,IDRSING3
5067,19.1,0.0,0.0,2017-07-18 21:06:00,71.0,169.0,0.0,0.0,1021.6,0.0,13.7,IDRSING3
5068,19.1,0.0,0.0,2017-07-18 21:11:00,69.0,169.0,0.0,0.0,1021.6,0.0,13.3,IDRSING3
5069,19.1,0.0,0.0,2017-07-18 21:16:00,68.0,169.0,0.0,0.0,1021.6,0.0,13.1,IDRSING3
5070,19.0,0.0,0.0,2017-07-18 21:21:00,71.0,169.0,0.0,0.0,1021.6,0.0,13.6,IDRSING3
5071,18.6,0.0,0.0,2017-07-18 21:26:00,74.0,169.0,0.0,0.0,1021.2,0.0,13.9,IDRSING3
5072,18.4,0.0,0.0,2017-07-18 21:32:00,75.0,169.0,0.0,0.0,1021.6,0.0,13.9,IDRSING3
5073,18.2,0.0,0.0,2017-07-18 21:37:00,76.0,169.0,0.0,0.0,1021.2,0.0,13.9,IDRSING3
5074,18.0,0.0,0.0,2017-07-18 21:42:00,76.0,169.0,0.0,0.0,1021.6,0.0,13.7,IDRSING3
5075,17.5,0.0,0.0,2017-07-18 21:47:00,78.0,169.0,0.0,0.0,1021.6,0.0,13.6,IDRSING3
5076,17.2,0.0,0.0,2017-07-18 21:52:00,83.0,169.0,0.0,0.0,1021.6,0.0,14.3,IDRSING3
5077,17.2,0.0,0.0,2017-07-18 21:57:00,82.0,169.0,0.0,0.0,1021.6,0.0,14.1,IDRSING3
5078,17.6,0.0,0.0,2017-07-18 22:02:00,79.0,169.0,0.0,0.0,1021.6,0.0,13.9,IDRSING3
5079,18.2,0.0,0.0,2017-07-18 22:07:00,78.0,169.0,0.0,0.0,1021.6,0.0,14.3,IDRSING3
5080,17.8,0.0,0.0,2017-07-18 22:12:00,77.0,169.0,0.0,0.0,1021.6,0.0,13.7,IDRSING3
5081,17.4,0.0,0.0,2017-07-18 22:18:00,78.0,169.0,0.0,0.0,1021.6,0.0,13.6,IDRSING3
5082,17.1,0.0,0.0,2017-07-18 22:23:00,82.0,169.0,0.0,0.0,1021.6,0.0,14.0,IDRSING3
5083,17.0,0.0,0.0,2017-07-18 22:28:00,82.0,169.0,0.0,0.0,1021.6,0.0,13.9,IDRSING3
5084,16.5,0.0,0.0,2017-07-18 22:33:00,88.0,169.0,0.0,0.0,1021.9,0.0,14.5,IDRSING3
5085,16.4,0.0,0.0,2017-07-18 22:34:00,90.0,169.0,0.0,0.0,1021.6,0.0,14.8,IDRSING3
5086,16.1,0.0,0.0,2017-07-18 22:39:00,92.0,169.0,0.0,0.0,1021.6,0.0,14.8,IDRSING3
5087,15.8,0.0,0.0,2017-07-18 22:44:00,96.0,169.0,0.0,0.0,1021.2,0.0,15.2,IDRSING3
5088,15.7,0.0,0.0,2017-07-18 22:50:00,99.0,169.0,0.0,0.0,1021.6,0.0,15.5,IDRSING3
5089,15.9,0.0,0.0,2017-07-18 22:55:00,97.0,169.0,0.0,0.0,1021.6,0.0,15.5,IDRSING3
5090,15.7,0.0,0.0,2017-07-18 23:00:00,99.0,169.0,0.0,0.0,1021.6,0.0,15.5,IDRSING3
5091,15.8,0.0,0.0,2017-07-18 23:05:00,99.0,169.0,0.0,0.0,1021.6,0.0,15.6,IDRSING3
5092,15.9,0.0,0.0,2017-07-18 23:07:00,99.0,169.0,0.0,0.0,1021.6,0.0,15.7,IDRSING3
5093,15.9,0.0,0.0,2017-07-18 23:13:00,99.0,169.0,0.0,0.0,1021.6,0.0,15.7,IDRSING3
5094,16.2,0.0,0.0,2017-07-18 23:18:00,93.0,169.0,0.0,0.0,1021.2,0.0,15.0,IDRSING3
5095,16.4,0.0,0.0,2017-07-18 23:23:00,92.0,169.0,0.0,0.0,1020.9,0.0,15.1,IDRSING3
5096,16.4,0.0,0.0,2017-07-18 23:29:00,91.0,169.0,0.0,0.0,1020.9,0.0,15.0,IDRSING3
5097,16.6,0.0,0.0,2017-07-18 23:34:00,92.0,169.0,0.0,0.0,1021.2,0.0,15.3,IDRSING3
5098,16.3,0.0,0.0,2017-07-18 23:39:00,90.0,169.0,0.0,0.0,1021.2,0.0,14.7,IDRSING3
5099,15.9,0.0,0.0,2017-07-18 23:45:00,97.0,169.0,0.0,0.0,1020.9,0.0,15.5,IDRSING3
5100,15.5,0.0,0.0,2017-07-18 23:50:00,96.0,169.0,0.0,0.0,1020.9,0.0,14.9,IDRSING3
5101,15.5,0.0,0.0,2017-07-18 23:55:00,96.0,169.0,0.0,0.0,1020.9,0.0,14.9,IDRSING3
5102,15.5,0.0,0.0,2017-07-19 00:01:00,99.0,169.0,0.0,0.0,1021.2,0.0,15.3,IDRSING3
5103,15.4,0.0,0.0,2017-07-19 00:06:00,99.0,169.0,0.0,0.0,1020.9,0.0,15.2,IDRSING3
5104,15.3,0.0,0.0,2017-07-19 00:11:00,99.0,169.0,0.0,0.0,1020.9,0.0,15.1,IDRSING3
5105,15.2,0.0,0.0,2017-07-19 00:16:00,99.0,169.0,0.0,0.0,1020.9,0.0,15.0,IDRSING3
5106,15.4,0.0,0.0,2017-07-19 00:21:00,99.0,169.0,0.0,0.0,1020.9,0.0,15.2,IDRSING3
5107,15.2,0.0,0.0,2017-07-19 00:26:00,99.0,169.0,0.0,0.0,1021.2,0.0,15.0,IDRSING3
5108,15.3,0.0,0.0,2017-07-19 00:31:00,99.0,169.0,0.0,0.0,1020.9,0.0,15.1,IDRSING3
5109,15.7,0.0,0.0,2017-07-19 00:37:00,99.0,169.0,0.0,0.0,1020.9,0.0,15.5,IDRSING3
5110,15.9,0.0,0.0,2017-07-19 00:42:00,99.0,169.0,0.0,0.0,1021.2,0.0,15.7,IDRSING3
5111,15.9,0.0,0.0,2017-07-19 00:47:00,99.0,169.0,0.0,0.0,1020.9,0.0,15.7,IDRSING3
5112,15.7,0.0,0.0,2017-07-19 00:52:00,99.0,169.0,0.0,0.0,1020.9,0.0,15.5,IDRSING3
5113,15.2,0.0,0.0,2017-07-19 00:58:00,99.0,169.0,0.0,0.0,1020.5,0.0,15.0,IDRSING3
5114,15.0,0.0,0.0,2017-07-19 01:03:00,99.0,169.0,0.0,0.0,1020.5,0.0,14.8,IDRSING3
5115,14.7,0.0,0.0,2017-07-19 01:09:00,99.0,169.0,0.0,0.0,1020.5,0.0,14.5,IDRSING3
5116,14.3,0.0,0.0,2017-07-19 01:14:00,99.0,169.0,0.0,0.0,1020.9,0.0,14.1,IDRSING3
5117,14.1,0.0,0.0,2017-07-19 01:19:00,99.0,169.0,0.0,0.0,1020.5,0.0,13.9,IDRSING3
5118,13.9,0.0,0.0,2017-07-19 01:25:00,99.0,169.0,0.0,0.0,1020.5,0.0,13.7,IDRSING3
5119,13.9,0.0,0.0,2017-07-19 01:30:00,99.0,169.0,0.0,0.0,1020.5,0.0,13.7,IDRSING3
5120,13.9,0.0,0.0,2017-07-19 01:35:00,99.0,169.0,0.0,0.0,1020.5,0.0,13.7,IDRSING3
5121,13.9,0.0,0.0,2017-07-19 01:41:00,99.0,169.0,0.0,0.0,1020.5,0.0,13.7,IDRSING3
5122,13.9,0.0,0.0,2017-07-19 01:46:00,10.0,169.0,0.0,0.0,1020.5,0.0,-17.2,IDRSING3
5123,14.2,0.0,0.0,2017-07-19 01:51:00,10.0,169.0,0.0,0.0,1020.2,0.0,-17.0,IDRSING3
5124,14.0,0.0,0.0,2017-07-19 01:56:00,99.0,169.0,0.0,0.0,1020.2,0.0,13.8,IDRSING3
5125,13.9,0.0,0.0,2017-07-19 02:01:00,99.0,169.0,0.0,0.0,1020.5,0.0,13.7,IDRSING3
5126,13.8,0.0,0.0,2017-07-19 02:06:00,99.0,169.0,0.0,0.0,1020.2,0.0,13.6,IDRSING3
5127,13.6,0.0,0.0,2017-07-19 02:11:00,99.0,169.0,0.0,0.0,1020.2,0.0,13.4,IDRSING3
5128,13.6,0.0,0.0,2017-07-19 02:17:00,10.0,169.0,0.0,0.0,1020.2,0.0,-17.5,IDRSING3
5129,13.9,0.0,0.0,2017-07-19 02:22:00,99.0,169.0,0.0,0.0,1020.5,0.0,13.7,IDRSING3
5130,14.2,0.0,0.0,2017-07-19 02:27:00,99.0,169.0,0.0,0.0,1020.5,0.0,14.0,IDRSING3
5131,14.1,0.0,0.0,2017-07-19 02:33:00,99.0,169.0,0.0,0.0,1020.2,0.0,13.9,IDRSING3
5132,14.2,0.0,0.0,2017-07-19 02:38:00,99.0,169.0,0.0,0.0,1020.5,0.0,14.0,IDRSING3
5133,14.2,0.0,0.0,2017-07-19 02:43:00,99.0,169.0,0.0,0.0,1020.2,0.0,14.0,IDRSING3
5134,14.6,0.0,0.0,2017-07-19 02:48:00,99.0,169.0,0.0,0.0,1020.5,0.0,14.4,IDRSING3
5135,14.4,0.0,0.0,2017-07-19 02:53:00,99.0,169.0,0.0,0.0,1020.5,0.0,14.2,IDRSING3
5136,13.7,0.0,0.0,2017-07-19 02:58:00,99.0,169.0,0.0,0.0,1020.5,0.0,13.5,IDRSING3
5137,13.6,0.0,0.0,2017-07-19 03:03:00,99.0,169.0,0.0,0.0,1020.5,0.0,13.4,IDRSING3
5138,13.4,0.0,0.0,2017-07-19 03:09:00,99.0,169.0,0.0,0.0,1020.5,0.85,13.2,IDRSING3
5139,13.4,0.0,0.0,2017-07-19 03:14:00,10.0,169.0,0.0,0.0,1020.2,2.08,-17.6,IDRSING3
5140,13.3,0.0,0.0,2017-07-19 03:19:00,10.0,169.0,0.0,0.0,1020.5,4.28,-17.7,IDRSING3
5141,13.3,0.0,0.0,2017-07-19 03:25:00,12.0,169.0,0.0,0.0,1020.2,5.63,-15.5,IDRSING3
5142,13.4,0.0,0.0,2017-07-19 03:30:00,12.0,169.0,0.0,0.0,1020.2,8.19,-15.4,IDRSING3
5143,13.4,0.0,0.0,2017-07-19 03:35:00,11.0,169.0,0.0,0.0,1020.5,10.39,-16.5,IDRSING3
5144,13.4,0.0,0.0,2017-07-19 03:41:00,10.0,169.0,0.0,0.0,1020.5,12.97,-17.6,IDRSING3
5145,13.5,0.0,0.0,2017-07-19 03:46:00,10.0,169.0,0.0,0.0,1020.2,14.68,-17.5,IDRSING3
5146,13.8,0.0,0.0,2017-07-19 03:51:00,99.0,169.0,0.0,0.0,1020.2,16.39,13.6,IDRSING3
5147,14.1,0.0,0.0,2017-07-19 03:56:00,99.0,169.0,0.0,0.0,1020.5,18.11,13.9,IDRSING3
5148,14.4,0.0,0.0,2017-07-19 04:01:00,99.0,169.0,0.0,0.0,1020.5,23.36,14.2,IDRSING3
5149,14.8,0.0,0.0,2017-07-19 04:06:00,99.0,169.0,0.0,0.0,1020.2,29.48,14.6,IDRSING3
5150,15.3,0.0,0.0,2017-07-19 04:11:00,99.0,169.0,1.1,1.8,1020.2,35.48,15.1,IDRSING3
5151,17.2,0.0,0.0,2017-07-19 04:16:00,90.0,166.0,0.0,0.0,1020.2,38.53,15.5,IDRSING3
5152,17.1,0.0,0.0,2017-07-19 04:21:00,94.0,166.0,0.0,0.0,1020.5,41.59,16.0,IDRSING3
5153,17.1,0.0,0.0,2017-07-19 04:26:00,95.0,166.0,0.0,0.0,1020.2,62.88,16.3,IDRSING3
5154,17.3,0.0,0.0,2017-07-19 04:32:00,92.0,166.0,0.0,0.0,1020.5,75.48,16.0,IDRSING3
5155,18.1,0.0,0.0,2017-07-19 04:37:00,86.0,166.0,0.0,0.0,1020.5,53.34,15.7,IDRSING3
5156,18.8,0.0,0.0,2017-07-19 04:42:00,81.0,166.0,0.0,0.0,1020.5,91.51,15.5,IDRSING3
5157,19.2,0.0,0.0,2017-07-19 04:47:00,78.0,165.0,0.0,0.0,1020.2,102.76,15.3,IDRSING3
5158,19.8,0.0,0.0,2017-07-19 04:53:00,76.0,165.0,0.3,1.8,1020.5,119.27,15.4,IDRSING3
5159,20.2,0.0,0.0,2017-07-19 04:58:00,73.0,162.0,0.6,1.8,1020.5,133.95,15.2,IDRSING3
5160,20.6,0.0,0.0,2017-07-19 05:03:00,70.0,160.0,1.4,3.5,1020.5,146.19,15.0,IDRSING3
5161,20.9,0.0,0.0,2017-07-19 05:08:00,69.0,147.0,2.9,3.5,1020.2,163.07,15.0,IDRSING3
5162,21.3,0.0,0.0,2017-07-19 05:13:00,67.0,147.0,1.4,1.8,1020.2,73.28,14.9,IDRSING3
5163,21.6,0.0,0.0,2017-07-19 05:18:00,65.0,147.0,3.2,3.5,1020.2,175.19,14.8,IDRSING3
5164,21.9,0.0,0.0,2017-07-19 05:23:00,65.0,147.0,1.4,1.8,1020.5,86.24,15.0,IDRSING3
5165,22.0,0.0,0.0,2017-07-19 05:28:00,64.0,147.0,4.3,5.5,1020.5,137.02,14.9,IDRSING3
5166,22.8,0.0,0.0,2017-07-19 05:33:00,61.0,147.0,0.3,1.8,1020.2,158.3,14.9,IDRSING3
5167,23.2,0.0,0.0,2017-07-19 05:38:00,59.0,118.0,1.8,1.8,1020.5,135.67,14.8,IDRSING3
5168,23.5,0.0,0.0,2017-07-19 05:44:00,59.0,113.0,0.0,0.0,1020.5,100.19,15.0,IDRSING3
5169,24.0,0.0,0.0,2017-07-19 05:49:00,56.0,111.0,2.1,3.5,1020.5,190.36,14.7,IDRSING3
5170,24.5,0.0,0.0,2017-07-19 05:54:00,55.0,117.0,4.7,5.5,1020.5,192.56,14.9,IDRSING3
5171,24.0,0.0,0.0,2017-07-19 05:59:00,57.0,113.0,0.0,0.0,1020.5,232.93,15.0,IDRSING3
5172,24.4,0.0,0.0,2017-07-19 06:04:00,54.0,114.0,5.5,7.2,1020.5,324.44,14.5,IDRSING3
5173,24.8,0.0,0.0,2017-07-19 06:09:00,54.0,119.0,2.9,3.5,1020.5,165.27,14.9,IDRSING3
5174,24.9,0.0,0.0,2017-07-19 06:14:00,54.0,119.0,0.0,0.0,1020.5,319.17,15.0,IDRSING3
5175,25.7,0.0,0.0,2017-07-19 06:19:00,52.0,190.0,0.3,1.8,1020.5,331.4,15.1,IDRSING3
5176,26.4,0.0,0.0,2017-07-19 06:25:00,50.0,163.0,0.6,1.8,1020.5,392.08,15.2,IDRSING3
5177,26.6,0.0,0.0,2017-07-19 06:30:00,47.0,143.0,0.0,0.0,1020.5,411.17,14.4,IDRSING3
5178,26.5,0.0,0.0,2017-07-19 06:35:00,49.0,142.0,0.3,1.8,1020.2,432.94,15.0,IDRSING3
5179,26.8,0.0,0.0,2017-07-19 06:41:00,46.0,169.0,1.8,1.8,1020.2,461.57,14.2,IDRSING3
5180,27.0,0.0,0.0,2017-07-19 06:46:00,45.0,142.0,0.0,0.0,1020.5,473.2,14.1,IDRSING3
5181,27.1,0.0,0.0,2017-07-19 06:51:00,45.0,143.0,1.1,1.8,1020.5,482.74,14.2,IDRSING3
5182,27.0,0.0,0.0,2017-07-19 06:56:00,45.0,157.0,1.8,1.8,1020.5,501.45,14.1,IDRSING3
5183,27.0,0.0,0.0,2017-07-19 07:01:00,44.0,126.0,1.4,1.8,1020.5,546.96,13.7,IDRSING3
5184,27.3,0.0,0.0,2017-07-19 07:06:00,44.0,149.0,1.1,1.8,1020.5,569.6,14.0,IDRSING3
5185,27.5,0.0,0.0,2017-07-19 07:11:00,44.0,155.0,3.5,5.5,1020.2,592.11,14.2,IDRSING3
5186,27.7,0.0,0.0,2017-07-19 07:17:00,43.0,128.0,3.2,5.5,1020.5,591.25,14.0,IDRSING3
5187,27.5,0.0,0.0,2017-07-19 07:22:00,44.0,100.0,1.4,1.8,1020.2,361.74,14.2,IDRSING3
5188,27.2,0.0,0.0,2017-07-19 07:27:00,44.0,162.0,1.4,1.8,1020.5,448.48,13.9,IDRSING3
5189,27.4,0.0,0.0,2017-07-19 07:32:00,43.0,148.0,1.4,3.5,1020.5,665.38,13.7,IDRSING3
5190,28.1,0.0,0.0,2017-07-19 07:37:00,42.0,145.0,3.2,3.5,1020.2,686.18,14.0,IDRSING3
5191,28.2,0.0,0.0,2017-07-19 07:38:00,41.0,131.0,1.4,1.8,1020.5,696.21,13.7,IDRSING3
5192,27.9,0.0,0.0,2017-07-19 07:43:00,42.0,139.0,1.4,3.5,1020.5,727.41,13.8,IDRSING3
5193,27.8,0.0,0.0,2017-07-19 07:48:00,42.0,178.0,2.1,3.5,1020.5,677.99,13.8,IDRSING3
5194,28.0,0.0,0.0,2017-07-19 07:53:00,42.0,122.0,6.9,11.1,1020.2,679.7,13.9,IDRSING3
5195,28.0,0.0,0.0,2017-07-19 07:58:00,43.0,137.0,2.9,3.5,1020.2,686.18,14.3,IDRSING3
5196,28.3,0.0,0.0,2017-07-19 08:04:00,41.0,142.0,4.7,5.5,1020.5,733.53,13.8,IDRSING3
5197,28.5,0.0,0.0,2017-07-19 08:09:00,41.0,132.0,2.1,3.5,1020.2,769.12,14.0,IDRSING3
5198,28.4,0.0,0.0,2017-07-19 08:14:00,42.0,147.0,2.9,5.5,1020.2,642.87,14.3,IDRSING3
5199,28.3,0.0,0.0,2017-07-19 08:19:00,41.0,234.0,2.6,3.5,1020.2,740.5,13.8,IDRSING3
5200,28.4,0.0,0.0,2017-07-19 08:24:00,42.0,146.0,2.1,3.5,1020.2,676.27,14.3,IDRSING3
5201,28.7,0.0,0.0,2017-07-19 08:29:00,41.0,116.0,4.3,9.3,1020.2,810.36,14.2,IDRSING3
5202,29.1,0.0,0.0,2017-07-19 08:34:00,40.0,148.0,1.8,3.5,1020.2,854.15,14.2,IDRSING3
5203,29.5,0.0,0.0,2017-07-19 08:40:00,40.0,267.0,1.8,5.5,1019.9,845.46,14.5,IDRSING3
5204,29.9,0.0,0.0,2017-07-19 08:45:00,39.0,195.0,2.9,3.5,1020.2,842.9,14.5,IDRSING3
5205,29.7,0.0,0.0,2017-07-19 08:50:00,39.0,151.0,2.1,3.5,1019.9,713.09,14.3,IDRSING3
5206,29.6,0.0,0.0,2017-07-19 08:55:00,39.0,175.0,4.7,9.3,1020.2,805.95,14.2,IDRSING3
5207,29.6,0.0,0.0,2017-07-19 09:00:00,40.0,115.0,2.6,3.5,1020.2,848.52,14.6,IDRSING3
5208,29.6,0.0,0.0,2017-07-19 09:05:00,40.0,139.0,5.0,9.3,1019.9,771.7,14.6,IDRSING3
5209,28.9,0.0,0.0,2017-07-19 09:10:00,42.0,148.0,2.9,3.5,1020.2,323.09,14.7,IDRSING3
5210,28.5,0.0,0.0,2017-07-19 09:15:00,41.0,120.0,2.9,5.5,1020.2,893.17,14.0,IDRSING3
5211,29.1,0.0,0.0,2017-07-19 09:20:00,41.0,124.0,2.6,3.5,1019.9,503.16,14.5,IDRSING3
5212,28.7,0.0,0.0,2017-07-19 09:25:00,42.0,149.0,2.9,3.5,1019.9,576.94,14.6,IDRSING3
5213,29.0,0.0,0.0,2017-07-19 09:30:00,42.0,141.0,1.1,1.8,1019.9,527.02,14.8,IDRSING3
5214,28.9,0.0,0.0,2017-07-19 09:36:00,42.0,118.0,3.5,5.5,1019.9,713.09,14.7,IDRSING3
5215,29.7,0.0,0.0,2017-07-19 09:41:00,40.0,119.0,2.6,3.5,1019.9,661.47,14.7,IDRSING3
5216,29.8,0.0,0.0,2017-07-19 09:46:00,40.0,116.0,3.5,3.5,1019.5,654.99,14.8,IDRSING3
5217,30.0,0.0,0.0,2017-07-19 09:51:00,39.0,128.0,6.1,7.2,1019.5,761.29,14.6,IDRSING3
5218,30.5,0.0,0.0,2017-07-19 09:56:00,38.0,109.0,11.1,16.6,1019.5,709.67,14.6,IDRSING3
5219,30.5,0.0,0.0,2017-07-19 10:01:00,39.0,141.0,2.6,5.5,1019.5,775.97,15.0,IDRSING3
5220,31.1,0.0,0.0,2017-07-19 10:06:00,37.0,120.0,2.1,3.5,1019.5,822.83,14.7,IDRSING3
5221,31.0,0.0,0.0,2017-07-19 10:12:00,38.0,166.0,3.2,5.5,1019.5,847.66,15.1,IDRSING3
5222,31.5,0.0,0.0,2017-07-19 10:17:00,38.0,102.0,3.2,5.5,1019.5,740.01,15.5,IDRSING3
5223,31.8,0.0,0.0,2017-07-19 10:22:00,36.0,100.0,2.9,3.5,1019.5,744.41,14.9,IDRSING3
5224,31.6,0.0,0.0,2017-07-19 10:27:00,36.0,130.0,6.9,14.8,1019.2,667.1,14.7,IDRSING3
5225,31.5,0.0,0.0,2017-07-19 10:32:00,35.0,218.0,6.1,7.2,1019.2,731.82,14.2,IDRSING3
5226,31.7,0.0,0.0,2017-07-19 10:37:00,36.0,183.0,8.7,13.0,1019.2,765.58,14.8,IDRSING3
5227,31.5,0.0,0.0,2017-07-19 10:42:00,36.0,169.0,3.2,5.5,1019.2,652.79,14.7,IDRSING3
5228,31.9,0.0,0.0,2017-07-19 10:48:00,35.0,175.0,6.4,7.2,1019.2,816.84,14.6,IDRSING3
5229,32.1,0.0,0.0,2017-07-19 10:53:00,35.0,194.0,2.9,5.5,1018.8,826.75,14.8,IDRSING3
5230,32.5,0.0,0.0,2017-07-19 10:58:00,35.0,219.0,1.4,3.5,1018.8,834.21,15.1,IDRSING3
5231,32.6,0.0,0.0,2017-07-19 11:03:00,34.0,143.0,2.1,3.5,1018.8,838.98,14.7,IDRSING3
5232,32.1,0.0,0.0,2017-07-19 11:08:00,35.0,116.0,4.0,7.2,1018.8,556.5,14.8,IDRSING3
5233,31.8,0.0,0.0,2017-07-19 11:13:00,35.0,173.0,1.8,1.8,1018.8,823.81,14.5,IDRSING3
5234,32.4,0.0,0.0,2017-07-19 11:18:00,33.0,217.0,5.5,9.3,1018.8,727.41,14.1,IDRSING3
5235,32.4,0.0,0.0,2017-07-19 11:24:00,35.0,142.0,2.9,3.5,1018.8,556.5,15.0,IDRSING3
5236,32.1,0.0,0.0,2017-07-19 11:29:00,35.0,157.0,3.2,7.2,1018.5,743.56,14.8,IDRSING3
5237,32.4,0.0,0.0,2017-07-19 11:34:00,35.0,187.0,3.2,5.5,1018.8,671.5,15.0,IDRSING3
5238,32.3,0.0,0.0,2017-07-19 11:39:00,35.0,173.0,11.6,14.8,1018.8,536.08,14.9,IDRSING3
5239,31.2,0.0,0.0,2017-07-19 11:44:00,37.0,215.0,6.4,7.2,1018.8,517.97,14.8,IDRSING3
5240,31.5,0.0,0.0,2017-07-19 11:49:00,36.0,128.0,1.4,1.8,1018.8,597.25,14.7,IDRSING3
5241,31.8,0.0,0.0,2017-07-19 11:54:00,36.0,199.0,4.0,5.5,1018.5,771.7,14.9,IDRSING3
5242,32.8,0.0,0.0,2017-07-19 11:59:00,34.0,178.0,0.3,1.8,1018.8,665.38,14.9,IDRSING3
5243,32.0,0.0,0.0,2017-07-19 12:04:00,37.0,230.0,3.2,5.5,1018.5,693.65,15.5,IDRSING3
5244,32.4,0.0,0.0,2017-07-19 12:09:00,34.0,185.0,1.8,3.5,1018.2,610.7,14.6,IDRSING3
5245,32.6,0.0,0.0,2017-07-19 12:14:00,35.0,125.0,4.0,7.2,1018.5,553.08,15.2,IDRSING3
5246,32.1,0.0,0.0,2017-07-19 12:20:00,35.0,126.0,4.7,7.2,1018.5,531.3,14.8,IDRSING3
5247,32.1,0.0,0.0,2017-07-19 12:25:00,35.0,128.0,1.4,1.8,1018.5,756.53,14.8,IDRSING3
5248,33.1,0.0,0.0,2017-07-19 12:30:00,33.0,129.0,0.3,1.8,1018.5,741.72,14.7,IDRSING3
5249,33.1,0.0,0.0,2017-07-19 12:35:00,34.0,258.0,2.9,5.5,1018.5,744.41,15.2,IDRSING3
5250,33.1,0.0,0.0,2017-07-19 12:41:00,34.0,145.0,4.3,5.5,1018.2,639.82,15.2,IDRSING3
5251,33.3,0.0,0.0,2017-07-19 12:46:00,33.0,107.0,2.1,3.5,1018.2,391.23,14.9,IDRSING3
5252,32.1,0.0,0.0,2017-07-19 12:51:00,35.0,209.0,4.0,7.2,1018.2,830.29,14.8,IDRSING3
5253,33.3,0.0,0.0,2017-07-19 12:56:00,32.0,144.0,1.4,1.8,1018.5,697.56,14.4,IDRSING3
5254,34.1,0.0,0.0,2017-07-19 13:01:00,32.0,188.0,2.1,3.5,1018.2,750.04,15.1,IDRSING3
5255,34.1,0.0,0.0,2017-07-19 13:06:00,33.0,170.0,2.9,5.5,1018.2,767.78,15.6,IDRSING3
5256,34.0,0.0,0.0,2017-07-19 13:11:00,32.0,179.0,1.8,3.5,1018.2,805.09,15.0,IDRSING3
5257,34.3,0.0,0.0,2017-07-19 13:16:00,32.0,164.0,3.5,5.5,1018.2,749.19,15.3,IDRSING3
5258,34.1,0.0,0.0,2017-07-19 13:20:00,33.0,146.0,2.1,3.5,1018.2,720.92,15.6,IDRSING3
5259,33.9,0.0,0.0,2017-07-19 13:25:00,33.0,126.0,1.4,1.8,1017.8,660.62,15.4,IDRSING3
5260,34.0,0.0,0.0,2017-07-19 13:30:00,32.0,143.0,7.9,13.0,1018.2,649.85,15.0,IDRSING3
5261,33.9,0.0,0.0,2017-07-19 13:32:00,32.0,158.0,5.0,7.2,1018.2,647.65,14.9,IDRSING3
5262,33.9,0.0,0.0,2017-07-19 13:37:00,33.0,141.0,1.4,1.8,1017.8,629.42,15.4,IDRSING3
5263,34.2,0.0,0.0,2017-07-19 13:42:00,31.0,155.0,3.5,7.2,1017.8,682.75,14.7,IDRSING3
5264,34.3,0.0,0.0,2017-07-19 13:47:00,32.0,128.0,0.3,1.8,1017.8,270.24,15.3,IDRSING3
5265,32.6,0.0,0.0,2017-07-19 13:52:00,33.0,144.0,1.1,1.8,1017.8,401.26,14.3,IDRSING3
5266,33.0,0.0,0.0,2017-07-19 13:57:00,32.0,124.0,4.3,5.5,1017.8,747.84,14.1,IDRSING3
5267,34.1,0.0,0.0,2017-07-19 14:02:00,31.0,223.0,7.9,14.8,1017.8,651.93,14.6,IDRSING3
5268,33.8,0.0,0.0,2017-07-19 14:07:00,31.0,174.0,4.0,7.2,1017.8,310.12,14.4,IDRSING3
5269,33.0,0.0,0.0,2017-07-19 14:12:00,32.0,239.0,4.7,9.3,1017.8,348.29,14.1,IDRSING3
5270,32.5,0.0,0.0,2017-07-19 14:17:00,33.0,205.0,5.5,7.2,1017.8,283.2,14.2,IDRSING3
5271,32.2,0.0,0.0,2017-07-19 14:22:00,33.0,209.0,6.4,9.3,1017.8,322.72,13.9,IDRSING3
5272,32.4,0.0,0.0,2017-07-19 14:28:00,33.0,160.0,2.6,3.5,1017.8,327.0,14.1,IDRSING3
5273,32.0,0.0,0.0,2017-07-19 14:33:00,34.0,164.0,0.3,1.8,1017.8,230.24,14.2,IDRSING3
5274,32.3,0.0,0.0,2017-07-19 14:38:00,34.0,139.0,1.4,1.8,1018.2,212.49,14.5,IDRSING3
5275,31.9,0.0,0.0,2017-07-19 14:43:00,36.0,151.0,1.1,1.8,1017.8,141.78,15.0,IDRSING3
5276,31.2,0.0,0.0,2017-07-19 14:48:00,36.0,213.0,3.5,5.5,1017.8,122.34,14.4,IDRSING3
5277,31.2,0.0,0.0,2017-07-19 14:53:00,37.0,192.0,1.8,1.8,1017.8,118.78,14.8,IDRSING3
5278,31.1,0.0,0.0,2017-07-19 14:58:00,36.0,171.0,6.1,9.3,1017.5,133.1,14.3,IDRSING3
5279,31.1,0.0,0.0,2017-07-19 15:03:00,37.0,169.0,1.1,1.8,1017.8,227.3,14.7,IDRSING3
5280,31.4,0.0,0.0,2017-07-19 15:09:00,37.0,143.0,0.0,0.0,1017.8,184.36,15.0,IDRSING3
5281,31.6,0.0,0.0,2017-07-19 15:14:00,37.0,207.0,6.1,9.3,1017.5,259.84,15.2,IDRSING3
5282,31.9,0.0,0.0,2017-07-19 15:19:00,37.0,174.0,0.3,1.8,1017.5,179.95,15.4,IDRSING3
5283,31.6,0.0,0.0,2017-07-19 15:24:00,38.0,205.0,5.5,5.5,1017.5,239.41,15.6,IDRSING3
5284,31.4,0.0,0.0,2017-07-19 15:29:00,38.0,170.0,1.1,1.8,1017.5,192.56,15.4,IDRSING3
5285,31.5,0.0,0.0,2017-07-19 15:34:00,37.0,174.0,2.6,3.5,1017.5,164.78,15.1,IDRSING3
5286,31.5,0.0,0.0,2017-07-19 15:37:00,36.0,214.0,6.1,9.3,1017.5,204.3,14.7,IDRSING3
5287,31.4,0.0,0.0,2017-07-19 15:42:00,36.0,182.0,0.0,0.0,1017.2,177.75,14.6,IDRSING3
5288,31.1,0.0,0.0,2017-07-19 15:48:00,38.0,188.0,2.6,3.5,1017.2,140.93,15.2,IDRSING3
5289,30.9,0.0,0.0,2017-07-19 15:53:00,37.0,184.0,4.3,5.5,1017.2,145.21,14.6,IDRSING3
5290,30.8,0.0,0.0,2017-07-19 15:58:00,40.0,233.0,14.8,16.6,1017.2,140.44,15.7,IDRSING3
5291,30.0,0.0,0.0,2017-07-19 16:03:00,44.0,216.0,17.7,18.3,1017.2,134.81,16.5,IDRSING3
5292,29.4,0.0,0.0,2017-07-19 16:08:00,47.0,239.0,16.9,18.3,1017.2,120.13,16.9,IDRSING3
5293,29.0,0.0,0.0,2017-07-19 16:13:00,48.0,253.0,13.7,16.6,1017.2,110.1,16.9,IDRSING3
5294,28.5,0.0,0.0,2017-07-19 16:18:00,49.0,236.0,14.0,16.6,1017.2,107.53,16.8,IDRSING3
5295,28.3,0.0,0.0,2017-07-19 16:24:00,49.0,244.0,11.6,14.8,1017.2,108.88,16.6,IDRSING3
5296,28.1,0.0,0.0,2017-07-19 16:29:00,49.0,267.0,11.9,14.8,1017.2,110.59,16.4,IDRSING3
5297,28.0,0.0,0.0,2017-07-19 16:34:00,50.0,267.0,9.3,11.1,1017.2,122.34,16.6,IDRSING3
5298,28.1,0.0,0.0,2017-07-19 16:39:00,49.0,235.0,11.6,13.0,1017.2,134.44,16.4,IDRSING3
5299,28.2,0.0,0.0,2017-07-19 16:44:00,49.0,258.0,8.2,11.1,1017.2,117.93,16.5,IDRSING3
5300,28.1,0.0,0.0,2017-07-19 16:49:00,49.0,262.0,9.0,11.1,1017.5,107.9,16.4,IDRSING3
5301,28.1,0.0,0.0,2017-07-19 16:54:00,49.0,257.0,6.4,7.2,1017.2,111.82,16.4,IDRSING3
5302,28.1,0.0,0.0,2017-07-19 17:00:00,49.0,219.0,6.1,7.2,1017.2,97.5,16.4,IDRSING3
5303,28.0,0.0,0.0,2017-07-19 17:05:00,49.0,219.0,6.1,7.2,1017.2,89.79,16.3,IDRSING3
5304,27.9,0.0,0.0,2017-07-19 17:10:00,49.0,214.0,4.0,5.5,1017.2,87.1,16.2,IDRSING3
5305,27.9,0.0,0.0,2017-07-19 17:15:00,48.0,215.0,4.3,5.5,1017.5,87.1,15.9,IDRSING3
5306,28.0,0.0,0.0,2017-07-19 17:20:00,48.0,215.0,2.1,3.5,1017.2,87.1,16.0,IDRSING3
5307,27.9,0.0,0.0,2017-07-19 17:25:00,53.0,215.0,0.0,0.0,1017.5,82.82,17.5,IDRSING3
5308,27.5,0.0,0.0,2017-07-19 17:30:00,50.0,215.0,0.0,0.0,1017.2,77.19,16.2,IDRSING3
5309,27.7,0.0,0.0,2017-07-19 17:36:00,49.0,215.0,0.0,0.0,1017.2,68.51,16.1,IDRSING3
5310,27.7,0.0,0.0,2017-07-19 17:41:00,50.0,215.0,0.0,0.0,1017.2,58.11,16.4,IDRSING3
5311,28.0,0.0,0.0,2017-07-19 17:46:00,52.0,216.0,0.0,0.0,1017.2,50.28,17.3,IDRSING3
5312,27.9,0.0,0.0,2017-07-19 17:51:00,56.0,216.0,0.0,0.0,1017.2,43.31,18.3,IDRSING3
5313,27.0,0.0,0.0,2017-07-19 17:56:00,58.0,216.0,0.0,0.0,1017.2,37.68,18.1,IDRSING3
5314,26.2,0.0,0.0,2017-07-19 18:01:00,64.0,191.0,1.4,1.8,1017.2,32.05,18.9,IDRSING3
5315,26.0,0.0,0.0,2017-07-19 18:06:00,61.0,191.0,0.0,0.0,1017.2,26.42,17.9,IDRSING3
5316,26.0,0.0,0.0,2017-07-19 18:11:00,59.0,191.0,0.0,0.0,1017.2,21.16,17.4,IDRSING3
5317,25.9,0.0,0.0,2017-07-19 18:16:00,59.0,191.0,0.0,0.0,1017.2,17.25,17.3,IDRSING3
5318,25.5,0.0,0.0,2017-07-19 18:21:00,60.0,190.0,0.0,0.0,1017.2,13.33,17.2,IDRSING3
5319,25.5,0.0,0.0,2017-07-19 18:26:00,60.0,190.0,0.0,0.0,1017.2,11.62,17.2,IDRSING3
5320,25.3,0.0,0.0,2017-07-19 18:31:00,60.0,190.0,0.0,0.0,1017.2,8.19,17.0,IDRSING3
5321,25.0,0.0,0.0,2017-07-19 18:36:00,61.0,190.0,1.1,1.8,1017.2,5.99,17.0,IDRSING3
5322,24.6,0.0,0.0,2017-07-19 18:41:00,63.0,190.0,0.0,0.0,1017.2,3.79,17.1,IDRSING3
5323,24.2,0.0,0.0,2017-07-19 18:46:00,63.0,190.0,0.0,0.0,1017.2,1.22,16.7,IDRSING3
5324,23.8,0.0,0.0,2017-07-19 18:52:00,65.0,190.0,0.0,0.0,1017.2,0.0,16.8,IDRSING3
5325,23.5,0.0,0.0,2017-07-19 18:57:00,66.0,190.0,0.0,0.0,1016.8,0.0,16.8,IDRSING3
5326,23.3,0.0,0.0,2017-07-19 19:02:00,67.0,190.0,0.0,0.0,1017.2,0.0,16.8,IDRSING3
5327,23.1,0.0,0.0,2017-07-19 19:07:00,68.0,190.0,0.0,0.0,1017.2,0.0,16.9,IDRSING3
5328,22.8,0.0,0.0,2017-07-19 19:12:00,68.0,190.0,0.0,0.0,1017.2,0.0,16.6,IDRSING3
5329,22.7,0.0,0.0,2017-07-19 19:17:00,69.0,190.0,0.0,0.0,1017.2,0.0,16.7,IDRSING3
5330,22.7,0.0,0.0,2017-07-19 19:22:00,69.0,190.0,0.0,0.0,1017.2,0.0,16.7,IDRSING3
5331,22.5,0.0,0.0,2017-07-19 19:28:00,70.0,190.0,0.0,0.0,1017.2,0.0,16.8,IDRSING3
5332,22.0,0.0,0.0,2017-07-19 19:33:00,69.0,190.0,0.0,0.0,1016.8,0.0,16.1,IDRSING3
5333,21.5,0.0,0.0,2017-07-19 19:38:00,72.0,190.0,1.4,1.8,1017.2,0.0,16.2,IDRSING3
5334,21.2,0.0,0.0,2017-07-19 19:43:00,72.0,190.0,2.1,3.5,1016.8,0.0,15.9,IDRSING3
5335,20.8,0.0,0.0,2017-07-19 19:48:00,74.0,190.0,1.8,1.8,1017.2,0.0,16.0,IDRSING3
5336,20.6,0.0,0.0,2017-07-19 19:53:00,74.0,190.0,1.8,1.8,1016.8,0.0,15.8,IDRSING3
5337,21.5,0.0,0.0,2017-07-19 19:58:00,72.0,190.0,1.4,1.8,1017.2,0.0,16.2,IDRSING3
5338,21.6,0.0,0.0,2017-07-19 20:03:00,73.0,190.0,0.0,0.0,1017.2,0.0,16.6,IDRSING3
5339,21.4,0.0,0.0,2017-07-19 20:08:00,74.0,190.0,0.0,0.0,1017.2,0.0,16.6,IDRSING3
5340,21.2,0.0,0.0,2017-07-19 20:13:00,76.0,190.0,0.0,0.0,1017.2,0.0,16.8,IDRSING3
5341,20.8,0.0,0.0,2017-07-19 20:18:00,78.0,190.0,0.0,0.0,1017.2,0.0,16.8,IDRSING3
5342,20.6,0.0,0.0,2017-07-19 20:24:00,78.0,190.0,0.0,0.0,1016.8,0.0,16.7,IDRSING3
5343,20.1,0.0,0.0,2017-07-19 20:29:00,82.0,190.0,0.0,0.0,1017.2,0.0,16.9,IDRSING3
5344,19.8,0.0,0.0,2017-07-19 20:34:00,85.0,190.0,0.0,0.0,1017.2,0.0,17.2,IDRSING3
5345,19.5,0.0,0.0,2017-07-19 20:39:00,88.0,190.0,0.0,0.0,1016.8,0.0,17.4,IDRSING3
5346,19.4,0.0,0.0,2017-07-19 20:44:00,88.0,190.0,0.0,0.0,1017.2,0.0,17.3,IDRSING3
5347,19.7,0.0,0.0,2017-07-19 20:49:00,86.0,190.0,0.0,0.0,1017.2,0.0,17.3,IDRSING3
5348,19.5,0.0,0.0,2017-07-19 20:54:00,88.0,190.0,0.0,0.0,1017.2,0.0,17.4,IDRSING3
5349,19.1,0.0,0.0,2017-07-19 21:00:00,88.0,190.0,0.0,0.0,1017.2,0.0,17.0,IDRSING3
5350,19.1,0.0,0.0,2017-07-19 21:05:00,89.0,190.0,0.0,0.0,1017.2,0.0,17.2,IDRSING3
5351,18.8,0.0,0.0,2017-07-19 21:10:00,91.0,189.0,1.8,1.8,1017.2,0.0,17.3,IDRSING3
5352,18.7,0.0,0.0,2017-07-19 21:15:00,97.0,189.0,0.6,1.8,1017.2,0.0,18.3,IDRSING3
5353,18.5,0.0,0.0,2017-07-19 21:20:00,99.0,189.0,1.4,1.8,1017.5,0.0,18.3,IDRSING3
5354,18.3,0.0,0.0,2017-07-19 21:25:00,99.0,189.0,0.0,0.0,1017.2,0.0,18.1,IDRSING3
5355,18.0,0.0,0.0,2017-07-19 21:30:00,99.0,189.0,0.0,0.0,1017.5,0.0,17.8,IDRSING3
5356,17.8,0.0,0.0,2017-07-19 21:35:00,99.0,189.0,0.0,0.0,1017.2,0.0,17.6,IDRSING3
5357,17.9,0.0,0.0,2017-07-19 21:40:00,99.0,189.0,0.0,0.0,1017.2,0.0,17.7,IDRSING3
5358,17.5,0.0,0.0,2017-07-19 21:45:00,99.0,189.0,0.0,0.0,1017.2,0.0,17.3,IDRSING3
5359,17.3,0.0,0.0,2017-07-19 21:50:00,99.0,189.0,0.0,0.0,1017.2,0.0,17.1,IDRSING3
5360,17.2,0.0,0.0,2017-07-19 21:55:00,99.0,189.0,0.0,0.0,1017.2,0.0,17.0,IDRSING3
5361,17.1,0.0,0.0,2017-07-19 22:00:00,99.0,189.0,0.0,0.0,1017.2,0.0,16.9,IDRSING3
5362,17.0,0.0,0.0,2017-07-19 22:05:00,99.0,189.0,0.0,0.0,1016.8,0.0,16.8,IDRSING3
5363,16.9,0.0,0.0,2017-07-19 22:10:00,99.0,189.0,0.0,0.0,1016.8,0.0,16.7,IDRSING3
5364,16.7,0.0,0.0,2017-07-19 22:15:00,99.0,189.0,0.0,0.0,1016.8,0.0,16.5,IDRSING3
5365,16.4,0.0,0.0,2017-07-19 22:21:00,99.0,189.0,0.0,0.0,1017.2,0.0,16.2,IDRSING3
5366,16.4,0.0,0.0,2017-07-19 22:26:00,10.0,189.0,0.0,0.0,1016.8,0.0,-15.3,IDRSING3
5367,16.5,0.0,0.0,2017-07-19 22:31:00,10.0,189.0,0.0,0.0,1016.8,0.0,-15.2,IDRSING3
5368,16.4,0.0,0.0,2017-07-19 22:36:00,10.0,189.0,0.0,0.0,1016.8,0.0,-15.3,IDRSING3
5369,16.3,0.0,0.0,2017-07-19 22:41:00,10.0,189.0,0.0,0.0,1017.2,0.0,-15.4,IDRSING3
5370,16.3,0.0,0.0,2017-07-19 22:46:00,11.0,189.0,0.0,0.0,1017.2,0.0,-14.2,IDRSING3
5371,16.8,0.0,0.0,2017-07-19 22:51:00,10.0,189.0,1.4,1.8,1017.2,0.0,-15.0,IDRSING3
5372,17.0,0.0,0.0,2017-07-19 22:56:00,10.0,189.0,0.0,0.0,1017.2,0.0,-14.8,IDRSING3
5373,16.7,0.0,0.0,2017-07-19 23:01:00,10.0,189.0,0.0,0.0,1017.2,0.0,-15.1,IDRSING3
5374,16.3,0.0,0.0,2017-07-19 23:06:00,10.0,189.0,0.0,0.0,1017.2,0.0,-15.4,IDRSING3
5375,15.6,0.0,0.0,2017-07-19 23:12:00,10.0,189.0,0.0,0.0,1017.2,0.0,-15.9,IDRSING3
5376,15.8,0.0,0.0,2017-07-19 23:17:00,12.0,189.0,0.0,0.0,1017.2,0.0,-13.5,IDRSING3
5377,15.9,0.0,0.0,2017-07-19 23:22:00,11.0,189.0,0.0,0.0,1017.2,0.0,-14.5,IDRSING3
5378,15.8,0.0,0.0,2017-07-19 23:27:00,10.0,189.0,0.0,0.0,1017.2,0.0,-15.8,IDRSING3
5379,15.6,0.0,0.0,2017-07-19 23:32:00,11.0,189.0,0.0,0.0,1017.2,0.0,-14.8,IDRSING3
5380,16.0,0.0,0.0,2017-07-19 23:37:00,12.0,189.0,0.0,0.0,1016.8,0.0,-13.4,IDRSING3
5381,16.3,0.0,0.0,2017-07-19 23:42:00,10.0,189.0,0.0,0.0,1016.5,0.0,-15.4,IDRSING3
5382,16.2,0.0,0.0,2017-07-19 23:48:00,10.0,189.0,0.0,0.0,1016.8,0.0,-15.5,IDRSING3
5383,15.9,0.0,0.0,2017-07-19 23:53:00,10.0,189.0,0.0,0.0,1016.5,0.0,-15.7,IDRSING3
5384,15.9,0.0,0.0,2017-07-19 23:58:00,13.0,189.0,0.0,0.0,1016.5,0.0,-12.5,IDRSING3
5385,16.0,0.0,0.0,2017-07-20 00:03:00,12.0,189.0,0.0,0.0,1016.5,0.0,-13.4,IDRSING3
5386,16.0,0.0,0.0,2017-07-20 00:08:00,12.0,189.0,0.0,0.0,1016.5,0.0,-13.4,IDRSING3
5387,16.0,0.0,0.0,2017-07-20 00:13:00,13.0,189.0,0.0,0.0,1016.8,0.0,-12.4,IDRSING3
5388,15.9,0.0,0.0,2017-07-20 00:18:00,13.0,189.0,0.0,0.0,1016.5,0.0,-12.5,IDRSING3
5389,15.8,0.0,0.0,2017-07-20 00:24:00,10.0,189.0,0.0,0.0,1016.5,0.0,-15.8,IDRSING3
5390,15.3,0.0,0.0,2017-07-20 00:29:00,11.0,189.0,0.0,0.0,1016.5,0.0,-15.0,IDRSING3
5391,15.4,0.0,0.0,2017-07-20 00:34:00,10.0,189.0,0.0,0.0,1016.1,0.0,-16.1,IDRSING3
5392,15.2,0.0,0.0,2017-07-20 00:39:00,10.0,189.0,0.0,0.0,1016.1,0.0,-16.2,IDRSING3
5393,14.6,0.0,0.0,2017-07-20 00:44:00,10.0,189.0,0.0,0.0,1016.5,0.0,-16.7,IDRSING3
5394,14.6,0.0,0.0,2017-07-20 00:49:00,13.0,189.0,0.0,0.0,1016.1,0.0,-13.5,IDRSING3
5395,14.7,0.0,0.0,2017-07-20 00:54:00,10.0,189.0,0.0,0.0,1016.1,0.0,-16.6,IDRSING3
5396,14.8,0.0,0.0,2017-07-20 01:00:00,10.0,189.0,0.0,0.0,1016.1,0.0,-16.5,IDRSING3
5397,14.5,0.0,0.0,2017-07-20 01:05:00,10.0,189.0,0.0,0.0,1016.1,0.0,-16.8,IDRSING3
5398,14.3,0.0,0.0,2017-07-20 01:10:00,13.0,189.0,0.0,0.0,1016.1,0.0,-13.7,IDRSING3
5399,14.0,0.0,0.0,2017-07-20 01:15:00,12.0,189.0,0.0,0.0,1015.8,0.0,-15.0,IDRSING3
5400,13.9,0.0,0.0,2017-07-20 01:16:00,12.0,189.0,0.0,0.0,1015.8,0.0,-15.0,IDRSING3
5401,13.9,0.0,0.0,2017-07-20 01:21:00,14.0,189.0,0.0,0.0,1015.8,0.0,-13.2,IDRSING3
5402,13.7,0.0,0.0,2017-07-20 01:26:00,12.0,189.0,0.0,0.0,1016.1,0.0,-15.2,IDRSING3
5403,13.7,0.0,0.0,2017-07-20 01:31:00,14.0,189.0,0.0,0.0,1015.8,0.0,-13.3,IDRSING3
5404,14.0,0.0,0.0,2017-07-20 01:36:00,14.0,189.0,0.0,0.0,1016.1,0.0,-13.1,IDRSING3
5405,14.2,0.0,0.0,2017-07-20 01:41:00,14.0,189.0,0.3,1.8,1016.1,0.0,-12.9,IDRSING3
5406,14.4,0.0,0.0,2017-07-20 01:45:00,13.0,189.0,0.0,0.0,1016.1,0.0,-13.7,IDRSING3
5407,14.5,0.0,0.0,2017-07-20 01:50:00,14.0,189.0,0.0,0.0,1015.8,0.0,-12.7,IDRSING3
5408,14.2,0.0,0.0,2017-07-20 01:56:00,13.0,189.0,0.0,0.0,1016.1,0.0,-13.8,IDRSING3
5409,14.4,0.0,0.0,2017-07-20 02:01:00,14.0,189.0,0.0,0.0,1015.8,0.0,-12.8,IDRSING3
5410,13.7,0.0,0.0,2017-07-20 02:06:00,12.0,189.0,0.0,0.0,1015.8,0.0,-15.2,IDRSING3
5411,13.4,0.0,0.0,2017-07-20 02:11:00,14.0,189.0,0.0,0.0,1015.8,0.0,-13.6,IDRSING3
5412,13.8,0.0,0.0,2017-07-20 02:16:00,14.0,189.0,0.0,0.0,1015.8,0.0,-13.2,IDRSING3
5413,13.9,0.0,0.0,2017-07-20 02:21:00,14.0,189.0,0.0,0.0,1015.8,0.0,-13.2,IDRSING3
5414,13.8,0.0,0.0,2017-07-20 02:26:00,13.0,189.0,0.0,0.0,1015.8,0.0,-14.1,IDRSING3
5415,14.1,0.0,0.0,2017-07-20 02:32:00,13.0,189.0,0.0,0.0,1015.8,0.0,-13.9,IDRSING3
5416,13.4,0.0,0.0,2017-07-20 02:37:00,14.0,189.0,1.1,1.8,1016.1,0.0,-13.6,IDRSING3
5417,13.7,0.0,0.0,2017-07-20 02:42:00,14.0,189.0,0.3,1.8,1016.1,0.0,-13.3,IDRSING3
5418,13.7,0.0,0.0,2017-07-20 02:47:00,14.0,189.0,0.0,0.0,1016.1,0.0,-13.3,IDRSING3
5419,13.8,0.0,0.0,2017-07-20 02:52:00,14.0,189.0,0.0,0.0,1015.8,0.0,-13.2,IDRSING3
5420,13.9,0.0,0.0,2017-07-20 02:57:00,14.0,189.0,0.0,0.0,1016.1,0.0,-13.2,IDRSING3
5421,14.1,0.0,0.0,2017-07-20 03:02:00,14.0,189.0,0.0,0.0,1016.1,0.0,-13.0,IDRSING3
5422,13.9,0.0,0.0,2017-07-20 03:07:00,13.0,189.0,0.0,0.0,1016.1,0.0,-14.1,IDRSING3
5423,14.0,0.0,0.0,2017-07-20 03:12:00,14.0,189.0,0.0,0.0,1016.1,0.36,-13.1,IDRSING3
5424,13.9,0.0,0.0,2017-07-20 03:17:00,14.0,189.0,0.0,0.0,1016.1,1.22,-13.2,IDRSING3
5425,13.8,0.0,0.0,2017-07-20 03:22:00,14.0,189.0,0.0,0.0,1016.1,3.43,-13.2,IDRSING3
5426,13.8,0.0,0.0,2017-07-20 03:27:00,14.0,189.0,0.0,0.0,1016.1,5.63,-13.2,IDRSING3
5427,13.6,0.0,0.0,2017-07-20 03:32:00,14.0,189.0,0.3,1.8,1016.5,9.91,-13.4,IDRSING3
5428,13.6,0.0,0.0,2017-07-20 03:33:00,14.0,189.0,1.8,1.8,1016.5,9.91,-13.4,IDRSING3
5429,13.2,0.0,0.0,2017-07-20 03:38:00,14.0,189.0,0.3,1.8,1016.5,12.48,-13.7,IDRSING3
5430,13.2,0.0,0.0,2017-07-20 03:43:00,14.0,189.0,0.0,0.0,1016.5,16.39,-13.7,IDRSING3
5431,13.4,0.0,0.0,2017-07-20 03:48:00,13.0,189.0,0.0,0.0,1016.5,17.73,-14.5,IDRSING3
5432,13.8,0.0,0.0,2017-07-20 03:53:00,12.0,189.0,0.0,0.0,1016.5,19.08,-15.1,IDRSING3
5433,13.9,0.0,0.0,2017-07-20 03:58:00,13.0,189.0,0.0,0.0,1016.5,22.02,-14.1,IDRSING3
5434,13.9,0.0,0.0,2017-07-20 04:03:00,12.0,189.0,0.0,0.0,1016.5,27.65,-15.0,IDRSING3
5435,14.1,0.0,0.0,2017-07-20 04:08:00,12.0,189.0,0.0,0.0,1016.5,32.9,-14.9,IDRSING3
5436,14.2,0.0,0.0,2017-07-20 04:13:00,13.0,189.0,0.0,0.0,1016.5,34.25,-13.8,IDRSING3
5437,14.4,0.0,0.0,2017-07-20 04:18:00,13.0,189.0,0.0,0.0,1016.8,40.73,-13.7,IDRSING3
5438,14.5,0.0,0.0,2017-07-20 04:24:00,13.0,189.0,0.0,0.0,1016.8,40.73,-13.6,IDRSING3
5439,14.6,0.0,0.0,2017-07-20 04:29:00,13.0,189.0,0.0,0.0,1016.8,45.87,-13.5,IDRSING3
5440,14.8,0.0,0.0,2017-07-20 04:34:00,13.0,188.0,1.4,1.8,1016.8,49.79,-13.4,IDRSING3
5441,15.1,1.8,0.3,2017-07-20 04:39:00,13.0,188.0,0.0,0.0,1017.2,49.79,-13.1,IDRSING3
5442,15.1,1.8,0.3,2017-07-20 04:44:00,12.0,189.0,0.0,0.0,1016.8,52.48,-14.1,IDRSING3
5443,15.2,0.0,0.3,2017-07-20 04:49:00,12.0,188.0,0.0,0.0,1016.5,55.9,-14.0,IDRSING3
5444,15.3,1.3,0.5,2017-07-20 04:54:00,11.0,188.0,0.0,0.0,1016.5,60.19,-15.0,IDRSING3
5445,15.5,3.0,0.8,2017-07-20 04:59:00,12.0,187.0,0.0,0.0,1016.5,71.07,-13.8,IDRSING3
5446,15.8,1.8,0.8,2017-07-20 05:04:00,11.0,187.0,0.0,0.0,1016.5,81.97,-14.6,IDRSING3
5447,16.0,1.8,0.8,2017-07-20 05:09:00,11.0,187.0,0.0,0.0,1016.5,92.36,-14.5,IDRSING3
5448,16.2,0.0,0.8,2017-07-20 05:14:00,12.0,187.0,0.3,1.8,1016.8,57.25,-13.2,IDRSING3
5449,16.4,0.0,0.8,2017-07-20 05:20:00,12.0,187.0,0.0,0.0,1016.5,72.42,-13.1,IDRSING3
5450,16.5,0.0,0.8,2017-07-20 05:25:00,11.0,187.0,0.0,0.0,1016.8,59.82,-14.1,IDRSING3
5451,16.9,0.0,0.8,2017-07-20 05:30:00,11.0,187.0,0.0,0.0,1016.5,59.33,-13.8,IDRSING3
5452,17.3,0.0,0.8,2017-07-20 05:35:00,11.0,187.0,0.3,1.8,1016.5,66.31,-13.4,IDRSING3
5453,17.8,0.0,0.8,2017-07-20 05:40:00,10.0,187.0,0.0,0.0,1016.5,71.07,-14.2,IDRSING3
5454,18.1,0.0,0.8,2017-07-20 05:45:00,10.0,188.0,3.2,3.5,1016.8,89.79,-14.0,IDRSING3
5455,18.6,0.0,0.8,2017-07-20 05:50:00,99.0,227.0,9.3,9.3,1017.2,120.5,18.4,IDRSING3
5456,19.7,0.0,0.8,2017-07-20 05:55:00,99.0,254.0,7.2,9.3,1017.5,98.36,19.5,IDRSING3
5457,20.1,0.0,0.8,2017-07-20 06:00:00,99.0,269.0,6.1,7.2,1017.2,117.07,19.9,IDRSING3
5458,20.2,0.0,0.8,2017-07-20 06:05:00,99.0,217.0,5.0,7.2,1016.8,124.9,20.0,IDRSING3
5459,20.4,0.0,0.8,2017-07-20 06:10:00,99.0,203.0,4.0,5.5,1016.8,137.51,20.2,IDRSING3
5460,20.6,0.0,0.8,2017-07-20 06:15:00,97.0,214.0,3.5,3.5,1017.2,265.47,20.2,IDRSING3
5461,21.0,0.0,0.8,2017-07-20 06:20:00,91.0,222.0,9.3,11.1,1017.2,315.38,19.5,IDRSING3
5462,21.6,0.0,0.8,2017-07-20 06:25:00,89.0,216.0,1.8,1.8,1016.8,1081.82,19.7,IDRSING3
5463,21.7,0.0,0.8,2017-07-20 06:30:00,86.0,243.0,2.9,5.5,1016.8,2367.8,19.3,IDRSING3
5464,21.8,0.0,0.8,2017-07-20 06:36:00,84.0,222.0,0.3,1.8,1017.2,431.11,19.0,IDRSING3
5465,22.6,0.0,0.8,2017-07-20 06:41:00,80.0,222.0,0.0,0.0,1016.8,454.11,19.0,IDRSING3
5466,23.5,0.0,0.8,2017-07-20 06:46:00,79.0,199.0,0.0,0.0,1016.5,484.94,19.7,IDRSING3
5467,23.9,0.0,0.8,2017-07-20 06:51:00,75.0,167.0,4.7,5.5,1016.5,536.08,19.2,IDRSING3
5468,23.6,0.0,0.8,2017-07-20 06:56:00,74.0,168.0,1.1,1.8,1016.5,550.51,18.7,IDRSING3
5469,23.3,0.0,0.8,2017-07-20 07:01:00,74.0,168.0,2.9,3.5,1016.8,584.28,18.4,IDRSING3
5470,23.2,0.0,0.8,2017-07-20 07:06:00,75.0,250.0,4.7,5.5,1016.8,604.21,18.6,IDRSING3
5471,23.5,0.0,0.8,2017-07-20 07:11:00,72.0,245.0,0.3,1.8,1016.8,615.11,18.2,IDRSING3
5472,23.8,0.0,0.8,2017-07-20 07:16:00,73.0,220.0,0.0,0.0,1016.5,631.99,18.7,IDRSING3
5473,25.0,0.0,0.8,2017-07-20 07:21:00,65.0,219.0,0.0,0.0,1016.5,631.13,18.0,IDRSING3
5474,25.8,0.0,0.8,2017-07-20 07:26:00,63.0,219.0,1.4,1.8,1016.8,633.7,18.2,IDRSING3
5475,25.7,0.0,0.8,2017-07-20 07:31:00,64.0,219.0,1.4,1.8,1016.8,647.65,18.4,IDRSING3
5476,25.9,0.0,0.8,2017-07-20 07:36:00,65.0,219.0,1.8,3.5,1016.8,668.45,18.8,IDRSING3
5477,26.3,0.0,0.8,2017-07-20 07:41:00,61.0,183.0,2.6,3.5,1016.5,681.41,18.2,IDRSING3
5478,26.7,0.0,0.8,2017-07-20 07:46:00,61.0,191.0,0.0,0.0,1016.5,688.38,18.6,IDRSING3
5479,27.1,0.0,0.8,2017-07-20 07:52:00,60.0,158.0,0.3,1.8,1016.5,724.35,18.7,IDRSING3
5480,27.3,0.0,0.8,2017-07-20 07:57:00,58.0,168.0,0.6,1.8,1016.5,711.02,18.3,IDRSING3
5481,27.5,0.0,0.8,2017-07-20 08:02:00,59.0,169.0,1.1,1.8,1016.5,721.78,18.8,IDRSING3
5482,27.2,0.0,0.8,2017-07-20 08:07:00,59.0,161.0,2.1,3.5,1016.5,744.41,18.5,IDRSING3
5483,27.2,0.0,0.8,2017-07-20 08:12:00,58.0,181.0,1.1,1.8,1016.5,774.75,18.2,IDRSING3
5484,27.5,0.0,0.8,2017-07-20 08:17:00,56.0,128.0,0.0,0.0,1016.5,784.29,18.0,IDRSING3
5485,27.9,0.0,0.8,2017-07-20 08:22:00,57.0,121.0,0.6,1.8,1016.5,799.46,18.6,IDRSING3
5486,27.0,0.0,0.8,2017-07-20 08:27:00,59.0,140.0,0.0,0.0,1016.5,803.75,18.3,IDRSING3
5487,28.1,0.0,0.8,2017-07-20 08:32:00,57.0,137.0,3.5,5.5,1015.8,816.35,18.8,IDRSING3
5488,28.1,0.0,0.8,2017-07-20 08:37:00,58.0,108.0,0.0,0.0,1016.1,807.29,19.1,IDRSING3
5489,28.1,0.0,0.8,2017-07-20 08:42:00,57.0,178.0,1.4,1.8,1016.5,815.12,18.8,IDRSING3
5490,28.6,0.0,0.8,2017-07-20 08:47:00,55.0,191.0,0.0,0.0,1016.5,816.35,18.7,IDRSING3
5491,28.8,0.0,0.8,2017-07-20 08:52:00,54.0,183.0,4.0,5.5,1016.1,816.35,18.6,IDRSING3
5492,28.5,0.0,0.8,2017-07-20 08:57:00,53.0,218.0,3.2,3.5,1016.1,787.36,18.0,IDRSING3
5493,28.4,0.0,0.8,2017-07-20 09:02:00,53.0,174.0,0.3,1.8,1016.5,804.73,17.9,IDRSING3
5494,29.3,0.0,0.8,2017-07-20 09:07:00,49.0,161.0,0.3,1.8,1016.1,822.46,17.5,IDRSING3
5495,29.7,0.0,0.8,2017-07-20 09:12:00,50.0,227.0,7.9,11.1,1016.1,794.7,18.2,IDRSING3
5496,28.2,0.0,0.8,2017-07-20 09:17:00,50.0,218.0,10.5,14.8,1016.5,769.12,16.8,IDRSING3
5497,28.9,0.0,0.8,2017-07-20 09:22:00,49.0,182.0,1.8,1.8,1016.1,777.81,17.2,IDRSING3
5498,29.7,0.0,0.8,2017-07-20 09:27:00,47.0,210.0,7.9,9.3,1016.1,771.7,17.2,IDRSING3
5499,28.9,0.0,0.8,2017-07-20 09:32:00,49.0,265.0,6.1,7.2,1016.1,759.09,17.2,IDRSING3
5500,28.6,0.0,0.8,2017-07-20 09:37:00,45.0,182.0,2.9,3.5,1015.8,691.93,15.5,IDRSING3
5501,29.7,0.0,0.8,2017-07-20 09:42:00,46.0,191.0,0.6,1.8,1015.8,592.96,16.9,IDRSING3
5502,30.1,0.0,0.8,2017-07-20 09:47:00,46.0,251.0,3.5,3.5,1015.8,575.59,17.2,IDRSING3
5503,30.1,0.0,0.8,2017-07-20 09:52:00,48.0,114.0,0.0,0.0,1015.5,643.73,17.9,IDRSING3
5504,30.9,0.0,0.8,2017-07-20 09:57:00,43.0,214.0,1.8,1.8,1015.8,677.99,16.9,IDRSING3
5505,31.0,0.0,0.8,2017-07-20 10:02:00,44.0,158.0,1.4,1.8,1015.5,736.09,17.4,IDRSING3
5506,31.0,0.0,0.8,2017-07-20 10:08:00,44.0,189.0,1.4,1.8,1015.5,723.5,17.4,IDRSING3
5507,31.3,0.0,0.8,2017-07-20 10:13:00,43.0,120.0,0.0,0.0,1015.5,756.89,17.3,IDRSING3
5508,31.6,0.0,0.8,2017-07-20 10:18:00,44.0,120.0,0.3,1.8,1015.5,768.27,17.9,IDRSING3
5509,31.8,0.0,0.8,2017-07-20 10:23:00,40.0,114.0,1.1,1.8,1015.5,801.67,16.6,IDRSING3
5510,31.6,0.0,0.8,2017-07-20 10:28:00,44.0,117.0,0.0,0.0,1015.5,783.44,17.9,IDRSING3
5511,31.7,0.0,0.8,2017-07-20 10:33:00,42.0,116.0,4.3,5.5,1015.1,768.63,17.3,IDRSING3
5512,32.0,0.0,0.8,2017-07-20 10:38:00,43.0,179.0,0.0,0.0,1015.1,781.73,17.9,IDRSING3
5513,31.9,0.0,0.8,2017-07-20 10:43:00,40.0,119.0,0.0,0.0,1015.5,778.67,16.7,IDRSING3
5514,31.6,0.0,0.8,2017-07-20 10:48:00,39.0,219.0,5.0,7.2,1015.1,793.35,16.0,IDRSING3
5515,32.3,0.0,0.8,2017-07-20 10:53:00,41.0,203.0,0.0,0.0,1015.1,776.46,17.4,IDRSING3
5516,32.4,0.0,0.8,2017-07-20 10:58:00,39.0,132.0,1.4,3.5,1015.1,780.38,16.7,IDRSING3
5517,32.5,0.0,0.8,2017-07-20 11:03:00,39.0,121.0,0.6,1.8,1014.8,774.75,16.8,IDRSING3
5518,32.4,0.0,0.8,2017-07-20 11:08:00,38.0,121.0,2.1,3.5,1014.8,753.46,16.3,IDRSING3
5519,32.9,0.0,0.8,2017-07-20 11:13:00,40.0,192.0,0.3,1.8,1015.1,766.07,17.6,IDRSING3
5520,32.9,0.0,0.8,2017-07-20 11:18:00,38.0,120.0,0.0,0.0,1014.8,778.67,16.7,IDRSING3
5521,33.1,0.0,0.8,2017-07-20 11:24:00,36.0,159.0,0.3,1.8,1014.8,743.07,16.1,IDRSING3
5522,32.9,0.0,0.8,2017-07-20 11:29:00,36.0,153.0,0.3,1.8,1014.8,699.64,15.9,IDRSING3
5523,33.5,0.0,0.8,2017-07-20 11:34:00,36.0,148.0,1.1,1.8,1014.8,705.26,16.4,IDRSING3
5524,34.0,0.0,0.8,2017-07-20 11:39:00,36.0,179.0,5.5,7.2,1014.8,730.96,16.9,IDRSING3
5525,33.9,0.0,0.8,2017-07-20 11:40:00,37.0,174.0,1.8,1.8,1014.4,736.09,17.2,IDRSING3
5526,33.7,0.0,0.8,2017-07-20 11:45:00,35.0,129.0,0.0,0.0,1014.8,750.04,16.2,IDRSING3
5527,33.7,0.0,0.8,2017-07-20 11:50:00,35.0,223.0,1.1,1.8,1014.4,746.12,16.2,IDRSING3
5528,34.2,0.0,0.8,2017-07-20 11:56:00,33.0,195.0,6.9,9.3,1014.4,726.55,15.7,IDRSING3
5529,32.8,0.0,0.8,2017-07-20 12:01:00,35.0,161.0,1.4,1.8,1014.4,736.58,15.4,IDRSING3
5530,33.8,0.0,0.8,2017-07-20 12:06:00,35.0,166.0,1.4,1.8,1014.4,742.58,16.2,IDRSING3
5531,34.3,0.0,0.8,2017-07-20 12:11:00,33.0,250.0,10.8,13.0,1014.4,728.26,15.8,IDRSING3
5532,33.5,0.0,0.8,2017-07-20 12:16:00,34.0,227.0,7.6,9.3,1014.4,625.01,15.5,IDRSING3
5533,33.1,0.0,0.8,2017-07-20 12:21:00,34.0,312.0,6.1,7.2,1014.1,628.07,15.2,IDRSING3
5534,33.5,0.0,0.8,2017-07-20 12:26:00,33.0,229.0,5.5,5.5,1014.1,826.75,15.1,IDRSING3
5535,34.4,0.0,0.8,2017-07-20 12:31:00,35.0,135.0,1.1,1.8,1014.1,753.46,16.8,IDRSING3
5536,34.5,0.0,0.8,2017-07-20 12:36:00,33.0,116.0,0.3,1.8,1014.1,744.41,15.9,IDRSING3
5537,34.6,0.0,0.8,2017-07-20 12:41:00,32.0,183.0,1.1,1.8,1014.4,766.07,15.5,IDRSING3
5538,34.4,0.0,0.8,2017-07-20 12:46:00,34.0,234.0,13.0,18.3,1014.1,427.69,16.3,IDRSING3
5539,33.5,0.0,0.8,2017-07-20 12:51:00,35.0,190.0,1.4,1.8,1014.1,495.82,16.0,IDRSING3
5540,33.9,0.0,0.8,2017-07-20 12:56:00,35.0,194.0,2.1,5.5,1014.1,381.32,16.3,IDRSING3
5541,34.2,0.0,0.8,2017-07-20 13:01:00,36.0,191.0,2.9,3.5,1013.8,902.72,17.0,IDRSING3
5542,34.4,0.0,0.8,2017-07-20 13:06:00,34.0,199.0,7.9,11.1,1014.1,412.52,16.3,IDRSING3
5543,33.5,0.0,0.8,2017-07-20 13:11:00,36.0,239.0,0.3,1.8,1013.8,525.67,16.4,IDRSING3
5544,33.7,0.0,0.8,2017-07-20 13:16:00,35.0,211.0,3.5,5.5,1013.8,319.17,16.2,IDRSING3
5545,34.1,0.0,0.8,2017-07-20 13:21:00,35.0,288.0,7.9,9.3,1013.8,434.66,16.5,IDRSING3
5546,33.3,0.0,0.8,2017-07-20 13:26:00,36.0,229.0,9.7,11.1,1013.8,758.73,16.2,IDRSING3
5547,33.8,0.0,0.8,2017-07-20 13:31:00,36.0,227.0,10.5,11.1,1013.8,648.87,16.7,IDRSING3
5548,34.1,0.0,0.8,2017-07-20 13:36:00,35.0,298.0,10.1,11.1,1013.8,543.91,16.5,IDRSING3
5549,33.5,0.0,0.8,2017-07-20 13:41:00,36.0,286.0,1.8,1.8,1013.8,575.59,16.4,IDRSING3
5550,34.1,0.0,0.8,2017-07-20 13:46:00,36.0,256.0,3.5,3.5,1013.8,578.16,17.0,IDRSING3
5551,34.1,0.0,0.8,2017-07-20 13:52:00,36.0,302.0,10.8,13.0,1013.4,593.45,17.0,IDRSING3
5552,34.4,0.0,0.8,2017-07-20 13:57:00,36.0,251.0,7.9,11.1,1013.8,570.45,17.2,IDRSING3
5553,33.9,0.0,0.8,2017-07-20 14:02:00,35.0,295.0,5.5,5.5,1013.8,580.85,16.3,IDRSING3
5554,33.7,0.0,0.8,2017-07-20 14:07:00,35.0,234.0,7.2,9.3,1013.8,488.37,16.2,IDRSING3
5555,33.8,0.0,0.8,2017-07-20 14:12:00,35.0,333.0,6.1,9.3,1013.8,519.68,16.2,IDRSING3
5556,34.1,0.0,0.8,2017-07-20 14:17:00,35.0,251.0,5.5,5.5,1013.4,461.94,16.5,IDRSING3
5557,34.8,0.0,0.8,2017-07-20 14:22:00,33.0,218.0,6.4,7.2,1013.4,507.45,16.2,IDRSING3
5558,35.0,0.0,0.8,2017-07-20 14:27:00,34.0,229.0,0.0,0.0,1013.4,459.74,16.8,IDRSING3
5559,34.2,0.0,0.8,2017-07-20 14:32:00,34.0,288.0,4.0,5.5,1013.1,411.66,16.1,IDRSING3
5560,34.6,0.0,0.8,2017-07-20 14:37:00,34.0,347.0,2.6,7.2,1013.1,436.37,16.5,IDRSING3
5561,35.3,0.0,0.8,2017-07-20 14:42:00,34.0,111.0,2.1,3.5,1013.4,401.26,17.1,IDRSING3
5562,35.2,0.0,0.8,2017-07-20 14:47:00,35.0,115.0,1.1,1.8,1013.1,350.49,17.5,IDRSING3
5563,34.8,0.0,0.8,2017-07-20 14:52:00,37.0,113.0,0.0,0.0,1013.4,202.95,18.0,IDRSING3
5564,34.1,0.0,0.8,2017-07-20 14:57:00,37.0,113.0,0.0,0.0,1013.1,211.15,17.4,IDRSING3
5565,33.5,0.0,0.8,2017-07-20 15:02:00,37.0,113.0,0.0,0.0,1013.1,381.32,16.9,IDRSING3
5566,33.6,0.0,0.8,2017-07-20 15:08:00,36.0,130.0,4.7,5.5,1013.1,361.74,16.5,IDRSING3
5567,33.5,0.0,0.8,2017-07-20 15:13:00,36.0,125.0,2.9,5.5,1013.1,390.86,16.4,IDRSING3
5568,33.6,0.0,0.8,2017-07-20 15:18:00,37.0,111.0,0.0,0.0,1012.8,427.2,16.9,IDRSING3
5569,34.3,0.0,0.8,2017-07-20 15:23:00,35.0,135.0,5.5,7.2,1013.1,437.72,16.7,IDRSING3
5570,34.2,0.0,0.8,2017-07-20 15:28:00,36.0,108.0,2.9,5.5,1012.8,393.8,17.0,IDRSING3
5571,33.6,0.0,0.8,2017-07-20 15:33:00,36.0,120.0,7.2,9.3,1012.8,352.2,16.5,IDRSING3
5572,33.5,0.0,0.8,2017-07-20 15:38:00,36.0,132.0,6.4,9.3,1013.1,331.4,16.4,IDRSING3
5573,33.6,0.0,0.8,2017-07-20 15:47:00,37.0,133.0,1.1,3.5,1013.1,195.98,16.9,IDRSING3
5574,33.3,0.0,0.8,2017-07-20 15:52:00,37.0,141.0,3.5,3.5,1012.8,222.53,16.7,IDRSING3
5575,33.2,0.0,0.8,2017-07-20 15:57:00,37.0,137.0,6.9,9.3,1012.8,223.75,16.6,IDRSING3
5576,33.1,0.0,0.8,2017-07-20 16:02:00,36.0,137.0,7.2,7.2,1012.8,221.67,16.1,IDRSING3
5577,33.1,0.0,0.8,2017-07-20 16:07:00,37.0,139.0,4.0,7.2,1012.8,222.9,16.5,IDRSING3
5578,33.1,0.0,0.8,2017-07-20 16:12:00,37.0,144.0,3.5,5.5,1012.8,190.84,16.5,IDRSING3
5579,33.0,0.0,0.8,2017-07-20 16:17:00,37.0,111.0,2.1,3.5,1012.8,159.16,16.4,IDRSING3
5580,32.8,0.0,0.8,2017-07-20 16:22:00,37.0,118.0,3.5,5.5,1012.8,129.68,16.2,IDRSING3
5581,32.6,0.0,0.8,2017-07-20 16:28:00,38.0,142.0,3.2,3.5,1012.8,111.82,16.5,IDRSING3
5582,32.4,0.0,0.8,2017-07-20 16:33:00,38.0,146.0,4.0,5.5,1012.8,89.79,16.3,IDRSING3
5583,32.3,0.0,0.8,2017-07-20 16:38:00,38.0,129.0,2.9,3.5,1012.8,80.25,16.2,IDRSING3
5584,32.0,0.0,0.8,2017-07-20 16:43:00,41.0,129.0,1.4,1.8,1012.8,75.85,17.1,IDRSING3
5585,31.7,0.0,0.8,2017-07-20 16:48:00,43.0,129.0,0.3,1.8,1012.8,74.5,17.6,IDRSING3
5586,31.5,0.0,0.8,2017-07-20 16:53:00,45.0,129.0,0.0,0.0,1012.8,72.79,18.2,IDRSING3
5587,31.5,0.0,0.8,2017-07-20 16:54:00,45.0,129.0,0.0,0.0,1012.8,73.65,18.2,IDRSING3
5588,31.3,0.0,0.8,2017-07-20 16:59:00,45.0,129.0,0.0,0.0,1012.8,80.25,18.0,IDRSING3
5589,31.2,0.0,0.8,2017-07-20 17:04:00,49.0,129.0,0.0,0.0,1012.8,74.14,19.3,IDRSING3
5590,31.0,0.0,0.8,2017-07-20 17:09:00,45.0,129.0,0.0,0.0,1012.8,73.28,17.7,IDRSING3
5591,31.0,0.0,0.8,2017-07-20 17:14:00,43.0,129.0,0.0,0.0,1012.8,78.05,17.0,IDRSING3
5592,31.0,0.0,0.8,2017-07-20 17:19:00,45.0,129.0,0.0,0.0,1013.1,73.28,17.7,IDRSING3
5593,30.9,0.0,0.8,2017-07-20 17:24:00,48.0,129.0,0.0,0.0,1012.8,69.73,18.6,IDRSING3
5594,30.6,0.0,0.8,2017-07-20 17:29:00,50.0,129.0,0.0,0.0,1012.8,64.96,19.0,IDRSING3
5595,30.3,0.0,0.8,2017-07-20 17:34:00,51.0,128.0,0.0,0.0,1012.8,59.82,19.1,IDRSING3
5596,30.0,0.0,0.8,2017-07-20 17:39:00,50.0,128.0,0.0,0.0,1012.8,50.65,18.5,IDRSING3
5597,29.8,0.0,0.8,2017-07-20 17:44:00,51.0,128.0,0.0,0.0,1013.1,39.88,18.6,IDRSING3
5598,29.4,0.0,0.8,2017-07-20 17:49:00,52.0,128.0,0.0,0.0,1013.1,31.56,18.6,IDRSING3
5599,29.2,0.0,0.8,2017-07-20 17:54:00,51.0,128.0,0.0,0.0,1012.8,25.07,18.1,IDRSING3
5600,28.8,0.0,0.8,2017-07-20 18:00:00,52.0,128.0,0.0,0.0,1013.1,19.94,18.0,IDRSING3
5601,28.5,0.0,0.8,2017-07-20 18:05:00,50.0,128.0,0.6,1.8,1012.8,16.02,17.1,IDRSING3
5602,28.4,0.0,0.8,2017-07-20 18:10:00,49.0,193.0,0.3,1.8,1012.8,12.48,16.7,IDRSING3
5603,28.3,0.0,0.8,2017-07-20 18:15:00,49.0,193.0,0.0,0.0,1012.8,9.91,16.6,IDRSING3
5604,28.0,0.0,0.8,2017-07-20 18:20:00,51.0,193.0,0.6,1.8,1013.1,7.34,17.0,IDRSING3
5605,27.5,0.0,0.8,2017-07-20 18:25:00,53.0,193.0,1.1,1.8,1013.1,5.14,17.1,IDRSING3
5606,27.2,0.0,0.8,2017-07-20 18:30:00,54.0,193.0,0.0,0.0,1013.1,3.79,17.1,IDRSING3
5607,27.0,0.0,0.8,2017-07-20 18:36:00,54.0,192.0,0.0,0.0,1013.1,1.71,16.9,IDRSING3
5608,26.9,0.0,0.8,2017-07-20 18:41:00,55.0,192.0,0.0,0.0,1013.4,0.85,17.1,IDRSING3
5609,26.7,0.0,0.8,2017-07-20 18:46:00,55.0,192.0,1.1,1.8,1013.1,0.36,16.9,IDRSING3
5610,26.4,0.0,0.8,2017-07-20 18:51:00,55.0,193.0,1.1,1.8,1013.1,0.0,16.7,IDRSING3
5611,26.3,0.0,0.8,2017-07-20 18:56:00,56.0,193.0,0.0,0.0,1013.1,0.0,16.8,IDRSING3
5612,26.3,0.0,0.8,2017-07-20 19:01:00,56.0,192.0,0.0,0.0,1013.4,0.0,16.8,IDRSING3
5613,26.2,0.0,0.8,2017-07-20 19:06:00,57.0,192.0,0.0,0.0,1013.1,0.0,17.0,IDRSING3
5614,26.0,0.0,0.8,2017-07-20 19:11:00,59.0,192.0,0.0,0.0,1013.1,0.0,17.4,IDRSING3
5615,25.4,0.0,0.8,2017-07-20 19:16:00,63.0,192.0,0.0,0.0,1013.4,0.0,17.9,IDRSING3
5616,25.1,0.0,0.8,2017-07-20 19:21:00,63.0,192.0,0.0,0.0,1013.4,0.0,17.6,IDRSING3
5617,25.0,0.0,0.8,2017-07-20 19:26:00,63.0,192.0,0.0,0.0,1013.8,0.0,17.5,IDRSING3
5618,24.4,0.0,0.8,2017-07-20 19:31:00,66.0,192.0,0.0,0.0,1013.8,0.0,17.6,IDRSING3
5619,24.1,0.0,0.8,2017-07-20 19:36:00,64.0,192.0,0.0,0.0,1013.8,0.0,16.9,IDRSING3
5620,24.1,0.0,0.8,2017-07-20 19:41:00,62.0,192.0,1.4,1.8,1013.8,0.0,16.4,IDRSING3
5621,24.2,0.0,0.8,2017-07-20 19:46:00,62.0,193.0,3.5,3.5,1014.1,0.0,16.5,IDRSING3
5622,24.9,0.0,0.8,2017-07-20 19:52:00,60.0,214.0,5.5,5.5,1014.1,0.0,16.6,IDRSING3
5623,25.1,0.0,0.8,2017-07-20 19:57:00,63.0,238.0,21.2,25.6,1015.1,0.0,17.6,IDRSING3
5624,24.4,0.0,0.8,2017-07-20 20:02:00,67.0,233.0,27.4,31.4,1015.1,0.0,17.9,IDRSING3
5625,23.9,0.0,0.8,2017-07-20 20:07:00,68.0,276.0,25.6,29.4,1015.1,0.0,17.6,IDRSING3
5626,23.7,0.0,0.8,2017-07-20 20:12:00,68.0,268.0,18.7,20.1,1015.1,0.0,17.5,IDRSING3
5627,23.6,0.0,0.8,2017-07-20 20:17:00,69.0,250.0,34.6,38.5,1015.1,0.0,17.6,IDRSING3
5628,23.4,0.0,0.8,2017-07-20 20:20:00,70.0,234.0,20.1,21.9,1015.1,0.0,17.6,IDRSING3
5629,23.2,0.0,0.8,2017-07-20 20:25:00,70.0,240.0,21.2,25.6,1015.1,0.0,17.4,IDRSING3
5630,23.1,0.0,0.8,2017-07-20 20:31:00,71.0,255.0,27.4,31.4,1015.1,0.0,17.6,IDRSING3
5631,22.8,0.0,0.8,2017-07-20 20:36:00,73.0,251.0,25.6,29.4,1015.5,0.0,17.7,IDRSING3
5632,22.3,0.0,0.8,2017-07-20 20:41:00,76.0,268.0,15.4,20.1,1015.5,0.0,17.9,IDRSING3
5633,21.9,0.0,0.8,2017-07-20 20:46:00,79.0,239.0,26.7,33.1,1015.5,0.0,18.1,IDRSING3
5634,21.4,0.0,0.8,2017-07-20 20:51:00,82.0,266.0,24.8,27.7,1015.5,0.0,18.2,IDRSING3
5635,21.2,0.0,0.8,2017-07-20 20:56:00,85.0,252.0,14.3,18.3,1015.8,0.0,18.6,IDRSING3
5636,21.0,0.0,0.8,2017-07-20 21:01:00,85.0,264.0,18.7,21.9,1015.8,0.0,18.4,IDRSING3
5637,21.0,0.0,0.8,2017-07-20 21:06:00,85.0,288.0,19.5,25.6,1015.5,0.0,18.4,IDRSING3
5638,21.0,0.0,0.8,2017-07-20 21:11:00,86.0,278.0,16.3,23.8,1016.1,0.0,18.6,IDRSING3
5639,21.0,0.0,0.8,2017-07-20 21:16:00,87.0,274.0,16.3,18.3,1016.1,0.0,18.8,IDRSING3
5640,21.0,0.0,0.8,2017-07-20 21:21:00,85.0,267.0,12.2,18.3,1016.5,0.0,18.4,IDRSING3
5641,21.2,0.0,0.8,2017-07-20 21:26:00,85.0,267.0,14.3,16.6,1016.5,0.0,18.6,IDRSING3
5642,21.2,0.0,0.8,2017-07-20 21:32:00,85.0,287.0,13.0,18.3,1016.5,0.0,18.6,IDRSING3
5643,21.2,0.0,0.8,2017-07-20 21:37:00,86.0,259.0,11.1,14.8,1017.2,0.0,18.8,IDRSING3
5644,21.1,0.0,0.8,2017-07-20 21:42:00,88.0,293.0,11.6,14.8,1016.8,0.0,19.0,IDRSING3
5645,21.1,0.0,0.8,2017-07-20 21:47:00,88.0,255.0,10.5,11.1,1017.2,0.0,19.0,IDRSING3
5646,21.1,0.0,0.8,2017-07-20 21:52:00,89.0,266.0,9.3,11.1,1017.2,0.0,19.2,IDRSING3
5647,21.2,0.0,0.8,2017-07-20 21:57:00,87.0,286.0,13.7,14.8,1017.5,0.0,19.0,IDRSING3
5648,21.3,0.0,0.0,2017-07-20 22:02:00,86.0,260.0,7.2,7.2,1017.2,0.0,18.9,IDRSING3
5649,21.5,0.0,0.0,2017-07-20 22:07:00,84.0,293.0,7.6,9.3,1017.5,0.0,18.7,IDRSING3
5650,22.1,0.0,0.0,2017-07-20 22:12:00,80.0,266.0,11.9,14.8,1017.5,0.0,18.5,IDRSING3
5651,22.2,0.0,0.0,2017-07-20 22:17:00,80.0,313.0,9.7,13.0,1017.2,0.0,18.6,IDRSING3
5652,21.9,0.0,0.0,2017-07-20 22:22:00,86.0,300.0,10.1,11.1,1017.5,0.0,19.5,IDRSING3
5653,21.6,0.0,0.0,2017-07-20 22:28:00,86.0,325.0,11.9,14.8,1017.5,0.0,19.2,IDRSING3
5654,21.4,0.0,0.0,2017-07-20 22:33:00,88.0,281.0,7.2,9.3,1017.5,0.0,19.3,IDRSING3
5655,21.2,0.0,0.0,2017-07-20 22:38:00,90.0,322.0,11.1,13.0,1017.5,0.0,19.5,IDRSING3
5656,21.1,0.0,0.0,2017-07-20 22:44:00,91.0,291.0,12.2,14.8,1017.5,0.0,19.6,IDRSING3
5657,21.0,0.0,0.0,2017-07-20 22:49:00,92.0,326.0,9.3,13.0,1017.5,0.0,19.7,IDRSING3
5658,21.0,0.0,0.0,2017-07-20 22:54:00,93.0,296.0,11.1,14.8,1017.5,0.0,19.8,IDRSING3
5659,21.0,0.0,0.0,2017-07-20 22:59:00,93.0,291.0,9.0,9.3,1017.8,0.0,19.8,IDRSING3
5660,21.0,0.0,0.0,2017-07-20 23:04:00,93.0,269.0,7.9,13.0,1017.8,0.0,19.8,IDRSING3
5661,21.0,0.0,0.0,2017-07-20 23:09:00,93.0,242.0,11.1,14.8,1018.2,0.0,19.8,IDRSING3
5662,21.0,0.0,0.0,2017-07-20 23:14:00,93.0,240.0,13.4,14.8,1018.5,0.0,19.8,IDRSING3
5663,20.8,0.0,0.0,2017-07-20 23:20:00,97.0,273.0,10.1,11.1,1018.5,0.0,20.4,IDRSING3
5664,20.7,0.0,0.0,2017-07-20 23:25:00,99.0,231.0,15.4,18.3,1018.5,0.0,20.5,IDRSING3
5665,20.6,0.0,0.0,2017-07-20 23:30:00,99.0,213.0,16.9,20.1,1019.2,0.0,20.4,IDRSING3
5666,19.6,3.0,0.5,2017-07-20 23:35:00,13.0,219.0,23.8,27.7,1019.9,0.0,-9.5,IDRSING3
5667,19.0,15.0,2.5,2017-07-20 23:40:00,14.0,230.0,6.1,7.2,1018.8,0.0,-9.1,IDRSING3
5668,18.9,25.9,4.8,2017-07-20 23:45:00,14.0,235.0,0.6,1.8,1018.2,0.0,-9.2,IDRSING3
5669,18.8,15.0,4.8,2017-07-20 23:50:00,13.0,292.0,3.5,5.5,1017.8,0.0,-10.2,IDRSING3
5670,19.0,1.8,5.1,2017-07-20 23:56:00,13.0,299.0,4.0,5.5,1017.8,0.0,-10.0,IDRSING3
5671,19.2,1.8,5.1,2017-07-21 00:01:00,12.0,277.0,6.1,7.2,1017.5,0.0,-10.9,IDRSING3
5672,19.2,3.0,5.6,2017-07-21 00:06:00,13.0,246.0,5.5,5.5,1017.5,0.0,-9.9,IDRSING3
5673,19.0,3.0,5.8,2017-07-21 00:12:00,13.0,268.0,3.2,3.5,1017.5,0.0,-10.0,IDRSING3
5674,19.0,1.3,5.8,2017-07-21 00:17:00,13.0,272.0,4.0,5.5,1017.8,0.0,-10.0,IDRSING3
5675,19.0,0.0,5.8,2017-07-21 00:22:00,13.0,291.0,2.1,3.5,1017.5,0.0,-10.0,IDRSING3
5676,19.0,1.8,6.1,2017-07-21 00:28:00,13.0,278.0,2.1,3.5,1017.5,0.0,-10.0,IDRSING3
5677,19.0,1.8,6.1,2017-07-21 00:33:00,13.0,303.0,8.2,9.3,1017.8,0.0,-10.0,IDRSING3
5678,19.0,0.0,6.1,2017-07-21 00:38:00,13.0,262.0,3.2,3.5,1017.8,0.0,-10.0,IDRSING3
5679,19.0,0.0,6.1,2017-07-21 00:44:00,13.0,283.0,1.4,1.8,1017.8,0.0,-10.0,IDRSING3
5680,19.0,0.0,6.1,2017-07-21 00:49:00,13.0,257.0,1.8,1.8,1017.8,0.0,-10.0,IDRSING3
5681,19.0,1.3,6.3,2017-07-21 00:54:00,13.0,247.0,5.5,7.2,1017.8,0.0,-10.0,IDRSING3
5682,19.1,1.3,6.3,2017-07-21 01:00:00,13.0,280.0,8.7,11.1,1017.8,0.0,-9.9,IDRSING3
5683,19.0,1.8,6.6,2017-07-21 01:05:00,13.0,276.0,6.1,7.2,1017.5,0.0,-10.0,IDRSING3
5684,19.0,1.8,6.6,2017-07-21 01:10:00,13.0,271.0,7.6,9.3,1017.8,0.0,-10.0,IDRSING3
5685,18.9,1.3,6.9,2017-07-21 01:15:00,13.0,321.0,10.5,13.0,1017.8,0.0,-10.1,IDRSING3
5686,18.9,1.3,6.9,2017-07-21 01:20:00,12.0,264.0,6.4,9.3,1017.8,0.0,-11.1,IDRSING3
5687,18.9,1.8,7.1,2017-07-21 01:25:00,12.0,276.0,5.5,7.2,1017.8,0.0,-11.1,IDRSING3
5688,18.9,3.0,7.4,2017-07-21 01:30:00,12.0,273.0,7.2,9.3,1017.8,0.0,-11.1,IDRSING3
5689,18.8,3.0,7.6,2017-07-21 01:35:00,12.0,296.0,5.5,7.2,1017.8,0.0,-11.2,IDRSING3
5690,18.8,1.8,7.6,2017-07-21 01:41:00,12.0,255.0,5.5,7.2,1017.5,0.0,-11.2,IDRSING3
5691,18.8,1.3,7.9,2017-07-21 01:46:00,12.0,268.0,3.5,3.5,1017.5,0.0,-11.2,IDRSING3
5692,18.7,3.0,8.1,2017-07-21 01:52:00,12.0,276.0,4.7,5.5,1017.5,0.0,-11.3,IDRSING3
5693,18.8,3.6,8.4,2017-07-21 01:57:00,12.0,299.0,2.6,3.5,1017.5,0.0,-11.2,IDRSING3
5694,18.8,3.0,8.6,2017-07-21 02:02:00,12.0,303.0,2.1,3.5,1017.8,0.0,-11.2,IDRSING3
5695,18.7,4.8,8.9,2017-07-21 02:08:00,11.0,303.0,2.1,3.5,1017.8,0.0,-12.4,IDRSING3
5696,18.7,1.8,8.9,2017-07-21 02:13:00,11.0,303.0,0.0,0.0,1017.8,0.0,-12.4,IDRSING3
5697,18.7,0.0,8.9,2017-07-21 02:18:00,11.0,303.0,2.9,3.5,1017.8,0.0,-12.4,IDRSING3
5698,18.7,0.0,8.9,2017-07-21 02:23:00,10.0,303.0,2.1,3.5,1018.2,0.0,-13.5,IDRSING3
5699,18.7,0.0,8.9,2017-07-21 02:28:00,11.0,303.0,2.1,3.5,1017.8,0.0,-12.4,IDRSING3
5700,18.7,0.0,8.9,2017-07-21 02:33:00,10.0,303.0,1.4,1.8,1018.2,0.0,-13.5,IDRSING3
5701,18.6,0.0,8.9,2017-07-21 02:38:00,10.0,303.0,0.0,0.0,1018.2,0.0,-13.6,IDRSING3
5702,18.6,0.0,8.9,2017-07-21 02:43:00,10.0,303.0,1.1,1.8,1017.8,0.0,-13.6,IDRSING3
5703,18.6,0.0,8.9,2017-07-21 02:48:00,10.0,303.0,0.0,0.0,1018.2,0.0,-13.6,IDRSING3
5704,18.5,0.0,8.9,2017-07-21 02:53:00,10.0,303.0,1.4,1.8,1018.2,0.0,-13.7,IDRSING3
5705,18.6,1.3,9.1,2017-07-21 02:58:00,10.0,301.0,4.0,5.5,1018.2,0.0,-13.6,IDRSING3
5706,18.7,1.3,9.1,2017-07-21 03:03:00,10.0,273.0,3.5,3.5,1018.2,0.0,-13.5,IDRSING3
5707,18.8,0.0,9.1,2017-07-21 03:08:00,10.0,273.0,3.2,3.5,1018.2,0.0,-13.5,IDRSING3
5708,18.8,0.0,9.1,2017-07-21 03:13:00,10.0,277.0,4.0,5.5,1018.2,0.85,-13.5,IDRSING3
5709,18.8,0.0,9.1,2017-07-21 03:18:00,10.0,310.0,1.8,1.8,1018.2,2.08,-13.5,IDRSING3
5710,18.7,0.0,9.1,2017-07-21 03:24:00,10.0,310.0,2.1,3.5,1018.2,3.43,-13.5,IDRSING3
5711,18.7,0.0,9.1,2017-07-21 03:29:00,10.0,310.0,0.0,0.0,1018.2,4.77,-13.5,IDRSING3
5712,18.6,0.0,9.1,2017-07-21 03:34:00,10.0,310.0,0.0,0.0,1018.2,5.99,-13.6,IDRSING3
5713,18.6,0.0,9.1,2017-07-21 03:39:00,10.0,310.0,0.0,0.0,1018.2,7.7,-13.6,IDRSING3
5714,18.6,0.0,9.1,2017-07-21 03:44:00,10.0,310.0,0.0,0.0,1018.2,10.77,-13.6,IDRSING3
5715,18.6,0.0,9.1,2017-07-21 03:49:00,10.0,310.0,2.1,3.5,1018.2,12.97,-13.6,IDRSING3
5716,18.7,0.0,9.1,2017-07-21 03:54:00,10.0,225.0,4.0,5.5,1018.5,16.39,-13.5,IDRSING3
5717,18.8,0.0,9.1,2017-07-21 04:00:00,10.0,220.0,0.3,1.8,1018.5,21.16,-13.5,IDRSING3
5718,18.7,0.0,9.1,2017-07-21 04:05:00,10.0,220.0,0.0,0.0,1018.5,23.85,-13.5,IDRSING3
5719,18.8,0.0,9.1,2017-07-21 04:10:00,10.0,220.0,0.0,0.0,1018.5,25.07,-13.5,IDRSING3
5720,18.9,0.0,9.1,2017-07-21 04:15:00,10.0,220.0,1.8,1.8,1018.2,28.14,-13.4,IDRSING3
5721,19.0,0.0,9.1,2017-07-21 04:20:00,10.0,267.0,4.3,5.5,1018.5,31.19,-13.3,IDRSING3
5722,19.1,0.0,9.1,2017-07-21 04:25:00,11.0,275.0,5.0,5.5,1018.5,28.99,-12.0,IDRSING3
5723,19.2,0.0,9.1,2017-07-21 04:30:00,10.0,281.0,3.5,3.5,1018.2,38.17,-13.1,IDRSING3
5724,19.2,0.0,9.1,2017-07-21 04:35:00,10.0,268.0,5.5,5.5,1018.8,47.71,-13.1,IDRSING3
5725,19.2,0.0,9.1,2017-07-21 04:40:00,10.0,275.0,3.5,3.5,1018.5,51.5,-13.1,IDRSING3
5726,19.3,0.0,9.1,2017-07-21 04:45:00,11.0,297.0,6.4,7.2,1018.5,61.17,-11.9,IDRSING3
5727,19.4,0.0,9.1,2017-07-21 04:50:00,11.0,291.0,4.0,5.5,1018.5,52.48,-11.8,IDRSING3
5728,19.4,0.0,9.1,2017-07-21 04:56:00,11.0,306.0,3.5,3.5,1018.5,52.85,-11.8,IDRSING3
5729,19.5,0.0,9.1,2017-07-21 05:01:00,11.0,326.0,4.0,5.5,1018.8,54.56,-11.7,IDRSING3
5730,19.6,0.0,9.1,2017-07-21 05:06:00,11.0,275.0,1.8,1.8,1018.5,102.27,-11.7,IDRSING3
5731,19.7,0.0,9.1,2017-07-21 05:11:00,11.0,288.0,5.5,5.5,1018.8,111.82,-11.6,IDRSING3
5732,19.8,0.0,9.1,2017-07-21 05:16:00,12.0,299.0,6.1,7.2,1018.8,140.44,-10.4,IDRSING3
5733,19.9,0.0,9.1,2017-07-21 05:21:00,12.0,306.0,4.3,5.5,1018.8,111.82,-10.3,IDRSING3
5734,20.0,0.0,9.1,2017-07-21 05:26:00,12.0,312.0,2.9,3.5,1018.5,103.13,-10.2,IDRSING3
5735,20.0,0.0,9.1,2017-07-21 05:31:00,12.0,293.0,6.1,7.2,1018.8,117.93,-10.2,IDRSING3
5736,20.2,0.0,9.1,2017-07-21 05:37:00,12.0,276.0,5.8,7.2,1018.8,94.56,-10.1,IDRSING3
5737,20.4,0.0,9.1,2017-07-21 05:42:00,12.0,277.0,2.9,3.5,1018.8,89.31,-9.9,IDRSING3
5738,20.7,0.0,9.1,2017-07-21 05:47:00,11.0,314.0,4.0,5.5,1018.8,179.59,-10.8,IDRSING3
5739,21.0,0.0,9.1,2017-07-21 05:52:00,10.0,310.0,7.9,9.3,1018.8,207.36,-11.8,IDRSING3
5740,20.9,0.0,9.1,2017-07-21 05:57:00,10.0,309.0,6.9,7.2,1018.8,174.81,-11.8,IDRSING3
5741,20.8,0.0,9.1,2017-07-21 06:02:00,11.0,272.0,7.2,9.3,1018.8,170.9,-10.7,IDRSING3
5742,20.7,0.0,9.1,2017-07-21 06:07:00,11.0,283.0,6.4,9.3,1018.8,137.87,-10.8,IDRSING3
5743,20.7,0.0,9.1,2017-07-21 06:12:00,12.0,278.0,8.2,9.3,1018.8,151.33,-9.7,IDRSING3
5744,21.1,0.0,9.1,2017-07-21 06:17:00,10.0,275.0,7.9,9.3,1019.2,139.58,-11.7,IDRSING3
5745,21.3,0.0,9.1,2017-07-21 06:22:00,10.0,325.0,12.2,16.6,1019.2,119.27,-11.5,IDRSING3
5746,21.3,0.0,9.1,2017-07-21 06:28:00,99.0,312.0,10.5,13.0,1018.8,118.78,21.1,IDRSING3
5747,21.4,0.0,9.1,2017-07-21 06:32:00,10.0,288.0,10.1,11.1,1019.2,124.05,-11.5,IDRSING3
5748,21.4,0.0,9.1,2017-07-21 06:37:00,10.0,288.0,7.9,9.3,1019.2,126.12,-11.5,IDRSING3
5749,21.6,0.0,9.1,2017-07-21 06:42:00,10.0,276.0,10.5,13.0,1019.2,135.67,-11.3,IDRSING3
5750,21.7,0.0,9.1,2017-07-21 06:47:00,10.0,270.0,9.7,11.1,1019.2,137.51,-11.2,IDRSING3
5751,22.0,0.0,9.1,2017-07-21 06:52:00,99.0,347.0,11.9,14.8,1019.2,176.9,21.8,IDRSING3
5752,22.0,0.0,9.1,2017-07-21 06:57:00,99.0,314.0,5.8,7.2,1019.2,169.56,21.8,IDRSING3
5753,22.2,0.0,9.1,2017-07-21 07:02:00,10.0,253.0,7.6,11.1,1019.2,175.19,-10.8,IDRSING3
5754,22.4,0.0,9.1,2017-07-21 07:08:00,99.0,336.0,7.9,9.3,1019.2,183.5,22.2,IDRSING3
5755,22.5,0.0,9.1,2017-07-21 07:13:00,99.0,299.0,9.7,11.1,1019.5,192.56,22.3,IDRSING3
5756,22.4,0.0,9.1,2017-07-21 07:18:00,99.0,269.0,11.1,13.0,1019.2,221.18,22.2,IDRSING3
5757,22.4,0.0,9.1,2017-07-21 07:24:00,99.0,259.0,6.9,9.3,1019.5,147.9,22.2,IDRSING3
5758,22.5,0.0,9.1,2017-07-21 07:29:00,99.0,302.0,6.1,7.2,1019.5,120.5,22.3,IDRSING3
5759,22.5,0.0,9.1,2017-07-21 07:34:00,99.0,300.0,4.7,5.5,1019.5,165.64,22.3,IDRSING3
5760,22.9,0.0,9.1,2017-07-21 07:40:00,99.0,308.0,8.7,11.1,1019.5,189.49,22.7,IDRSING3
5761,22.9,0.0,9.1,2017-07-21 07:45:00,99.0,268.0,5.5,7.2,1019.5,212.13,22.7,IDRSING3
5762,23.0,0.0,9.1,2017-07-21 07:50:00,96.0,314.0,7.6,9.3,1019.5,299.23,22.4,IDRSING3
5763,23.2,0.0,9.1,2017-07-21 07:55:00,94.0,348.0,7.2,9.3,1019.5,739.64,22.1,IDRSING3
5764,23.6,0.0,9.1,2017-07-21 08:00:00,98.0,288.0,9.0,11.1,1019.5,778.67,23.3,IDRSING3
5765,23.3,0.0,9.1,2017-07-21 08:05:00,98.0,302.0,8.7,11.1,1019.5,778.18,23.0,IDRSING3
5766,23.3,0.0,9.1,2017-07-21 08:10:00,99.0,294.0,7.6,9.3,1019.5,170.05,23.1,IDRSING3
5767,23.2,0.0,9.1,2017-07-21 08:16:00,95.0,314.0,7.9,9.3,1019.5,833.72,22.3,IDRSING3
5768,23.6,0.0,9.1,2017-07-21 08:21:00,96.0,321.0,11.9,13.0,1019.5,137.51,23.0,IDRSING3
5769,23.2,0.0,9.1,2017-07-21 08:26:00,96.0,338.0,7.9,9.3,1019.9,811.58,22.6,IDRSING3
5770,23.7,0.0,9.1,2017-07-21 08:32:00,99.0,286.0,1.8,1.8,1019.5,182.15,23.5,IDRSING3
5771,23.7,0.0,9.1,2017-07-21 08:37:00,96.0,291.0,9.7,11.1,1019.5,850.6,23.1,IDRSING3
5772,23.7,0.0,9.1,2017-07-21 08:42:00,99.0,291.0,7.2,9.3,1019.5,181.67,23.5,IDRSING3
5773,23.4,0.0,9.1,2017-07-21 08:47:00,97.0,270.0,7.2,7.2,1019.5,221.67,23.0,IDRSING3
5774,23.5,0.0,9.1,2017-07-21 08:53:00,99.0,270.0,7.2,9.3,1019.9,930.85,23.3,IDRSING3
5775,24.1,0.0,9.1,2017-07-21 08:58:00,94.0,312.0,11.9,14.8,1019.5,199.53,23.0,IDRSING3
5776,23.7,0.0,9.1,2017-07-21 09:03:00,93.0,270.0,5.5,5.5,1019.5,763.87,22.5,IDRSING3
5777,24.2,0.0,9.1,2017-07-21 09:08:00,85.0,334.0,11.9,13.0,1019.9,814.27,21.5,IDRSING3
5778,24.6,0.0,9.1,2017-07-21 09:13:00,88.0,272.0,4.0,5.5,1019.5,897.09,22.5,IDRSING3
5779,24.6,0.0,9.1,2017-07-21 09:14:00,83.0,271.0,5.8,7.2,1019.5,901.86,21.5,IDRSING3
5780,24.4,0.0,9.1,2017-07-21 09:19:00,85.0,301.0,7.2,9.3,1019.5,190.84,21.7,IDRSING3
5781,24.4,0.0,9.1,2017-07-21 09:24:00,81.0,325.0,10.5,13.0,1019.5,819.41,20.9,IDRSING3
5782,24.5,0.0,9.1,2017-07-21 09:29:00,83.0,275.0,5.5,7.2,1019.9,206.01,21.5,IDRSING3
5783,24.3,0.0,9.1,2017-07-21 09:34:00,80.0,277.0,4.3,5.5,1019.5,810.72,20.6,IDRSING3
5784,25.1,0.0,9.1,2017-07-21 09:40:00,78.0,286.0,5.8,7.2,1019.5,772.55,21.0,IDRSING3
5785,24.9,0.0,9.1,2017-07-21 09:45:00,80.0,302.0,9.7,11.1,1019.9,201.24,21.2,IDRSING3
5786,24.7,0.0,9.1,2017-07-21 09:50:00,78.0,319.0,8.7,11.1,1019.5,796.9,20.6,IDRSING3
5787,25.4,0.0,9.1,2017-07-21 09:55:00,76.0,310.0,4.0,5.5,1019.5,551.37,20.9,IDRSING3
5788,25.3,0.0,9.1,2017-07-21 10:01:00,75.0,327.0,6.4,7.2,1019.5,806.44,20.6,IDRSING3
5789,25.8,0.0,9.1,2017-07-21 10:06:00,73.0,303.0,9.3,11.1,1019.5,766.43,20.6,IDRSING3
5790,25.8,0.0,9.1,2017-07-21 10:11:00,72.0,323.0,11.1,13.0,1019.2,252.38,20.4,IDRSING3
5791,25.6,0.0,9.1,2017-07-21 10:16:00,72.0,304.0,6.1,7.2,1019.2,655.84,20.2,IDRSING3
5792,25.9,0.0,9.1,2017-07-21 10:21:00,71.0,340.0,6.1,7.2,1019.2,635.04,20.3,IDRSING3
5793,26.0,0.0,9.1,2017-07-21 10:26:00,69.0,307.0,6.4,7.2,1019.5,685.82,19.9,IDRSING3
5794,26.0,0.0,9.1,2017-07-21 10:31:00,70.0,312.0,6.1,7.2,1019.2,267.18,20.1,IDRSING3
5795,25.7,0.0,9.1,2017-07-21 10:37:00,72.0,295.0,2.1,3.5,1019.5,466.35,20.3,IDRSING3
5796,26.3,0.0,9.1,2017-07-21 10:42:00,69.0,284.0,9.7,13.0,1019.2,828.09,20.2,IDRSING3
5797,26.3,0.0,9.1,2017-07-21 10:47:00,68.0,333.0,7.9,13.0,1019.2,837.63,19.9,IDRSING3
5798,26.7,0.0,9.1,2017-07-21 10:52:00,67.0,274.0,6.1,9.3,1019.2,825.04,20.1,IDRSING3
5799,26.6,0.0,9.1,2017-07-21 10:57:00,65.0,326.0,2.9,3.5,1019.2,783.8,19.5,IDRSING3
5800,26.7,0.0,9.1,2017-07-21 11:02:00,67.0,338.0,7.6,9.3,1019.2,427.69,20.1,IDRSING3
5801,26.6,0.0,9.1,2017-07-21 11:07:00,69.0,281.0,2.1,3.5,1019.2,702.33,20.5,IDRSING3
5802,26.8,0.0,9.1,2017-07-21 11:12:00,63.0,346.0,7.9,9.3,1019.2,271.1,19.2,IDRSING3
5803,26.6,0.0,9.1,2017-07-21 11:17:00,67.0,14.0,3.5,3.5,1019.2,622.08,20.0,IDRSING3
5804,26.6,0.0,9.1,2017-07-21 11:22:00,64.0,319.0,8.7,11.1,1019.2,651.56,19.3,IDRSING3
5805,26.8,0.0,9.1,2017-07-21 11:27:00,63.0,333.0,4.7,5.5,1019.2,493.62,19.2,IDRSING3
5806,26.7,0.0,9.1,2017-07-21 11:33:00,64.0,302.0,4.7,5.5,1019.2,637.62,19.4,IDRSING3
5807,27.2,0.0,9.1,2017-07-21 11:38:00,61.0,305.0,8.7,11.1,1019.5,752.61,19.1,IDRSING3
5808,27.6,0.0,9.1,2017-07-21 11:43:00,59.0,321.0,9.3,9.3,1019.2,785.52,18.9,IDRSING3
5809,27.8,0.0,9.1,2017-07-21 11:48:00,60.0,305.0,14.3,16.6,1019.2,797.26,19.4,IDRSING3
5810,27.7,0.0,9.1,2017-07-21 11:53:00,58.0,271.0,7.2,7.2,1019.2,789.07,18.7,IDRSING3
5811,27.9,0.0,9.1,2017-07-21 11:58:00,59.0,301.0,8.2,9.3,1019.2,706.24,19.2,IDRSING3
5812,27.7,0.0,9.1,2017-07-21 12:03:00,58.0,330.0,8.7,11.1,1019.2,753.46,18.7,IDRSING3
5813,27.7,0.0,9.1,2017-07-21 12:08:00,57.0,308.0,10.8,13.0,1018.8,686.18,18.4,IDRSING3
5814,27.6,0.0,9.1,2017-07-21 12:13:00,58.0,4.0,11.1,13.0,1018.8,745.27,18.6,IDRSING3
5815,28.1,0.0,9.1,2017-07-21 12:18:00,58.0,305.0,9.7,13.0,1018.8,808.15,19.1,IDRSING3
5816,28.9,0.0,9.1,2017-07-21 12:24:00,57.0,20.0,1.4,1.8,1018.8,735.24,19.6,IDRSING3
5817,28.5,0.0,9.1,2017-07-21 12:28:00,60.0,325.0,3.5,7.2,1018.8,303.15,20.0,IDRSING3
5818,28.1,0.0,9.1,2017-07-21 12:33:00,57.0,309.0,9.7,11.1,1018.8,731.82,18.8,IDRSING3
5819,27.9,0.0,9.1,2017-07-21 12:39:00,59.0,347.0,8.7,13.0,1018.8,723.5,19.2,IDRSING3
5820,27.4,0.0,9.1,2017-07-21 12:44:00,59.0,343.0,5.0,7.2,1018.8,181.3,18.7,IDRSING3
5821,27.5,0.0,9.1,2017-07-21 12:49:00,60.0,284.0,0.3,1.8,1018.8,797.26,19.1,IDRSING3
5822,29.4,0.0,9.1,2017-07-21 12:55:00,56.0,152.0,2.1,3.5,1018.8,221.18,19.7,IDRSING3
5823,28.7,0.0,9.1,2017-07-21 13:00:00,56.0,279.0,1.1,1.8,1018.8,690.96,19.1,IDRSING3
5824,28.5,0.0,9.1,2017-07-21 13:05:00,57.0,317.0,9.7,13.0,1018.8,707.96,19.2,IDRSING3
5825,28.7,0.0,9.1,2017-07-21 13:11:00,56.0,319.0,4.7,5.5,1018.8,663.18,19.1,IDRSING3
5826,29.8,0.0,9.1,2017-07-21 13:16:00,56.0,299.0,4.7,7.2,1018.5,675.41,20.1,IDRSING3
5827,29.6,0.0,9.1,2017-07-21 13:21:00,55.0,23.0,1.8,3.5,1018.8,686.18,19.6,IDRSING3
5828,30.0,0.0,9.1,2017-07-21 13:26:00,52.0,21.0,2.6,3.5,1018.8,577.79,19.1,IDRSING3
5829,29.9,0.0,9.1,2017-07-21 13:31:00,53.0,22.0,0.3,1.8,1018.5,160.02,19.3,IDRSING3
5830,28.2,0.0,9.1,2017-07-21 13:36:00,57.0,330.0,0.0,0.0,1018.5,609.84,18.9,IDRSING3
5831,28.1,0.0,9.1,2017-07-21 13:41:00,54.0,334.0,9.0,13.0,1018.5,650.21,17.9,IDRSING3
5832,28.3,0.0,9.1,2017-07-21 13:47:00,55.0,344.0,6.9,7.2,1018.5,172.98,18.4,IDRSING3
5833,27.9,0.0,9.1,2017-07-21 13:52:00,56.0,284.0,2.1,3.5,1018.5,515.77,18.3,IDRSING3
5834,28.9,0.0,9.1,2017-07-21 13:57:00,54.0,316.0,3.5,5.5,1018.5,608.13,18.7,IDRSING3
5835,29.1,0.0,9.1,2017-07-21 14:02:00,54.0,315.0,1.4,1.8,1018.2,581.22,18.9,IDRSING3
5836,29.8,0.0,9.1,2017-07-21 14:07:00,52.0,316.0,4.3,5.5,1018.5,515.28,18.9,IDRSING3
5837,29.3,0.0,9.1,2017-07-21 14:12:00,51.0,324.0,2.1,3.5,1018.2,539.13,18.2,IDRSING3
5838,29.0,0.0,9.1,2017-07-21 14:17:00,52.0,310.0,5.5,5.5,1018.2,581.7,18.2,IDRSING3
5839,29.4,0.0,9.1,2017-07-21 14:23:00,52.0,303.0,14.3,16.6,1018.2,575.59,18.6,IDRSING3
5840,29.9,0.0,9.1,2017-07-21 14:28:00,51.0,355.0,9.3,11.1,1018.2,525.31,18.7,IDRSING3
5841,29.3,0.0,9.1,2017-07-21 14:33:00,52.0,126.0,3.5,3.5,1018.2,502.31,18.5,IDRSING3
5842,30.1,0.0,9.1,2017-07-21 14:38:00,51.0,126.0,0.0,0.0,1017.8,465.86,18.9,IDRSING3
5843,30.6,0.0,9.1,2017-07-21 14:43:00,51.0,127.0,1.1,3.5,1017.8,462.43,19.3,IDRSING3
5844,30.2,0.0,9.1,2017-07-21 14:48:00,52.0,126.0,1.1,1.8,1018.2,419.86,19.3,IDRSING3
5845,30.6,0.0,9.1,2017-07-21 14:53:00,51.0,126.0,0.0,0.0,1017.8,458.03,19.3,IDRSING3
5846,30.8,0.0,9.1,2017-07-21 14:59:00,50.0,126.0,0.0,0.0,1017.8,442.86,19.2,IDRSING3
5847,30.6,0.0,9.1,2017-07-21 15:04:00,49.0,127.0,0.3,1.8,1017.8,433.31,18.7,IDRSING3
5848,30.7,0.0,9.1,2017-07-21 15:07:00,50.0,126.0,2.9,5.5,1017.8,421.2,19.1,IDRSING3
5849,31.0,0.0,9.1,2017-07-21 15:12:00,48.0,126.0,0.0,0.0,1017.8,414.72,18.7,IDRSING3
5850,30.7,0.0,9.1,2017-07-21 15:17:00,50.0,124.0,1.1,1.8,1017.5,373.0,19.1,IDRSING3
5851,30.1,0.0,9.1,2017-07-21 15:23:00,50.0,123.0,0.3,1.8,1017.5,384.25,18.6,IDRSING3
5852,30.3,0.0,9.1,2017-07-21 15:28:00,54.0,123.0,0.0,0.0,1017.5,367.01,20.0,IDRSING3
5853,31.1,0.0,9.1,2017-07-21 15:33:00,50.0,123.0,2.1,3.5,1017.5,351.71,19.5,IDRSING3
5854,30.8,0.0,9.1,2017-07-21 15:39:00,50.0,123.0,0.0,0.0,1017.5,287.98,19.2,IDRSING3
5855,31.2,0.0,9.1,2017-07-21 15:44:00,47.0,123.0,0.3,1.8,1017.5,318.81,18.6,IDRSING3
5856,30.8,0.0,9.1,2017-07-21 15:49:00,49.0,122.0,0.3,1.8,1017.5,311.83,18.9,IDRSING3
5857,30.9,0.0,9.1,2017-07-21 15:54:00,49.0,122.0,1.1,1.8,1017.8,264.61,19.0,IDRSING3
5858,30.4,0.0,9.1,2017-07-21 15:59:00,49.0,121.0,0.0,0.0,1017.5,245.9,18.5,IDRSING3
5859,30.9,0.0,9.1,2017-07-21 16:04:00,50.0,111.0,1.4,1.8,1017.5,258.0,19.3,IDRSING3
5860,30.7,0.0,9.1,2017-07-21 16:09:00,50.0,111.0,0.0,0.0,1017.8,231.58,19.1,IDRSING3
5861,30.6,0.0,9.1,2017-07-21 16:15:00,50.0,111.0,0.6,1.8,1017.5,218.61,19.0,IDRSING3
5862,30.2,0.0,9.1,2017-07-21 16:20:00,51.0,123.0,0.0,0.0,1017.5,221.67,19.0,IDRSING3
5863,30.6,0.0,9.1,2017-07-21 16:25:00,48.0,123.0,1.1,1.8,1017.5,202.95,18.4,IDRSING3
5864,30.8,0.0,9.1,2017-07-21 16:30:00,48.0,123.0,0.0,0.0,1017.2,191.21,18.6,IDRSING3
5865,30.3,0.0,9.1,2017-07-21 16:35:00,50.0,115.0,0.3,1.8,1017.5,171.27,18.7,IDRSING3
5866,30.4,0.0,9.1,2017-07-21 16:40:00,50.0,115.0,1.8,1.8,1017.5,155.24,18.8,IDRSING3
5867,30.3,0.0,9.1,2017-07-21 16:45:00,50.0,115.0,0.0,0.0,1017.5,137.51,18.7,IDRSING3
5868,30.2,0.0,9.1,2017-07-21 16:51:00,49.0,115.0,1.4,1.8,1017.5,127.47,18.4,IDRSING3
5869,30.1,0.0,9.1,2017-07-21 16:56:00,50.0,114.0,0.3,1.8,1017.5,124.05,18.6,IDRSING3
5870,30.3,0.0,9.1,2017-07-21 17:01:00,50.0,114.0,0.0,0.0,1017.2,113.16,18.7,IDRSING3
5871,30.2,0.0,9.1,2017-07-21 17:06:00,48.0,114.0,0.0,0.0,1017.2,101.05,18.0,IDRSING3
5872,30.2,0.0,9.1,2017-07-21 17:11:00,51.0,114.0,0.0,0.0,1017.2,87.96,19.0,IDRSING3
5873,29.9,0.0,9.1,2017-07-21 17:16:00,51.0,114.0,0.0,0.0,1017.5,81.48,18.7,IDRSING3
5874,29.8,0.0,9.1,2017-07-21 17:21:00,51.0,114.0,1.1,1.8,1017.5,72.79,18.6,IDRSING3
5875,29.5,0.0,9.1,2017-07-21 17:26:00,52.0,114.0,0.0,0.0,1017.2,56.76,18.7,IDRSING3
5876,29.5,0.0,9.1,2017-07-21 17:31:00,54.0,114.0,0.0,0.0,1017.2,50.65,19.2,IDRSING3
5877,29.3,0.0,9.1,2017-07-21 17:36:00,53.0,114.0,0.0,0.0,1017.5,46.73,18.8,IDRSING3
5878,29.3,0.0,9.1,2017-07-21 17:41:00,55.0,114.0,0.0,0.0,1017.5,43.31,19.4,IDRSING3
5879,29.5,0.0,9.1,2017-07-21 17:47:00,53.0,114.0,0.0,0.0,1017.2,38.53,18.9,IDRSING3
5880,29.2,0.0,9.1,2017-07-21 17:52:00,55.0,114.0,0.0,0.0,1017.2,34.25,19.3,IDRSING3
5881,29.1,0.0,9.1,2017-07-21 17:57:00,56.0,114.0,0.0,0.0,1017.2,30.34,19.5,IDRSING3
5882,28.7,0.0,9.1,2017-07-21 18:02:00,57.0,114.0,0.0,0.0,1017.2,25.56,19.4,IDRSING3
5883,27.8,0.0,9.1,2017-07-21 18:07:00,62.0,114.0,0.0,0.0,1017.2,19.94,19.9,IDRSING3
5884,26.9,0.0,9.1,2017-07-21 18:12:00,63.0,114.0,0.0,0.0,1017.2,15.53,19.3,IDRSING3
5885,26.6,0.0,9.1,2017-07-21 18:17:00,68.0,114.0,0.0,0.0,1017.2,13.33,20.2,IDRSING3
5886,26.0,0.0,9.1,2017-07-21 18:22:00,69.0,114.0,0.0,0.0,1017.2,9.91,19.9,IDRSING3
5887,25.3,0.0,9.1,2017-07-21 18:27:00,73.0,114.0,0.0,0.0,1017.2,7.34,20.1,IDRSING3
5888,24.7,0.0,9.1,2017-07-21 18:33:00,76.0,113.0,0.0,0.0,1017.5,4.77,20.2,IDRSING3
5889,24.1,0.0,9.1,2017-07-21 18:38:00,80.0,113.0,0.0,0.0,1017.5,3.43,20.5,IDRSING3
5890,23.5,0.0,9.1,2017-07-21 18:43:00,84.0,113.0,0.0,0.0,1017.5,2.08,20.7,IDRSING3
5891,23.0,0.0,9.1,2017-07-21 18:48:00,84.0,113.0,0.0,0.0,1017.8,0.36,20.2,IDRSING3
5892,22.7,0.0,9.1,2017-07-21 18:53:00,87.0,113.0,0.0,0.0,1017.5,0.0,20.4,IDRSING3
5893,22.4,0.0,9.1,2017-07-21 18:58:00,87.0,113.0,0.0,0.0,1017.8,0.0,20.1,IDRSING3
5894,22.2,0.0,9.1,2017-07-21 19:03:00,88.0,113.0,0.0,0.0,1017.5,0.0,20.1,IDRSING3
5895,22.1,0.0,9.1,2017-07-21 19:08:00,93.0,113.0,0.0,0.0,1017.8,0.0,20.9,IDRSING3
5896,21.9,0.0,9.1,2017-07-21 19:13:00,99.0,113.0,0.0,0.0,1017.8,0.0,21.7,IDRSING3
5897,21.9,0.0,9.1,2017-07-21 19:18:00,99.0,113.0,0.0,0.0,1017.8,0.0,21.7,IDRSING3
5898,21.7,0.0,9.1,2017-07-21 19:23:00,99.0,113.0,0.0,0.0,1018.2,0.0,21.5,IDRSING3
5899,21.3,0.0,9.1,2017-07-21 19:29:00,99.0,113.0,0.0,0.0,1018.2,0.0,21.1,IDRSING3
5900,21.1,0.0,9.1,2017-07-21 19:34:00,99.0,113.0,0.0,0.0,1018.2,0.0,20.9,IDRSING3
5901,21.0,0.0,9.1,2017-07-21 19:39:00,99.0,113.0,0.0,0.0,1017.8,0.0,20.8,IDRSING3
5902,20.8,0.0,9.1,2017-07-21 19:44:00,99.0,113.0,0.0,0.0,1017.8,0.0,20.6,IDRSING3
5903,20.5,0.0,9.1,2017-07-21 19:49:00,99.0,113.0,0.0,0.0,1018.2,0.0,20.3,IDRSING3
5904,20.2,0.0,9.1,2017-07-21 19:55:00,99.0,113.0,0.0,0.0,1017.8,0.0,20.0,IDRSING3
5905,20.0,0.0,9.1,2017-07-21 20:00:00,99.0,113.0,0.0,0.0,1017.8,0.0,19.8,IDRSING3
5906,19.8,0.0,9.1,2017-07-21 20:05:00,10.0,113.0,0.0,0.0,1017.8,0.0,-12.7,IDRSING3
5907,19.7,0.0,9.1,2017-07-21 20:10:00,10.0,113.0,0.0,0.0,1017.8,0.0,-12.8,IDRSING3
5908,19.7,0.0,9.1,2017-07-21 20:15:00,10.0,113.0,0.0,0.0,1017.8,0.0,-12.8,IDRSING3
5909,19.6,0.0,9.1,2017-07-21 20:20:00,10.0,113.0,0.0,0.0,1017.8,0.0,-12.8,IDRSING3
5910,19.5,0.0,9.1,2017-07-21 20:22:00,10.0,113.0,0.0,0.0,1018.2,0.0,-12.9,IDRSING3
5911,19.4,0.0,9.1,2017-07-21 20:27:00,10.0,113.0,0.0,0.0,1017.8,0.0,-13.0,IDRSING3
5912,19.5,0.0,9.1,2017-07-21 20:32:00,10.0,113.0,0.0,0.0,1017.8,0.0,-12.9,IDRSING3
5913,19.5,0.0,9.1,2017-07-21 20:37:00,10.0,113.0,0.0,0.0,1018.2,0.0,-12.9,IDRSING3
5914,19.6,0.0,9.1,2017-07-21 20:43:00,10.0,113.0,0.0,0.0,1018.2,0.0,-12.8,IDRSING3
5915,19.6,0.0,9.1,2017-07-21 20:48:00,11.0,113.0,0.0,0.0,1017.8,0.0,-11.7,IDRSING3
5916,19.5,0.0,9.1,2017-07-21 20:53:00,10.0,113.0,0.0,0.0,1017.8,0.0,-12.9,IDRSING3
5917,19.6,0.0,9.1,2017-07-21 20:58:00,10.0,113.0,0.0,0.0,1018.2,0.0,-12.8,IDRSING3
5918,19.8,0.0,9.1,2017-07-21 21:03:00,99.0,113.0,0.0,0.0,1017.8,0.0,19.6,IDRSING3
5919,19.8,0.0,9.1,2017-07-21 21:08:00,99.0,113.0,0.0,0.0,1017.8,0.0,19.6,IDRSING3
5920,19.7,0.0,9.1,2017-07-21 21:13:00,10.0,113.0,0.0,0.0,1017.8,0.0,-12.8,IDRSING3
5921,19.5,0.0,9.1,2017-07-21 21:19:00,10.0,113.0,0.0,0.0,1017.5,0.0,-12.9,IDRSING3
5922,19.2,0.0,9.1,2017-07-21 21:24:00,10.0,113.0,0.0,0.0,1017.8,0.0,-13.1,IDRSING3
5923,19.0,0.0,9.1,2017-07-21 21:29:00,11.0,113.0,0.0,0.0,1017.5,0.0,-12.1,IDRSING3
5924,18.7,0.0,9.1,2017-07-21 21:34:00,11.0,113.0,0.0,0.0,1017.8,0.0,-12.4,IDRSING3
5925,18.4,0.0,9.1,2017-07-21 21:39:00,11.0,113.0,0.0,0.0,1017.8,0.0,-12.6,IDRSING3
5926,18.4,0.0,9.1,2017-07-21 21:45:00,11.0,113.0,0.0,0.0,1017.8,0.0,-12.6,IDRSING3
5927,18.5,0.0,9.1,2017-07-21 21:50:00,11.0,113.0,0.0,0.0,1017.8,0.0,-12.5,IDRSING3
5928,18.6,0.0,9.1,2017-07-21 21:55:00,11.0,113.0,0.0,0.0,1017.8,0.0,-12.4,IDRSING3
5929,18.4,0.0,0.0,2017-07-21 22:00:00,11.0,113.0,0.0,0.0,1017.8,0.0,-12.6,IDRSING3
5930,18.2,0.0,0.0,2017-07-21 22:05:00,11.0,113.0,0.0,0.0,1017.8,0.0,-12.7,IDRSING3
5931,18.0,0.0,0.0,2017-07-21 22:11:00,11.0,113.0,0.0,0.0,1017.8,0.0,-12.9,IDRSING3
5932,17.9,0.0,0.0,2017-07-21 22:16:00,11.0,113.0,0.0,0.0,1017.8,0.0,-13.0,IDRSING3
5933,17.8,0.0,0.0,2017-07-21 22:21:00,10.0,113.0,0.0,0.0,1018.2,0.0,-14.2,IDRSING3
5934,17.8,0.0,0.0,2017-07-21 22:26:00,10.0,113.0,0.0,0.0,1018.2,0.0,-14.2,IDRSING3
5935,17.6,0.0,0.0,2017-07-21 22:31:00,10.0,113.0,0.0,0.0,1017.5,0.0,-14.4,IDRSING3
5936,17.6,0.0,0.0,2017-07-21 22:36:00,10.0,113.0,0.0,0.0,1017.8,0.0,-14.4,IDRSING3
5937,17.8,0.0,0.0,2017-07-21 22:41:00,11.0,113.0,0.0,0.0,1017.8,0.0,-13.1,IDRSING3
5938,17.8,0.0,0.0,2017-07-21 22:46:00,11.0,113.0,0.0,0.0,1018.2,0.0,-13.1,IDRSING3
5939,17.4,0.0,0.0,2017-07-21 22:52:00,10.0,113.0,0.0,0.0,1018.2,0.0,-14.5,IDRSING3
5940,17.2,0.0,0.0,2017-07-21 22:57:00,10.0,113.0,0.0,0.0,1018.2,0.0,-14.7,IDRSING3
5941,17.1,0.0,0.0,2017-07-21 23:02:00,10.0,113.0,0.0,0.0,1017.8,0.0,-14.8,IDRSING3
5942,17.2,0.0,0.0,2017-07-21 23:07:00,10.0,113.0,0.0,0.0,1017.8,0.0,-14.7,IDRSING3
5943,17.2,0.0,0.0,2017-07-21 23:12:00,10.0,113.0,0.0,0.0,1017.8,0.0,-14.7,IDRSING3
5944,17.2,0.0,0.0,2017-07-21 23:17:00,10.0,113.0,0.0,0.0,1017.8,0.0,-14.7,IDRSING3
5945,17.0,0.0,0.0,2017-07-21 23:23:00,10.0,113.0,0.0,0.0,1017.8,0.0,-14.8,IDRSING3
5946,17.1,0.0,0.0,2017-07-21 23:28:00,10.0,113.0,0.0,0.0,1017.8,0.0,-14.8,IDRSING3
5947,17.2,0.0,0.0,2017-07-21 23:33:00,10.0,113.0,0.0,0.0,1017.5,0.0,-14.7,IDRSING3
5948,17.2,0.0,0.0,2017-07-21 23:38:00,10.0,113.0,0.0,0.0,1017.5,0.0,-14.7,IDRSING3
5949,17.1,0.0,0.0,2017-07-21 23:43:00,10.0,113.0,0.0,0.0,1017.5,0.0,-14.8,IDRSING3
5950,17.1,0.0,0.0,2017-07-21 23:48:00,10.0,113.0,0.3,1.8,1017.5,0.0,-14.8,IDRSING3
5951,17.0,0.0,0.0,2017-07-21 23:53:00,10.0,113.0,0.0,0.0,1017.5,0.0,-14.8,IDRSING3
5952,16.9,0.0,0.0,2017-07-21 23:58:00,10.0,113.0,0.0,0.0,1017.5,0.0,-14.9,IDRSING3
5953,16.8,0.0,0.0,2017-07-22 00:03:00,10.0,113.0,0.0,0.0,1017.5,0.0,-15.0,IDRSING3
5954,16.6,0.0,0.0,2017-07-22 00:08:00,10.0,113.0,0.0,0.0,1017.8,0.0,-15.1,IDRSING3
5955,16.4,0.0,0.0,2017-07-22 00:13:00,10.0,113.0,0.0,0.0,1017.5,0.0,-15.3,IDRSING3
5956,16.3,0.0,0.0,2017-07-22 00:18:00,10.0,113.0,0.0,0.0,1017.8,0.0,-15.4,IDRSING3
5957,16.3,0.0,0.0,2017-07-22 00:20:00,10.0,113.0,0.0,0.0,1017.5,0.0,-15.4,IDRSING3
5958,16.2,0.0,0.0,2017-07-22 00:25:00,10.0,113.0,0.0,0.0,1017.5,0.0,-15.5,IDRSING3
5959,16.4,0.0,0.0,2017-07-22 00:31:00,10.0,113.0,0.0,0.0,1017.5,0.0,-15.3,IDRSING3
5960,16.4,0.0,0.0,2017-07-22 00:36:00,10.0,113.0,0.0,0.0,1017.5,0.0,-15.3,IDRSING3
5961,16.6,0.0,0.0,2017-07-22 00:41:00,10.0,113.0,0.0,0.0,1017.5,0.0,-15.1,IDRSING3
5962,16.6,0.0,0.0,2017-07-22 00:46:00,10.0,113.0,0.0,0.0,1017.5,0.0,-15.1,IDRSING3
5963,16.4,0.0,0.0,2017-07-22 00:51:00,10.0,113.0,0.0,0.0,1017.2,0.0,-15.3,IDRSING3
5964,16.2,0.0,0.0,2017-07-22 00:56:00,10.0,113.0,0.0,0.0,1017.5,0.0,-15.5,IDRSING3
5965,16.1,0.0,0.0,2017-07-22 01:01:00,10.0,113.0,0.0,0.0,1017.5,0.0,-15.5,IDRSING3
5966,15.9,0.0,0.0,2017-07-22 01:06:00,10.0,113.0,0.0,0.0,1017.5,0.0,-15.7,IDRSING3
5967,15.9,0.0,0.0,2017-07-22 01:11:00,10.0,113.0,0.0,0.0,1017.5,0.0,-15.7,IDRSING3
5968,16.0,0.0,0.0,2017-07-22 01:17:00,10.0,113.0,0.0,0.0,1017.5,0.0,-15.6,IDRSING3
5969,16.0,0.0,0.0,2017-07-22 01:18:00,10.0,113.0,0.0,0.0,1017.5,0.0,-15.6,IDRSING3
5970,16.1,0.0,0.0,2017-07-22 01:23:00,10.0,113.0,0.0,0.0,1017.8,0.0,-15.5,IDRSING3
5971,16.1,0.0,0.0,2017-07-22 01:28:00,10.0,113.0,0.0,0.0,1017.5,0.0,-15.5,IDRSING3
5972,15.9,0.0,0.0,2017-07-22 01:33:00,10.0,113.0,0.0,0.0,1017.2,0.0,-15.7,IDRSING3
5973,15.7,0.0,0.0,2017-07-22 01:38:00,10.0,113.0,0.0,0.0,1017.5,0.0,-15.8,IDRSING3
5974,16.0,0.0,0.0,2017-07-22 01:43:00,10.0,113.0,0.0,0.0,1017.5,0.0,-15.6,IDRSING3
5975,16.0,0.0,0.0,2017-07-22 01:48:00,10.0,113.0,0.0,0.0,1017.2,0.0,-15.6,IDRSING3
5976,16.1,0.0,0.0,2017-07-22 01:53:00,10.0,113.0,0.0,0.0,1017.2,0.0,-15.5,IDRSING3
5977,16.1,0.0,0.0,2017-07-22 01:59:00,10.0,113.0,0.0,0.0,1017.2,0.0,-15.5,IDRSING3
5978,16.1,0.0,0.0,2017-07-22 02:04:00,10.0,113.0,0.0,0.0,1017.2,0.0,-15.5,IDRSING3
5979,16.2,0.0,0.0,2017-07-22 02:09:00,10.0,113.0,0.0,0.0,1017.2,0.0,-15.5,IDRSING3
5980,16.3,0.0,0.0,2017-07-22 02:14:00,10.0,113.0,0.0,0.0,1017.2,0.0,-15.4,IDRSING3
5981,16.3,0.0,0.0,2017-07-22 02:19:00,10.0,113.0,0.0,0.0,1017.2,0.0,-15.4,IDRSING3
5982,16.3,0.0,0.0,2017-07-22 02:24:00,10.0,113.0,0.0,0.0,1017.2,0.0,-15.4,IDRSING3
5983,16.4,0.0,0.0,2017-07-22 02:29:00,10.0,113.0,0.0,0.0,1017.2,0.0,-15.3,IDRSING3
5984,16.5,0.0,0.0,2017-07-22 02:35:00,10.0,113.0,0.0,0.0,1017.2,0.0,-15.2,IDRSING3
5985,16.6,0.0,0.0,2017-07-22 02:40:00,10.0,113.0,1.1,1.8,1017.2,0.0,-15.1,IDRSING3
5986,17.0,0.0,0.0,2017-07-22 02:45:00,10.0,113.0,0.0,0.0,1017.2,0.0,-14.8,IDRSING3
5987,17.2,0.0,0.0,2017-07-22 02:51:00,10.0,113.0,0.0,0.0,1017.2,0.0,-14.7,IDRSING3
5988,17.0,0.0,0.0,2017-07-22 02:56:00,10.0,113.0,0.0,0.0,1017.2,0.0,-14.8,IDRSING3
5989,16.9,0.0,0.0,2017-07-22 03:01:00,10.0,113.0,0.0,0.0,1017.2,0.0,-14.9,IDRSING3
5990,16.7,0.0,0.0,2017-07-22 03:06:00,10.0,113.0,0.0,0.0,1017.2,0.0,-15.1,IDRSING3
5991,16.5,0.0,0.0,2017-07-22 03:11:00,10.0,113.0,0.0,0.0,1017.2,0.36,-15.2,IDRSING3
5992,16.3,0.0,0.0,2017-07-22 03:16:00,10.0,113.0,0.0,0.0,1017.2,1.22,-15.4,IDRSING3
5993,16.1,0.0,0.0,2017-07-22 03:21:00,10.0,113.0,1.8,1.8,1017.2,2.57,-15.5,IDRSING3
5994,15.7,0.0,0.0,2017-07-22 03:26:00,10.0,113.0,0.0,0.0,1017.2,5.14,-15.8,IDRSING3
5995,15.7,0.0,0.0,2017-07-22 03:31:00,10.0,113.0,0.0,0.0,1017.2,6.85,-15.8,IDRSING3
5996,15.8,0.0,0.0,2017-07-22 03:37:00,10.0,113.0,0.0,0.0,1017.2,9.54,-15.8,IDRSING3
5997,15.9,0.0,0.0,2017-07-22 03:42:00,10.0,113.0,0.0,0.0,1017.2,12.48,-15.7,IDRSING3
5998,16.0,0.0,0.0,2017-07-22 03:47:00,10.0,113.0,0.0,0.0,1017.5,16.02,-15.6,IDRSING3
5999,16.6,0.0,0.0,2017-07-22 03:52:00,10.0,113.0,1.4,1.8,1017.5,19.45,-15.1,IDRSING3
6000,17.2,0.0,0.0,2017-07-22 03:57:00,10.0,113.0,0.3,1.8,1017.2,24.71,-14.7,IDRSING3
6001,17.6,0.0,0.0,2017-07-22 04:02:00,10.0,113.0,1.1,1.8,1017.8,31.19,-14.4,IDRSING3
6002,18.0,0.0,0.0,2017-07-22 04:07:00,10.0,113.0,0.0,0.0,1017.5,38.17,-14.1,IDRSING3
6003,18.0,0.0,0.0,2017-07-22 04:12:00,10.0,113.0,0.0,0.0,1017.5,41.1,-14.1,IDRSING3
6004,17.9,0.0,0.0,2017-07-22 04:17:00,10.0,113.0,0.0,0.0,1017.5,58.97,-14.1,IDRSING3
6005,17.8,0.0,0.0,2017-07-22 04:23:00,10.0,113.0,1.8,1.8,1017.5,55.9,-14.2,IDRSING3
6006,18.1,0.0,0.0,2017-07-22 04:28:00,10.0,113.0,0.0,0.0,1017.8,48.07,-14.0,IDRSING3
6007,18.2,0.0,0.0,2017-07-22 04:33:00,10.0,113.0,1.1,1.8,1017.8,39.02,-13.9,IDRSING3
6008,18.3,0.0,0.0,2017-07-22 04:38:00,10.0,113.0,0.0,0.0,1017.8,37.19,-13.8,IDRSING3
6009,18.6,0.0,0.0,2017-07-22 04:43:00,10.0,113.0,0.0,0.0,1017.8,31.19,-13.6,IDRSING3
6010,18.7,0.0,0.0,2017-07-22 04:49:00,10.0,113.0,0.0,0.0,1017.5,32.42,-13.5,IDRSING3
6011,18.8,0.0,0.0,2017-07-22 04:54:00,10.0,113.0,0.0,0.0,1017.8,47.71,-13.5,IDRSING3
6012,19.0,0.0,0.0,2017-07-22 04:59:00,10.0,113.0,0.0,0.0,1017.8,78.9,-13.3,IDRSING3
6013,19.3,0.0,0.0,2017-07-22 05:04:00,10.0,113.0,0.3,1.8,1017.8,103.13,-13.1,IDRSING3
6014,19.5,0.0,0.0,2017-07-22 05:09:00,99.0,113.0,0.0,0.0,1017.8,103.61,19.3,IDRSING3
6015,19.7,0.0,0.0,2017-07-22 05:15:00,99.0,113.0,0.3,1.8,1017.5,112.3,19.5,IDRSING3
6016,19.8,0.0,0.0,2017-07-22 05:20:00,99.0,113.0,1.1,1.8,1017.8,110.96,19.6,IDRSING3
6017,20.1,0.0,0.0,2017-07-22 05:25:00,99.0,113.0,4.0,5.5,1017.8,129.19,19.9,IDRSING3
6018,20.3,0.0,0.0,2017-07-22 05:30:00,99.0,83.0,1.8,1.8,1017.8,150.96,20.1,IDRSING3
6019,20.7,0.0,0.0,2017-07-22 05:35:00,99.0,83.0,3.2,3.5,1017.8,176.04,20.5,IDRSING3
6020,20.9,0.0,0.0,2017-07-22 05:40:00,99.0,44.0,2.6,3.5,1018.2,147.9,20.7,IDRSING3
6021,21.1,0.0,0.0,2017-07-22 05:45:00,99.0,342.0,4.0,5.5,1017.8,119.27,20.9,IDRSING3
6022,21.2,0.0,0.0,2017-07-22 05:51:00,99.0,342.0,0.0,0.0,1018.2,106.68,21.0,IDRSING3
6023,21.2,0.0,0.0,2017-07-22 05:56:00,99.0,343.0,0.0,0.0,1018.2,111.82,21.0,IDRSING3
6024,21.4,0.0,0.0,2017-07-22 06:01:00,99.0,343.0,0.6,1.8,1017.8,160.02,21.2,IDRSING3
6025,21.7,0.0,0.0,2017-07-22 06:06:00,99.0,343.0,1.8,1.8,1018.2,317.95,21.5,IDRSING3
6026,22.1,0.0,0.0,2017-07-22 06:11:00,96.0,342.0,1.8,1.8,1017.8,198.67,21.5,IDRSING3
6027,22.0,0.0,0.0,2017-07-22 06:12:00,99.0,342.0,2.9,3.5,1018.2,155.73,21.8,IDRSING3
6028,22.6,0.0,0.0,2017-07-22 06:17:00,93.0,342.0,0.3,1.8,1018.2,335.32,21.4,IDRSING3
6029,22.9,0.0,0.0,2017-07-22 06:23:00,89.0,342.0,1.8,1.8,1018.2,379.12,21.0,IDRSING3
6030,23.8,0.0,0.0,2017-07-22 06:28:00,82.0,343.0,1.4,3.5,1018.2,409.94,20.5,IDRSING3
6031,23.6,0.0,0.0,2017-07-22 06:33:00,85.0,343.0,1.4,1.8,1018.2,438.08,20.9,IDRSING3
6032,23.9,0.0,0.0,2017-07-22 06:38:00,84.0,342.0,4.7,5.5,1018.2,359.18,21.0,IDRSING3
6033,24.7,0.0,0.0,2017-07-22 06:43:00,82.0,99.0,0.3,1.8,1018.2,484.94,21.4,IDRSING3
6034,25.3,0.0,0.0,2017-07-22 06:48:00,77.0,98.0,1.1,3.5,1018.2,523.6,21.0,IDRSING3
6035,25.4,0.0,0.0,2017-07-22 06:53:00,77.0,98.0,0.3,1.8,1018.5,374.71,21.1,IDRSING3
6036,26.0,0.0,0.0,2017-07-22 06:59:00,70.0,98.0,0.0,0.0,1018.5,415.08,20.1,IDRSING3
6037,26.4,0.0,0.0,2017-07-22 07:04:00,69.0,98.0,0.3,1.8,1018.2,615.47,20.3,IDRSING3
6038,27.0,0.0,0.0,2017-07-22 07:09:00,63.0,98.0,0.3,1.8,1018.5,640.31,19.4,IDRSING3
6039,27.4,0.0,0.0,2017-07-22 07:15:00,63.0,137.0,2.9,5.5,1018.2,630.28,19.7,IDRSING3
6040,27.8,0.0,0.0,2017-07-22 07:20:00,61.0,137.0,0.0,0.0,1018.2,628.56,19.6,IDRSING3
6041,28.2,0.0,0.0,2017-07-22 07:25:00,63.0,122.0,0.0,0.0,1018.2,593.45,20.5,IDRSING3
6042,28.0,0.0,0.0,2017-07-22 07:31:00,61.0,137.0,4.7,5.5,1018.2,589.05,19.8,IDRSING3
6043,27.6,0.0,0.0,2017-07-22 07:36:00,64.0,126.0,0.3,1.8,1018.5,587.33,20.2,IDRSING3
6044,27.8,0.0,0.0,2017-07-22 07:41:00,62.0,142.0,1.1,1.8,1018.2,470.62,19.9,IDRSING3
6045,27.8,0.0,0.0,2017-07-22 07:46:00,62.0,136.0,5.0,9.3,1018.2,567.4,19.9,IDRSING3
6046,27.9,0.0,0.0,2017-07-22 07:51:00,62.0,205.0,2.9,3.5,1018.5,537.42,20.0,IDRSING3
6047,28.3,0.0,0.0,2017-07-22 07:57:00,61.0,204.0,0.0,0.0,1018.5,536.08,20.1,IDRSING3
6048,28.6,0.0,0.0,2017-07-22 08:02:00,61.0,182.0,2.6,3.5,1018.5,513.2,20.4,IDRSING3
6049,28.4,0.0,0.0,2017-07-22 08:07:00,58.0,187.0,0.0,0.0,1018.2,617.67,19.4,IDRSING3
6050,28.4,0.0,0.0,2017-07-22 08:12:00,59.0,136.0,0.3,1.8,1018.2,592.47,19.6,IDRSING3
6051,28.7,0.0,0.0,2017-07-22 08:17:00,57.0,147.0,1.4,3.5,1018.2,712.73,19.4,IDRSING3
6052,28.9,0.0,0.0,2017-07-22 08:23:00,55.0,126.0,1.4,1.8,1018.2,711.38,19.0,IDRSING3
6053,28.4,0.0,0.0,2017-07-22 08:28:00,56.0,123.0,1.4,1.8,1018.2,682.75,18.8,IDRSING3
6054,28.5,0.0,0.0,2017-07-22 08:33:00,55.0,186.0,1.4,3.5,1018.5,719.21,18.6,IDRSING3
6055,28.9,0.0,0.0,2017-07-22 08:38:00,54.0,103.0,1.1,1.8,1018.5,690.09,18.7,IDRSING3
6056,29.0,0.0,0.0,2017-07-22 08:43:00,54.0,143.0,1.1,1.8,1018.5,588.19,18.8,IDRSING3
6057,29.1,0.0,0.0,2017-07-22 08:48:00,54.0,119.0,3.5,5.5,1018.2,688.02,18.9,IDRSING3
6058,29.3,0.0,0.0,2017-07-22 08:53:00,53.0,188.0,1.4,1.8,1018.5,741.36,18.8,IDRSING3
6059,29.3,0.0,0.0,2017-07-22 08:59:00,53.0,163.0,2.6,5.5,1018.5,739.16,18.8,IDRSING3
6060,29.1,0.0,0.0,2017-07-22 09:04:00,54.0,126.0,1.4,1.8,1018.5,768.27,18.9,IDRSING3
6061,29.5,0.0,0.0,2017-07-22 09:09:00,52.0,187.0,4.7,7.2,1018.5,786.5,18.7,IDRSING3
6062,29.2,0.0,0.0,2017-07-22 09:15:00,53.0,153.0,0.0,0.0,1018.5,657.19,18.7,IDRSING3
6063,29.2,0.0,0.0,2017-07-22 09:20:00,54.0,118.0,2.9,3.5,1018.5,716.65,19.0,IDRSING3
6064,29.2,0.0,0.0,2017-07-22 09:25:00,54.0,334.0,2.1,3.5,1018.2,739.64,19.0,IDRSING3
6065,29.6,0.0,0.0,2017-07-22 09:30:00,53.0,134.0,1.4,1.8,1018.5,699.64,19.0,IDRSING3
6066,29.7,0.0,0.0,2017-07-22 09:35:00,53.0,127.0,1.4,3.5,1018.5,604.7,19.1,IDRSING3
6067,29.3,0.0,0.0,2017-07-22 09:40:00,54.0,188.0,2.9,3.5,1018.5,647.16,19.0,IDRSING3
6068,29.2,0.0,0.0,2017-07-22 09:41:00,53.0,163.0,1.1,1.8,1018.5,645.94,18.7,IDRSING3
6069,29.4,0.0,0.0,2017-07-22 09:47:00,53.0,147.0,0.0,0.0,1018.5,688.38,18.9,IDRSING3
6070,29.6,0.0,0.0,2017-07-22 09:52:00,52.0,166.0,1.4,1.8,1018.2,721.78,18.7,IDRSING3
6071,29.6,0.0,0.0,2017-07-22 09:57:00,53.0,172.0,0.6,1.8,1018.5,713.95,19.0,IDRSING3
6072,29.5,0.0,0.0,2017-07-22 10:02:00,54.0,176.0,3.5,5.5,1018.5,483.23,19.2,IDRSING3
6073,29.0,0.0,0.0,2017-07-22 10:07:00,56.0,174.0,0.3,1.8,1018.5,393.43,19.4,IDRSING3
6074,28.7,0.0,0.0,2017-07-22 10:13:00,56.0,146.0,2.1,3.5,1018.5,435.52,19.1,IDRSING3
6075,28.7,0.0,0.0,2017-07-22 10:18:00,55.0,195.0,2.1,3.5,1018.5,442.49,18.8,IDRSING3
6076,28.8,0.0,0.0,2017-07-22 10:23:00,55.0,188.0,0.3,1.8,1018.5,542.19,18.9,IDRSING3
6077,29.2,0.0,0.0,2017-07-22 10:28:00,55.0,213.0,4.7,7.2,1018.5,533.99,19.3,IDRSING3
6078,29.5,0.0,0.0,2017-07-22 10:33:00,54.0,188.0,1.8,3.5,1018.2,620.73,19.2,IDRSING3
6079,29.9,0.0,0.0,2017-07-22 10:38:00,54.0,114.0,2.1,3.5,1018.5,750.41,19.6,IDRSING3
6080,30.2,0.0,0.0,2017-07-22 10:43:00,54.0,188.0,1.1,1.8,1018.2,768.27,19.9,IDRSING3
6081,30.7,0.0,0.0,2017-07-22 10:49:00,52.0,178.0,1.1,1.8,1018.2,784.66,19.8,IDRSING3
6082,30.7,0.0,0.0,2017-07-22 10:54:00,52.0,180.0,1.8,3.5,1018.2,767.41,19.8,IDRSING3
6083,30.6,0.0,0.0,2017-07-22 10:59:00,53.0,113.0,1.4,3.5,1017.8,759.58,20.0,IDRSING3
6084,30.6,0.0,0.0,2017-07-22 11:04:00,53.0,108.0,0.3,1.8,1017.8,755.67,20.0,IDRSING3
6085,30.8,0.0,0.0,2017-07-22 11:10:00,52.0,112.0,1.1,1.8,1018.2,738.3,19.9,IDRSING3
6086,30.7,0.0,0.0,2017-07-22 11:15:00,54.0,126.0,1.1,1.8,1017.8,722.27,20.3,IDRSING3
6087,30.9,0.0,0.0,2017-07-22 11:20:00,51.0,159.0,1.1,1.8,1017.8,711.87,19.6,IDRSING3
6088,31.5,0.0,0.0,2017-07-22 11:25:00,50.0,122.0,6.9,11.1,1017.5,679.7,19.8,IDRSING3
6089,31.5,0.0,0.0,2017-07-22 11:30:00,51.0,179.0,1.4,1.8,1017.5,650.7,20.2,IDRSING3
6090,31.5,0.0,0.0,2017-07-22 11:35:00,50.0,105.0,2.9,5.5,1017.5,664.16,19.8,IDRSING3
6091,31.9,0.0,0.0,2017-07-22 11:40:00,49.0,195.0,1.4,3.5,1017.5,698.41,19.9,IDRSING3
6092,32.6,0.0,0.0,2017-07-22 11:46:00,48.0,153.0,0.0,0.0,1017.5,710.04,20.2,IDRSING3
6093,32.3,0.0,0.0,2017-07-22 11:51:00,49.0,186.0,1.1,1.8,1017.5,701.84,20.3,IDRSING3
6094,32.5,0.0,0.0,2017-07-22 11:56:00,48.0,196.0,4.7,5.5,1017.2,685.82,20.1,IDRSING3
6095,32.7,0.0,0.0,2017-07-22 12:01:00,46.0,233.0,9.7,13.0,1017.2,697.56,19.6,IDRSING3
6096,32.6,0.0,0.0,2017-07-22 12:06:00,47.0,167.0,1.4,1.8,1017.5,707.1,19.8,IDRSING3
6097,32.6,0.0,0.0,2017-07-22 12:11:00,48.0,110.0,0.3,1.8,1017.2,702.33,20.2,IDRSING3
6098,32.8,0.0,0.0,2017-07-22 12:16:00,47.0,229.0,6.9,7.2,1017.2,703.55,20.0,IDRSING3
6099,32.3,0.0,0.0,2017-07-22 12:22:00,46.0,231.0,6.1,7.2,1017.2,694.01,19.2,IDRSING3
6100,32.2,0.0,0.0,2017-07-22 12:27:00,49.0,120.0,6.9,9.3,1017.5,702.7,20.2,IDRSING3
6101,32.5,0.0,0.0,2017-07-22 12:32:00,49.0,116.0,1.4,1.8,1017.2,707.47,20.5,IDRSING3
6102,32.9,0.0,0.0,2017-07-22 12:37:00,49.0,181.0,1.1,1.8,1017.2,720.56,20.8,IDRSING3
6103,32.8,0.0,0.0,2017-07-22 12:42:00,49.0,243.0,3.5,5.5,1017.2,738.3,20.7,IDRSING3
6104,32.7,0.0,0.0,2017-07-22 12:47:00,48.0,132.0,0.0,0.0,1016.8,747.35,20.3,IDRSING3
6105,33.5,0.0,0.0,2017-07-22 12:53:00,46.0,189.0,0.6,1.8,1017.2,653.64,20.3,IDRSING3
6106,32.8,0.0,0.0,2017-07-22 12:58:00,46.0,216.0,6.1,7.2,1017.2,466.35,19.7,IDRSING3
6107,32.9,0.0,0.0,2017-07-22 13:03:00,46.0,146.0,2.6,3.5,1017.2,493.62,19.8,IDRSING3
6108,32.3,0.0,0.0,2017-07-22 13:08:00,48.0,162.0,5.8,9.3,1017.2,549.16,19.9,IDRSING3
6109,33.0,0.0,0.0,2017-07-22 13:14:00,49.0,140.0,0.0,0.0,1016.8,592.47,20.9,IDRSING3
6110,34.0,0.0,0.0,2017-07-22 13:19:00,47.0,132.0,2.6,3.5,1016.8,655.84,21.1,IDRSING3
6111,33.6,0.0,0.0,2017-07-22 13:24:00,47.0,109.0,2.1,3.5,1016.8,645.94,20.8,IDRSING3
6112,33.1,0.0,0.0,2017-07-22 13:30:00,48.0,110.0,0.6,1.8,1016.8,196.84,20.7,IDRSING3
6113,32.1,0.0,0.0,2017-07-22 13:35:00,49.0,119.0,6.4,9.3,1016.8,496.69,20.1,IDRSING3
6114,32.0,0.0,0.0,2017-07-22 13:40:00,49.0,111.0,0.3,1.8,1016.5,613.39,20.0,IDRSING3
6115,33.0,0.0,0.0,2017-07-22 13:45:00,47.0,218.0,10.5,20.1,1016.8,606.79,20.2,IDRSING3
6116,32.9,0.0,0.0,2017-07-22 13:50:00,45.0,254.0,7.2,9.3,1016.8,591.25,19.4,IDRSING3
6117,33.1,0.0,0.0,2017-07-22 13:55:00,46.0,205.0,6.1,9.3,1016.8,579.5,20.0,IDRSING3
6118,32.5,0.0,0.0,2017-07-22 14:00:00,45.0,230.0,9.7,11.1,1016.8,556.5,19.1,IDRSING3
6119,32.5,0.0,0.0,2017-07-22 14:06:00,44.0,233.0,12.2,14.8,1016.8,522.74,18.7,IDRSING3
6120,32.7,0.0,0.0,2017-07-22 14:11:00,45.0,170.0,3.2,5.5,1016.8,359.18,19.3,IDRSING3
6121,33.0,0.0,0.0,2017-07-22 14:16:00,43.0,203.0,9.3,13.0,1016.8,423.28,18.8,IDRSING3
6122,32.8,0.0,0.0,2017-07-22 14:22:00,44.0,215.0,5.5,7.2,1016.8,255.44,19.0,IDRSING3
6123,32.8,0.0,0.0,2017-07-22 14:27:00,45.0,207.0,1.1,1.8,1016.5,158.3,19.3,IDRSING3
6124,32.3,0.0,0.0,2017-07-22 14:32:00,45.0,220.0,3.5,5.5,1016.5,474.54,18.9,IDRSING3
6125,32.7,0.0,0.0,2017-07-22 14:38:00,42.0,211.0,6.4,9.3,1016.1,480.66,18.2,IDRSING3
6126,33.2,0.0,0.0,2017-07-22 14:43:00,42.0,263.0,7.9,9.3,1016.5,478.82,18.6,IDRSING3
6127,33.0,0.0,0.0,2017-07-22 14:48:00,42.0,239.0,9.7,11.1,1016.1,420.71,18.4,IDRSING3
6128,32.7,0.0,0.0,2017-07-22 14:53:00,43.0,273.0,11.1,13.0,1016.5,176.53,18.5,IDRSING3
6129,31.9,0.0,0.0,2017-07-22 14:58:00,44.0,244.0,9.3,13.0,1016.1,123.56,18.2,IDRSING3
6130,31.5,0.0,0.0,2017-07-22 15:03:00,44.0,230.0,8.7,11.1,1016.5,122.7,17.8,IDRSING3
6131,31.4,0.0,0.0,2017-07-22 15:09:00,45.0,219.0,7.6,9.3,1016.5,123.19,18.1,IDRSING3
6132,31.2,0.0,0.0,2017-07-22 15:14:00,46.0,216.0,4.3,5.5,1016.5,117.93,18.2,IDRSING3
6133,31.2,0.0,0.0,2017-07-22 15:19:00,46.0,207.0,5.8,7.2,1016.5,91.87,18.2,IDRSING3
6134,31.1,0.0,0.0,2017-07-22 15:24:00,45.0,217.0,10.1,13.0,1016.5,86.73,17.8,IDRSING3
6135,30.6,0.0,0.0,2017-07-22 15:30:00,47.0,281.0,11.9,16.6,1016.5,74.99,18.0,IDRSING3
6136,30.3,0.0,0.0,2017-07-22 15:35:00,47.0,237.0,13.4,16.6,1016.5,65.45,17.7,IDRSING3
6137,30.3,0.0,0.0,2017-07-22 15:40:00,47.0,185.0,1.4,1.8,1017.2,58.11,17.7,IDRSING3
6138,29.1,0.0,0.0,2017-07-22 15:46:00,50.0,173.0,0.0,0.0,1016.8,50.65,17.6,IDRSING3
6139,28.5,0.0,0.0,2017-07-22 15:51:00,52.0,207.0,4.0,5.5,1016.8,48.07,17.7,IDRSING3
6140,28.3,0.0,0.0,2017-07-22 15:53:00,52.0,213.0,3.5,5.5,1017.2,51.14,17.5,IDRSING3
6141,27.9,0.0,0.0,2017-07-22 15:58:00,54.0,212.0,0.3,1.8,1016.8,74.5,17.8,IDRSING3
6142,28.0,0.0,0.0,2017-07-22 16:03:00,53.0,188.0,0.0,0.0,1017.2,137.51,17.6,IDRSING3
6143,28.4,0.0,0.0,2017-07-22 16:08:00,53.0,188.0,0.0,0.0,1017.2,135.67,17.9,IDRSING3
6144,28.5,0.0,0.0,2017-07-22 16:13:00,55.0,157.0,0.0,0.0,1016.8,126.61,18.6,IDRSING3
6145,28.6,0.0,0.0,2017-07-22 16:18:00,53.0,247.0,5.5,7.2,1017.2,114.51,18.1,IDRSING3
6146,28.8,0.0,0.0,2017-07-22 16:23:00,54.0,217.0,2.9,3.5,1016.8,157.81,18.6,IDRSING3
6147,29.2,0.0,0.0,2017-07-22 16:29:00,52.0,288.0,4.3,5.5,1017.2,189.49,18.4,IDRSING3
6148,29.6,0.0,0.0,2017-07-22 16:34:00,52.0,289.0,1.8,3.5,1017.2,159.16,18.7,IDRSING3
6149,29.7,0.0,0.0,2017-07-22 16:39:00,52.0,244.0,2.9,3.5,1017.5,154.39,18.8,IDRSING3
6150,29.5,0.0,0.0,2017-07-22 16:44:00,56.0,243.0,0.0,0.0,1017.5,146.19,19.8,IDRSING3
6151,29.4,0.0,0.0,2017-07-22 16:50:00,54.0,244.0,0.0,0.0,1017.2,128.82,19.1,IDRSING3
6152,28.9,0.0,0.0,2017-07-22 16:55:00,55.0,312.0,0.3,1.8,1017.8,109.24,19.0,IDRSING3
6153,28.9,0.0,0.0,2017-07-22 17:00:00,54.0,312.0,2.1,3.5,1017.5,94.07,18.7,IDRSING3
6154,28.8,0.0,0.0,2017-07-22 17:05:00,54.0,330.0,1.8,3.5,1017.8,77.56,18.6,IDRSING3
6155,28.8,0.0,0.0,2017-07-22 17:10:00,56.0,330.0,0.0,0.0,1017.8,58.97,19.2,IDRSING3
6156,28.5,0.0,0.0,2017-07-22 17:15:00,57.0,330.0,0.0,0.0,1017.8,46.36,19.2,IDRSING3
6157,28.2,0.0,0.0,2017-07-22 17:20:00,58.0,330.0,0.0,0.0,1017.8,42.94,19.2,IDRSING3
6158,28.0,0.0,0.0,2017-07-22 17:26:00,60.0,330.0,0.0,0.0,1017.8,39.39,19.5,IDRSING3
6159,27.9,0.0,0.0,2017-07-22 17:31:00,60.0,330.0,0.0,0.0,1017.8,45.51,19.4,IDRSING3
6160,27.6,0.0,0.0,2017-07-22 17:36:00,61.0,330.0,0.0,0.0,1017.8,46.73,19.4,IDRSING3
6161,27.2,0.0,0.0,2017-07-22 17:41:00,64.0,330.0,0.0,0.0,1017.8,41.1,19.8,IDRSING3
6162,27.0,0.0,0.0,2017-07-22 17:46:00,64.0,331.0,0.0,0.0,1017.8,32.9,19.7,IDRSING3
6163,26.8,0.0,0.0,2017-07-22 17:51:00,63.0,332.0,3.2,3.5,1017.8,27.28,19.2,IDRSING3
6164,26.8,0.0,0.0,2017-07-22 17:53:00,64.0,332.0,1.8,1.8,1017.8,26.42,19.5,IDRSING3
6165,26.7,0.0,0.0,2017-07-22 17:58:00,64.0,332.0,0.0,0.0,1017.5,25.94,19.4,IDRSING3
6166,26.6,0.0,0.0,2017-07-22 18:03:00,65.0,332.0,0.0,0.0,1017.8,24.22,19.5,IDRSING3
6167,26.4,0.0,0.0,2017-07-22 18:08:00,65.0,332.0,0.0,0.0,1017.8,22.51,19.3,IDRSING3
6168,26.3,0.0,0.0,2017-07-22 18:14:00,65.0,332.0,0.3,1.8,1017.8,18.6,19.2,IDRSING3
6169,26.1,0.0,0.0,2017-07-22 18:19:00,67.0,332.0,0.3,1.8,1017.8,13.82,19.5,IDRSING3
6170,25.8,0.0,0.0,2017-07-22 18:24:00,70.0,332.0,2.1,3.5,1017.8,9.91,19.9,IDRSING3
6171,25.4,0.0,0.0,2017-07-22 18:29:00,72.0,332.0,2.1,3.5,1017.8,6.48,20.0,IDRSING3
6172,24.8,0.0,0.0,2017-07-22 18:34:00,71.0,334.0,0.0,0.0,1018.2,4.28,19.2,IDRSING3
6173,24.5,0.0,0.0,2017-07-22 18:39:00,73.0,334.0,0.0,0.0,1018.2,1.22,19.4,IDRSING3
6174,24.3,0.0,0.0,2017-07-22 18:43:00,73.0,334.0,0.0,0.0,1017.8,0.85,19.2,IDRSING3
6175,23.9,0.0,0.0,2017-07-22 18:48:00,75.0,334.0,1.1,1.8,1018.2,0.0,19.2,IDRSING3
6176,23.7,0.0,0.0,2017-07-22 18:54:00,76.0,334.0,0.0,0.0,1017.8,0.0,19.2,IDRSING3
6177,23.4,0.0,0.0,2017-07-22 18:59:00,77.0,334.0,0.0,0.0,1018.2,0.0,19.1,IDRSING3
6178,23.2,0.0,0.0,2017-07-22 19:04:00,77.0,334.0,0.0,0.0,1017.8,0.0,18.9,IDRSING3
6179,23.2,0.0,0.0,2017-07-22 19:09:00,78.0,334.0,0.0,0.0,1018.2,0.0,19.2,IDRSING3
6180,22.9,0.0,0.0,2017-07-22 19:14:00,84.0,334.0,0.0,0.0,1018.2,0.0,20.1,IDRSING3
6181,22.6,0.0,0.0,2017-07-22 19:19:00,87.0,334.0,0.0,0.0,1018.2,0.0,20.3,IDRSING3
6182,22.2,0.0,0.0,2017-07-22 19:24:00,91.0,334.0,0.3,1.8,1018.2,0.0,20.7,IDRSING3
6183,22.0,0.0,0.0,2017-07-22 19:30:00,94.0,334.0,0.0,0.0,1018.2,0.0,20.9,IDRSING3
6184,21.9,0.0,0.0,2017-07-22 19:35:00,89.0,334.0,0.0,0.0,1018.5,0.0,20.0,IDRSING3
6185,22.2,0.0,0.0,2017-07-22 19:40:00,90.0,334.0,0.0,0.0,1018.5,0.0,20.5,IDRSING3
6186,22.1,0.0,0.0,2017-07-22 19:45:00,89.0,334.0,0.0,0.0,1018.2,0.0,20.2,IDRSING3
6187,21.8,0.0,0.0,2017-07-22 19:50:00,94.0,334.0,1.4,1.8,1018.8,0.0,20.7,IDRSING3
6188,21.7,0.0,0.0,2017-07-22 19:55:00,95.0,334.0,0.0,0.0,1018.5,0.0,20.8,IDRSING3
6189,21.7,0.0,0.0,2017-07-22 20:00:00,95.0,334.0,0.0,0.0,1018.2,0.0,20.8,IDRSING3
6190,21.7,0.0,0.0,2017-07-22 20:05:00,94.0,334.0,0.0,0.0,1018.5,0.0,20.6,IDRSING3
6191,21.9,0.0,0.0,2017-07-22 20:10:00,92.0,334.0,0.0,0.0,1018.5,0.0,20.6,IDRSING3
6192,21.9,0.0,0.0,2017-07-22 20:15:00,93.0,334.0,0.0,0.0,1018.5,0.0,20.7,IDRSING3
6193,22.0,0.0,0.0,2017-07-22 20:20:00,90.0,334.0,0.0,0.0,1018.5,0.0,20.3,IDRSING3
6194,22.0,0.0,0.0,2017-07-22 20:25:00,91.0,334.0,0.0,0.0,1018.5,0.0,20.5,IDRSING3
6195,21.9,0.0,0.0,2017-07-22 20:30:00,99.0,334.0,0.0,0.0,1018.2,0.0,21.7,IDRSING3
6196,21.5,0.0,0.0,2017-07-22 20:35:00,98.0,334.0,0.0,0.0,1018.5,0.0,21.2,IDRSING3
6197,21.4,0.0,0.0,2017-07-22 20:40:00,94.0,333.0,0.0,0.0,1018.5,0.0,20.3,IDRSING3
6198,21.6,0.0,0.0,2017-07-22 20:45:00,95.0,334.0,0.0,0.0,1018.5,0.0,20.7,IDRSING3
6199,21.4,0.0,0.0,2017-07-22 20:50:00,99.0,334.0,0.0,0.0,1018.5,0.0,21.2,IDRSING3
6200,21.1,0.0,0.0,2017-07-22 20:55:00,99.0,334.0,1.4,1.8,1018.2,0.0,20.9,IDRSING3
6201,20.7,0.0,0.0,2017-07-22 21:01:00,99.0,334.0,0.0,0.0,1018.5,0.0,20.5,IDRSING3
6202,20.5,0.0,0.0,2017-07-22 21:06:00,99.0,334.0,0.0,0.0,1018.2,0.0,20.3,IDRSING3
6203,20.0,0.0,0.0,2017-07-22 21:11:00,99.0,334.0,0.0,0.0,1018.2,0.0,19.8,IDRSING3
6204,19.8,0.0,0.0,2017-07-22 21:16:00,99.0,334.0,0.0,0.0,1018.2,0.0,19.6,IDRSING3
6205,19.7,0.0,0.0,2017-07-22 21:22:00,99.0,334.0,0.0,0.0,1018.2,0.0,19.5,IDRSING3
6206,20.0,0.0,0.0,2017-07-22 21:27:00,99.0,334.0,0.0,0.0,1018.2,0.0,19.8,IDRSING3
6207,19.9,0.0,0.0,2017-07-22 21:32:00,99.0,334.0,0.0,0.0,1018.2,0.0,19.7,IDRSING3
6208,19.8,0.0,0.0,2017-07-22 21:37:00,10.0,334.0,0.0,0.0,1018.2,0.0,-12.7,IDRSING3
6209,19.9,0.0,0.0,2017-07-22 21:42:00,99.0,334.0,0.0,0.0,1018.2,0.0,19.7,IDRSING3
6210,20.0,0.0,0.0,2017-07-22 21:47:00,10.0,334.0,0.0,0.0,1018.2,0.0,-12.5,IDRSING3
6211,19.8,0.0,0.0,2017-07-22 21:52:00,10.0,334.0,0.0,0.0,1018.2,0.0,-12.7,IDRSING3
6212,19.6,0.0,0.0,2017-07-22 21:57:00,10.0,334.0,0.0,0.0,1018.2,0.0,-12.8,IDRSING3
6213,19.4,0.0,0.0,2017-07-22 22:02:00,10.0,334.0,0.0,0.0,1018.2,0.0,-13.0,IDRSING3
6214,19.1,0.0,0.0,2017-07-22 22:07:00,10.0,334.0,1.4,1.8,1018.2,0.0,-13.2,IDRSING3
6215,19.0,0.0,0.0,2017-07-22 22:12:00,10.0,334.0,0.0,0.0,1018.2,0.0,-13.3,IDRSING3
6216,18.9,0.0,0.0,2017-07-22 22:18:00,10.0,334.0,0.0,0.0,1018.2,0.0,-13.4,IDRSING3
6217,18.8,0.0,0.0,2017-07-22 22:23:00,11.0,334.0,0.0,0.0,1018.2,0.0,-12.3,IDRSING3
6218,18.7,0.0,0.0,2017-07-22 22:28:00,10.0,334.0,1.1,1.8,1018.2,0.0,-13.5,IDRSING3
6219,18.3,0.0,0.0,2017-07-22 22:33:00,10.0,334.0,0.0,0.0,1018.2,0.0,-13.8,IDRSING3
6220,18.2,0.0,0.0,2017-07-22 22:38:00,11.0,334.0,0.0,0.0,1017.8,0.0,-12.7,IDRSING3
6221,18.2,0.0,0.0,2017-07-22 22:43:00,12.0,334.0,0.0,0.0,1018.2,0.0,-11.7,IDRSING3
6222,18.3,0.0,0.0,2017-07-22 22:49:00,11.0,334.0,0.0,0.0,1018.2,0.0,-12.7,IDRSING3
6223,18.2,0.0,0.0,2017-07-22 22:54:00,12.0,334.0,0.0,0.0,1018.2,0.0,-11.7,IDRSING3
6224,18.1,0.0,0.0,2017-07-22 22:59:00,12.0,334.0,0.0,0.0,1018.2,0.0,-11.7,IDRSING3
6225,18.0,0.0,0.0,2017-07-22 23:04:00,12.0,334.0,0.0,0.0,1018.2,0.0,-11.8,IDRSING3
6226,18.1,0.0,0.0,2017-07-22 23:09:00,12.0,334.0,0.0,0.0,1018.2,0.0,-11.7,IDRSING3
6227,17.8,0.0,0.0,2017-07-22 23:14:00,11.0,334.0,0.0,0.0,1018.2,0.0,-13.1,IDRSING3
6228,18.0,0.0,0.0,2017-07-22 23:19:00,11.0,334.0,0.0,0.0,1018.2,0.0,-12.9,IDRSING3
6229,17.9,0.0,0.0,2017-07-22 23:24:00,11.0,334.0,0.0,0.0,1018.5,0.0,-13.0,IDRSING3
6230,17.6,0.0,0.0,2017-07-22 23:29:00,11.0,334.0,0.0,0.0,1018.5,0.0,-13.2,IDRSING3
6231,17.6,0.0,0.0,2017-07-22 23:34:00,10.0,334.0,0.0,0.0,1018.5,0.0,-14.4,IDRSING3
6232,17.7,0.0,0.0,2017-07-22 23:39:00,10.0,334.0,0.0,0.0,1018.5,0.0,-14.3,IDRSING3
6233,17.3,0.0,0.0,2017-07-22 23:45:00,11.0,334.0,0.0,0.0,1018.2,0.0,-13.4,IDRSING3
6234,17.2,0.0,0.0,2017-07-22 23:50:00,11.0,334.0,1.4,1.8,1018.5,0.0,-13.5,IDRSING3
6235,17.2,0.0,0.0,2017-07-22 23:55:00,11.0,334.0,1.8,1.8,1018.5,0.0,-13.5,IDRSING3
6236,17.5,0.0,0.0,2017-07-23 00:00:00,10.0,334.0,0.0,0.0,1018.5,0.0,-14.5,IDRSING3
6237,17.7,0.0,0.0,2017-07-23 00:06:00,10.0,334.0,0.0,0.0,1018.8,0.0,-14.3,IDRSING3
6238,17.6,0.0,0.0,2017-07-23 00:11:00,11.0,334.0,0.0,0.0,1018.2,0.0,-13.2,IDRSING3
6239,17.6,0.0,0.0,2017-07-23 00:16:00,11.0,334.0,0.0,0.0,1018.2,0.0,-13.2,IDRSING3
6240,17.8,0.0,0.0,2017-07-23 00:22:00,11.0,334.0,0.3,1.8,1018.2,0.0,-13.1,IDRSING3
6241,18.1,0.0,0.0,2017-07-23 00:27:00,11.0,338.0,2.1,3.5,1018.2,0.0,-12.8,IDRSING3
6242,17.6,0.0,0.0,2017-07-23 00:32:00,10.0,338.0,0.0,0.0,1018.2,0.0,-14.4,IDRSING3
6243,17.6,0.0,0.0,2017-07-23 00:37:00,10.0,338.0,0.0,0.0,1018.2,0.0,-14.4,IDRSING3
6244,17.5,0.0,0.0,2017-07-23 00:42:00,10.0,338.0,0.0,0.0,1017.8,0.0,-14.5,IDRSING3
6245,17.4,0.0,0.0,2017-07-23 00:47:00,10.0,338.0,0.0,0.0,1018.2,0.0,-14.5,IDRSING3
6246,17.2,0.0,0.0,2017-07-23 00:53:00,10.0,338.0,0.0,0.0,1017.8,0.0,-14.7,IDRSING3
6247,17.0,0.0,0.0,2017-07-23 00:58:00,10.0,338.0,0.0,0.0,1018.2,0.0,-14.8,IDRSING3
6248,17.0,0.0,0.0,2017-07-23 01:03:00,10.0,338.0,0.0,0.0,1017.8,0.0,-14.8,IDRSING3
6249,17.1,0.0,0.0,2017-07-23 01:08:00,10.0,338.0,0.0,0.0,1017.8,0.0,-14.8,IDRSING3
6250,17.1,0.0,0.0,2017-07-23 01:13:00,10.0,338.0,0.0,0.0,1017.5,0.0,-14.8,IDRSING3
6251,17.4,0.0,0.0,2017-07-23 01:18:00,10.0,338.0,0.0,0.0,1017.8,0.0,-14.5,IDRSING3
6252,17.3,0.0,0.0,2017-07-23 01:23:00,10.0,13.0,2.1,3.5,1018.2,0.0,-14.6,IDRSING3
6253,17.4,0.0,0.0,2017-07-23 01:28:00,10.0,13.0,0.0,0.0,1018.2,0.0,-14.5,IDRSING3
6254,17.3,0.0,0.0,2017-07-23 01:33:00,10.0,13.0,0.0,0.0,1018.2,0.0,-14.6,IDRSING3
6255,17.2,0.0,0.0,2017-07-23 01:38:00,10.0,13.0,1.8,1.8,1017.8,0.0,-14.7,IDRSING3
6256,17.1,0.0,0.0,2017-07-23 01:43:00,10.0,13.0,0.3,1.8,1017.8,0.0,-14.8,IDRSING3
6257,17.5,0.0,0.0,2017-07-23 01:48:00,10.0,13.0,0.0,0.0,1017.8,0.0,-14.5,IDRSING3
6258,17.5,0.0,0.0,2017-07-23 01:53:00,10.0,13.0,0.0,0.0,1018.2,0.0,-14.5,IDRSING3
6259,17.3,0.0,0.0,2017-07-23 01:58:00,10.0,13.0,0.0,0.0,1017.8,0.0,-14.6,IDRSING3
6260,17.3,0.0,0.0,2017-07-23 02:03:00,10.0,13.0,0.0,0.0,1018.2,0.0,-14.6,IDRSING3
6261,17.0,0.0,0.0,2017-07-23 02:09:00,10.0,13.0,0.0,0.0,1017.8,0.0,-14.8,IDRSING3
6262,17.0,0.0,0.0,2017-07-23 02:14:00,10.0,13.0,0.0,0.0,1018.2,0.0,-14.8,IDRSING3
6263,16.8,0.0,0.0,2017-07-23 02:19:00,10.0,13.0,0.0,0.0,1018.2,0.0,-15.0,IDRSING3
6264,16.5,0.0,0.0,2017-07-23 02:24:00,10.0,13.0,0.0,0.0,1017.5,0.0,-15.2,IDRSING3
6265,16.3,0.0,0.0,2017-07-23 02:29:00,10.0,13.0,0.0,0.0,1017.8,0.0,-15.4,IDRSING3
6266,16.4,0.0,0.0,2017-07-23 02:34:00,10.0,13.0,0.0,0.0,1017.8,0.0,-15.3,IDRSING3
6267,16.4,0.0,0.0,2017-07-23 02:39:00,10.0,13.0,0.0,0.0,1017.8,0.0,-15.3,IDRSING3
6268,16.3,0.0,0.0,2017-07-23 02:44:00,10.0,13.0,0.0,0.0,1017.5,0.0,-15.4,IDRSING3
6269,16.2,0.0,0.0,2017-07-23 02:49:00,10.0,13.0,0.0,0.0,1017.8,0.0,-15.5,IDRSING3
6270,16.7,0.0,0.0,2017-07-23 02:54:00,10.0,13.0,1.8,1.8,1017.8,0.0,-15.1,IDRSING3
6271,17.0,0.0,0.0,2017-07-23 02:59:00,10.0,13.0,0.0,0.0,1017.8,0.0,-14.8,IDRSING3
6272,17.1,0.0,0.0,2017-07-23 03:05:00,10.0,13.0,2.6,3.5,1017.8,0.0,-14.8,IDRSING3
6273,16.1,0.0,0.0,2017-07-23 03:10:00,10.0,13.0,0.0,0.0,1017.8,0.0,-15.5,IDRSING3
6274,16.1,0.0,0.0,2017-07-23 03:15:00,10.0,13.0,1.1,1.8,1017.8,0.36,-15.5,IDRSING3
6275,16.2,0.0,0.0,2017-07-23 03:20:00,10.0,13.0,0.0,0.0,1017.8,0.85,-15.5,IDRSING3
6276,16.2,0.0,0.0,2017-07-23 03:25:00,10.0,13.0,0.0,0.0,1017.8,2.08,-15.5,IDRSING3
6277,16.3,0.0,0.0,2017-07-23 03:30:00,10.0,13.0,0.0,0.0,1017.8,4.28,-15.4,IDRSING3
6278,16.3,0.0,0.0,2017-07-23 03:35:00,10.0,13.0,0.0,0.0,1018.2,5.99,-15.4,IDRSING3
6279,16.3,0.0,0.0,2017-07-23 03:41:00,10.0,13.0,1.1,1.8,1017.8,8.19,-15.4,IDRSING3
6280,16.5,0.0,0.0,2017-07-23 03:46:00,10.0,13.0,0.0,0.0,1017.8,10.77,-15.2,IDRSING3
6281,16.8,0.0,0.0,2017-07-23 03:51:00,99.0,13.0,0.0,0.0,1017.8,11.62,16.6,IDRSING3
6282,16.9,0.0,0.0,2017-07-23 03:56:00,99.0,13.0,0.0,0.0,1017.8,14.31,16.7,IDRSING3
6283,16.7,0.0,0.0,2017-07-23 04:01:00,10.0,13.0,0.0,0.0,1017.8,15.53,-15.1,IDRSING3
6284,16.3,0.0,0.0,2017-07-23 04:06:00,10.0,13.0,0.0,0.0,1017.8,18.6,-15.4,IDRSING3
6285,16.2,0.0,0.0,2017-07-23 04:11:00,10.0,13.0,0.3,1.8,1017.8,20.31,-15.5,IDRSING3
6286,16.2,0.0,0.0,2017-07-23 04:17:00,10.0,13.0,0.0,0.0,1017.8,28.14,-15.5,IDRSING3
6287,16.4,0.0,0.0,2017-07-23 04:22:00,10.0,13.0,0.0,0.0,1017.8,37.19,-15.3,IDRSING3
6288,16.6,0.0,0.0,2017-07-23 04:27:00,10.0,13.0,0.0,0.0,1017.8,49.79,-15.1,IDRSING3
6289,16.9,0.0,0.0,2017-07-23 04:32:00,99.0,13.0,0.0,0.0,1017.8,61.17,16.7,IDRSING3
6290,17.3,0.0,0.0,2017-07-23 04:37:00,10.0,13.0,2.1,3.5,1018.2,67.16,-14.6,IDRSING3
6291,17.7,0.0,0.0,2017-07-23 04:42:00,10.0,13.0,0.0,0.0,1018.2,71.07,-14.3,IDRSING3
6292,18.0,0.0,0.0,2017-07-23 04:47:00,10.0,13.0,0.0,0.0,1018.2,82.82,-14.1,IDRSING3
6293,18.1,0.0,0.0,2017-07-23 04:49:00,10.0,13.0,0.3,1.8,1018.2,81.48,-14.0,IDRSING3
6294,18.2,0.0,0.0,2017-07-23 04:54:00,10.0,13.0,0.0,0.0,1018.2,73.28,-13.9,IDRSING3
6295,18.5,0.0,0.0,2017-07-23 04:59:00,10.0,13.0,0.6,1.8,1018.2,71.56,-13.7,IDRSING3
6296,18.8,0.0,0.0,2017-07-23 05:05:00,10.0,13.0,0.0,0.0,1018.2,70.71,-13.5,IDRSING3
6297,19.2,0.0,0.0,2017-07-23 05:10:00,10.0,13.0,0.0,0.0,1018.2,117.93,-13.1,IDRSING3
6298,19.7,0.0,0.0,2017-07-23 05:15:00,10.0,13.0,0.3,1.8,1018.5,133.1,-12.8,IDRSING3
6299,19.7,0.0,0.0,2017-07-23 05:20:00,10.0,13.0,0.3,1.8,1018.5,161.36,-12.8,IDRSING3
6300,20.1,0.0,0.0,2017-07-23 05:25:00,10.0,13.0,2.1,3.5,1018.2,152.19,-12.5,IDRSING3
6301,20.4,0.0,0.0,2017-07-23 05:30:00,10.0,13.0,0.0,0.0,1018.5,106.19,-12.2,IDRSING3
6302,20.6,0.0,0.0,2017-07-23 05:35:00,10.0,13.0,0.6,1.8,1018.5,85.88,-12.1,IDRSING3
6303,20.7,0.0,0.0,2017-07-23 05:40:00,10.0,13.0,1.8,1.8,1018.5,68.87,-12.0,IDRSING3
6304,20.7,0.0,0.0,2017-07-23 05:45:00,10.0,13.0,1.4,1.8,1018.8,88.82,-12.0,IDRSING3
6305,20.8,0.0,0.0,2017-07-23 05:50:00,10.0,13.0,0.0,0.0,1018.8,109.73,-11.9,IDRSING3
6306,21.1,0.0,0.0,2017-07-23 05:55:00,10.0,12.0,0.0,0.0,1018.8,107.9,-11.7,IDRSING3
6307,21.3,0.0,0.0,2017-07-23 06:00:00,10.0,13.0,0.0,0.0,1018.8,97.99,-11.5,IDRSING3
6308,21.4,0.0,0.0,2017-07-23 06:06:00,10.0,13.0,0.0,0.0,1018.8,104.1,-11.5,IDRSING3
6309,21.4,0.0,0.0,2017-07-23 06:11:00,10.0,13.0,0.0,0.0,1018.5,119.27,-11.5,IDRSING3
6310,21.7,0.0,0.0,2017-07-23 06:16:00,10.0,13.0,0.0,0.0,1018.8,134.44,-11.2,IDRSING3
6311,21.8,0.0,0.0,2017-07-23 06:21:00,99.0,13.0,1.8,1.8,1018.8,124.41,21.6,IDRSING3
6312,21.7,0.0,0.0,2017-07-23 06:26:00,99.0,13.0,0.3,1.8,1018.8,130.9,21.5,IDRSING3
6313,21.8,0.0,0.0,2017-07-23 06:31:00,99.0,12.0,3.2,3.5,1018.8,202.59,21.6,IDRSING3
6314,21.9,0.0,0.0,2017-07-23 06:37:00,99.0,288.0,5.0,5.5,1018.5,215.92,21.7,IDRSING3
6315,22.0,0.0,0.0,2017-07-23 06:42:00,99.0,259.0,2.1,3.5,1018.8,179.59,21.8,IDRSING3
6316,22.0,0.0,0.0,2017-07-23 06:47:00,99.0,303.0,4.0,5.5,1018.5,195.98,21.8,IDRSING3
6317,22.1,0.0,0.0,2017-07-23 06:52:00,99.0,300.0,1.8,1.8,1018.2,206.38,21.9,IDRSING3
6318,22.4,0.0,0.0,2017-07-23 06:57:00,99.0,299.0,0.0,0.0,1018.2,326.64,22.2,IDRSING3
6319,22.5,0.0,0.0,2017-07-23 07:02:00,99.0,289.0,0.3,1.8,1018.2,252.01,22.3,IDRSING3
6320,22.5,0.0,0.0,2017-07-23 07:07:00,99.0,327.0,0.0,0.0,1018.5,251.52,22.3,IDRSING3
6321,22.6,0.0,0.0,2017-07-23 07:13:00,99.0,326.0,0.0,0.0,1018.5,230.73,22.4,IDRSING3
6322,23.1,0.0,0.0,2017-07-23 07:18:00,99.0,326.0,0.0,0.0,1018.5,325.78,22.9,IDRSING3
6323,23.2,0.0,0.0,2017-07-23 07:23:00,99.0,327.0,0.0,0.0,1018.5,431.97,23.0,IDRSING3
6324,23.3,0.0,0.0,2017-07-23 07:28:00,95.0,327.0,1.4,1.8,1018.5,251.52,22.4,IDRSING3
6325,23.3,0.0,0.0,2017-07-23 07:33:00,93.0,227.0,0.3,1.8,1018.5,339.61,22.1,IDRSING3
6326,23.3,0.0,0.0,2017-07-23 07:38:00,93.0,227.0,0.0,0.0,1018.8,205.15,22.1,IDRSING3
6327,23.7,0.0,0.0,2017-07-23 07:43:00,90.0,212.0,2.9,5.5,1018.8,182.15,22.0,IDRSING3
6328,23.7,0.0,0.0,2017-07-23 07:48:00,92.0,198.0,1.8,3.5,1018.8,179.95,22.4,IDRSING3
6329,23.9,0.0,0.0,2017-07-23 07:53:00,89.0,210.0,6.4,7.2,1018.8,186.07,22.0,IDRSING3
6330,24.3,0.0,0.0,2017-07-23 07:58:00,90.0,195.0,0.3,1.8,1019.2,195.61,22.6,IDRSING3
6331,24.2,0.0,0.0,2017-07-23 08:03:00,93.0,186.0,0.0,0.0,1019.2,185.58,23.0,IDRSING3
6332,24.1,0.0,0.0,2017-07-23 08:09:00,93.0,185.0,0.0,0.0,1019.2,172.12,22.9,IDRSING3
6333,24.1,0.0,0.0,2017-07-23 08:14:00,95.0,185.0,0.0,0.0,1018.8,165.27,23.2,IDRSING3
6334,24.6,0.0,0.0,2017-07-23 08:19:00,79.0,272.0,9.7,13.0,1019.2,183.5,20.8,IDRSING3
6335,24.8,0.0,0.0,2017-07-23 08:24:00,79.0,245.0,12.2,13.0,1019.5,205.52,21.0,IDRSING3
6336,24.7,0.0,0.0,2017-07-23 08:29:00,76.0,242.0,11.1,13.0,1019.2,200.75,20.2,IDRSING3
6337,24.6,0.0,0.0,2017-07-23 08:34:00,77.0,251.0,11.1,13.0,1019.2,160.87,20.3,IDRSING3
6338,24.3,0.0,0.0,2017-07-23 08:40:00,79.0,253.0,9.7,13.0,1019.2,172.61,20.5,IDRSING3
6339,24.3,0.0,0.0,2017-07-23 08:45:00,77.0,267.0,9.7,11.1,1019.2,202.59,20.0,IDRSING3
6340,24.4,0.0,0.0,2017-07-23 08:50:00,76.0,224.0,9.0,11.1,1019.2,195.61,19.9,IDRSING3
6341,24.5,0.0,0.0,2017-07-23 08:55:00,76.0,242.0,12.2,13.0,1019.2,170.41,20.0,IDRSING3
6342,24.4,0.0,0.0,2017-07-23 09:01:00,75.0,244.0,9.0,11.1,1019.2,174.81,19.7,IDRSING3
6343,24.4,0.0,0.0,2017-07-23 09:06:00,76.0,228.0,5.5,7.2,1019.2,172.98,19.9,IDRSING3
6344,24.3,0.0,0.0,2017-07-23 09:11:00,75.0,231.0,7.6,9.3,1019.2,176.9,19.6,IDRSING3
6345,24.6,0.0,0.0,2017-07-23 09:17:00,74.0,220.0,5.5,5.5,1019.2,248.1,19.7,IDRSING3
6346,25.2,0.0,0.0,2017-07-23 09:22:00,74.0,196.0,1.1,1.8,1019.2,582.93,20.3,IDRSING3
6347,26.6,0.0,0.0,2017-07-23 09:27:00,69.0,198.0,2.9,3.5,1019.2,806.8,20.5,IDRSING3
6348,27.0,0.0,0.0,2017-07-23 09:32:00,70.0,208.0,1.8,3.5,1018.8,835.43,21.1,IDRSING3
6349,27.1,0.0,0.0,2017-07-23 09:37:00,70.0,213.0,0.3,1.8,1018.8,808.15,21.2,IDRSING3
6350,27.2,0.0,0.0,2017-07-23 09:42:00,67.0,240.0,11.6,16.6,1018.8,843.26,20.5,IDRSING3
6351,26.8,0.0,0.0,2017-07-23 09:47:00,67.0,327.0,9.3,11.1,1018.8,340.46,20.2,IDRSING3
6352,26.8,0.0,0.0,2017-07-23 09:53:00,67.0,324.0,2.1,3.5,1018.8,688.87,20.2,IDRSING3
6353,27.5,0.0,0.0,2017-07-23 09:58:00,64.0,283.0,6.1,9.3,1018.8,743.92,20.1,IDRSING3
6354,27.6,0.0,0.0,2017-07-23 10:03:00,63.0,331.0,4.0,5.5,1018.5,582.08,19.9,IDRSING3
6355,27.7,0.0,0.0,2017-07-23 10:09:00,62.0,280.0,2.1,3.5,1018.8,390.37,19.8,IDRSING3
6356,27.6,0.0,0.0,2017-07-23 10:14:00,62.0,321.0,6.4,7.2,1018.5,289.69,19.7,IDRSING3
6357,27.5,0.0,0.0,2017-07-23 10:19:00,60.0,276.0,9.7,13.0,1018.8,308.78,19.1,IDRSING3
6358,27.5,0.0,0.0,2017-07-23 10:24:00,61.0,321.0,13.0,16.6,1018.8,426.34,19.3,IDRSING3
6359,28.3,0.0,0.0,2017-07-23 10:29:00,57.0,274.0,3.5,5.5,1018.8,611.68,19.0,IDRSING3
6360,28.4,0.0,0.0,2017-07-23 10:34:00,59.0,266.0,7.9,9.3,1018.5,864.55,19.6,IDRSING3
6361,28.9,0.0,0.0,2017-07-23 10:39:00,58.0,299.0,11.6,13.0,1018.5,632.48,19.8,IDRSING3
6362,28.7,0.0,0.0,2017-07-23 10:41:00,58.0,348.0,13.0,16.6,1018.5,350.0,19.6,IDRSING3
6363,28.2,0.0,0.0,2017-07-23 10:46:00,57.0,308.0,10.5,13.0,1018.5,807.29,18.9,IDRSING3
6364,29.0,0.0,0.0,2017-07-23 10:51:00,56.0,300.0,11.1,14.8,1018.5,455.45,19.4,IDRSING3
6365,28.3,0.0,0.0,2017-07-23 10:57:00,57.0,261.0,7.2,11.1,1018.5,406.4,19.0,IDRSING3
6366,28.6,0.0,0.0,2017-07-23 11:02:00,55.0,315.0,16.3,18.3,1018.8,187.78,18.7,IDRSING3
6367,27.7,0.0,0.0,2017-07-23 11:07:00,55.0,306.0,16.9,21.9,1018.8,240.76,17.9,IDRSING3
6368,27.6,0.0,0.0,2017-07-23 11:12:00,55.0,319.0,17.7,21.9,1018.5,502.31,17.8,IDRSING3
6369,27.7,0.0,0.0,2017-07-23 11:17:00,56.0,342.0,10.8,13.0,1018.8,324.44,18.2,IDRSING3
6370,27.8,0.0,0.0,2017-07-23 11:22:00,56.0,307.0,14.8,16.6,1018.8,695.36,18.2,IDRSING3
6371,27.7,0.0,0.0,2017-07-23 11:27:00,56.0,282.0,13.4,16.6,1018.8,295.81,18.2,IDRSING3
6372,27.6,0.0,0.0,2017-07-23 11:33:00,56.0,322.0,10.8,14.8,1018.8,254.21,18.1,IDRSING3
6373,27.5,0.0,0.0,2017-07-23 11:38:00,57.0,309.0,9.3,13.0,1019.2,397.35,18.3,IDRSING3
6374,27.6,0.0,0.0,2017-07-23 11:43:00,56.0,297.0,12.2,16.6,1018.8,314.03,18.1,IDRSING3
6375,27.6,0.0,0.0,2017-07-23 11:48:00,55.0,281.0,20.1,23.8,1018.8,632.84,17.8,IDRSING3
6376,28.0,0.0,0.0,2017-07-23 11:53:00,55.0,279.0,10.5,11.1,1018.8,480.66,18.1,IDRSING3
6377,28.0,0.0,0.0,2017-07-23 11:58:00,55.0,331.0,14.8,18.3,1018.8,653.28,18.1,IDRSING3
6378,28.4,0.0,0.0,2017-07-23 12:03:00,54.0,0.0,10.5,13.0,1018.8,709.18,18.2,IDRSING3
6379,28.8,0.0,0.0,2017-07-23 12:08:00,54.0,344.0,13.0,16.6,1018.8,498.4,18.6,IDRSING3
6380,28.3,0.0,0.0,2017-07-23 12:13:00,53.0,313.0,16.9,20.1,1018.5,668.45,17.8,IDRSING3
6381,28.4,0.0,0.0,2017-07-23 12:18:00,54.0,346.0,12.2,16.6,1018.8,717.87,18.2,IDRSING3
6382,28.9,0.0,0.0,2017-07-23 12:23:00,51.0,297.0,10.5,13.0,1018.8,336.18,17.8,IDRSING3
6383,29.0,0.0,0.0,2017-07-23 12:29:00,51.0,356.0,15.4,18.3,1018.8,769.49,17.9,IDRSING3
6384,29.0,0.0,0.0,2017-07-23 12:34:00,52.0,359.0,14.3,20.1,1018.8,781.73,18.2,IDRSING3
6385,29.2,0.0,0.0,2017-07-23 12:39:00,50.0,293.0,7.2,9.3,1018.8,723.5,17.7,IDRSING3
6386,29.2,0.0,0.0,2017-07-23 12:44:00,50.0,322.0,15.1,18.3,1018.8,711.02,17.7,IDRSING3
6387,29.2,0.0,0.0,2017-07-23 12:49:00,49.0,322.0,13.7,16.6,1018.8,748.33,17.4,IDRSING3
6388,29.1,0.0,0.0,2017-07-23 12:54:00,50.0,292.0,9.7,11.1,1018.5,614.25,17.6,IDRSING3
6389,28.8,0.0,0.0,2017-07-23 12:59:00,51.0,284.0,7.2,9.3,1018.8,423.77,17.7,IDRSING3
6390,28.7,0.0,0.0,2017-07-23 13:05:00,52.0,352.0,8.2,9.3,1018.8,264.61,17.9,IDRSING3
6391,28.5,0.0,0.0,2017-07-23 13:10:00,51.0,324.0,10.5,13.0,1018.8,352.57,17.4,IDRSING3
6392,28.6,0.0,0.0,2017-07-23 13:15:00,53.0,334.0,2.9,5.5,1018.5,382.18,18.1,IDRSING3
6393,28.8,0.0,0.0,2017-07-23 13:21:00,50.0,342.0,6.9,7.2,1018.8,570.82,17.4,IDRSING3
6394,28.8,0.0,0.0,2017-07-23 13:22:00,51.0,335.0,9.7,11.1,1018.5,654.13,17.7,IDRSING3
6395,29.4,0.0,0.0,2017-07-23 13:27:00,49.0,317.0,10.5,14.8,1018.8,671.5,17.6,IDRSING3
6396,29.5,0.0,0.0,2017-07-23 13:32:00,50.0,307.0,8.7,13.0,1018.5,675.41,18.0,IDRSING3
6397,29.5,0.0,0.0,2017-07-23 13:37:00,51.0,302.0,7.9,9.3,1018.5,202.59,18.3,IDRSING3
6398,29.1,0.0,0.0,2017-07-23 13:42:00,53.0,285.0,1.1,5.5,1018.8,635.9,18.6,IDRSING3
6399,30.5,0.0,0.0,2017-07-23 13:47:00,48.0,345.0,11.1,14.8,1018.8,649.85,18.3,IDRSING3
6400,29.5,0.0,0.0,2017-07-23 13:52:00,51.0,336.0,9.7,13.0,1018.5,205.52,18.3,IDRSING3
6401,29.0,0.0,0.0,2017-07-23 13:57:00,50.0,283.0,7.9,11.1,1018.8,545.25,17.6,IDRSING3
6402,29.3,0.0,0.0,2017-07-23 14:02:00,50.0,311.0,11.1,13.0,1018.5,605.93,17.8,IDRSING3
6403,29.2,0.0,0.0,2017-07-23 14:07:00,51.0,338.0,5.5,7.2,1018.5,352.2,18.1,IDRSING3
6404,29.0,0.0,0.0,2017-07-23 14:13:00,51.0,338.0,4.7,7.2,1018.5,585.62,17.9,IDRSING3
6405,29.6,0.0,0.0,2017-07-23 14:18:00,49.0,352.0,11.1,16.6,1018.5,601.65,17.8,IDRSING3
6406,29.3,0.0,0.0,2017-07-23 14:23:00,49.0,320.0,5.5,7.2,1018.2,563.84,17.5,IDRSING3
6407,29.9,0.0,0.0,2017-07-23 14:29:00,49.0,178.0,1.1,1.8,1018.2,536.08,18.1,IDRSING3
6408,31.0,0.0,0.0,2017-07-23 14:34:00,47.0,298.0,3.5,5.5,1018.2,482.74,18.4,IDRSING3
6409,31.6,0.0,0.0,2017-07-23 14:39:00,47.0,134.0,1.1,1.8,1018.2,471.11,18.9,IDRSING3
6410,31.1,0.0,0.0,2017-07-23 14:45:00,47.0,193.0,0.3,1.8,1017.8,451.54,18.5,IDRSING3
6411,31.3,0.0,0.0,2017-07-23 14:50:00,46.0,202.0,0.3,1.8,1018.2,481.52,18.3,IDRSING3
6412,31.6,0.0,0.0,2017-07-23 14:55:00,46.0,99.0,0.0,0.0,1018.2,505.74,18.6,IDRSING3
6413,31.3,0.0,0.0,2017-07-23 15:01:00,48.0,101.0,1.4,1.8,1017.8,179.95,19.0,IDRSING3
6414,30.2,0.0,0.0,2017-07-23 15:06:00,48.0,170.0,1.8,3.5,1017.8,497.05,18.0,IDRSING3
6415,31.0,0.0,0.0,2017-07-23 15:11:00,47.0,167.0,2.1,3.5,1017.8,474.05,18.4,IDRSING3
6416,30.4,0.0,0.0,2017-07-23 15:16:00,47.0,263.0,2.6,5.5,1017.8,429.4,17.8,IDRSING3
6417,30.9,0.0,0.0,2017-07-23 15:21:00,47.0,354.0,2.1,3.5,1017.8,411.17,18.3,IDRSING3
6418,30.9,0.0,0.0,2017-07-23 15:26:00,46.0,109.0,0.3,1.8,1017.8,345.23,18.0,IDRSING3
6419,30.4,0.0,0.0,2017-07-23 15:31:00,47.0,141.0,5.0,7.2,1017.8,334.83,17.8,IDRSING3
6420,30.1,0.0,0.0,2017-07-23 15:37:00,46.0,231.0,2.9,5.5,1017.8,298.86,17.2,IDRSING3
6421,30.1,0.0,0.0,2017-07-23 15:42:00,47.0,163.0,2.1,3.5,1017.8,297.52,17.6,IDRSING3
6422,30.4,0.0,0.0,2017-07-23 15:47:00,45.0,315.0,3.2,5.5,1017.8,258.98,17.2,IDRSING3
6423,30.4,0.0,0.0,2017-07-23 15:52:00,45.0,192.0,0.0,0.0,1017.5,172.61,17.2,IDRSING3
6424,30.5,0.0,0.0,2017-07-23 15:53:00,45.0,193.0,0.3,1.8,1017.8,196.84,17.3,IDRSING3
6425,30.7,0.0,0.0,2017-07-23 15:58:00,44.0,144.0,1.1,3.5,1017.5,256.29,17.1,IDRSING3
6426,30.8,0.0,0.0,2017-07-23 16:03:00,44.0,112.0,0.3,1.8,1017.5,245.04,17.2,IDRSING3
6427,30.1,0.0,0.0,2017-07-23 16:08:00,47.0,192.0,1.4,1.8,1017.8,133.95,17.6,IDRSING3
6428,29.2,0.0,0.0,2017-07-23 16:13:00,50.0,194.0,0.0,0.0,1017.8,103.61,17.7,IDRSING3
6429,28.7,0.0,0.0,2017-07-23 16:18:00,50.0,336.0,0.0,0.0,1017.8,133.95,17.3,IDRSING3
6430,28.8,0.0,0.0,2017-07-23 16:23:00,49.0,193.0,1.4,1.8,1017.8,161.36,17.1,IDRSING3
6431,29.1,0.0,0.0,2017-07-23 16:29:00,49.0,183.0,0.0,0.0,1017.8,173.47,17.3,IDRSING3
6432,29.0,0.0,0.0,2017-07-23 16:34:00,48.0,127.0,0.0,0.0,1017.8,160.02,16.9,IDRSING3
6433,29.1,0.0,0.0,2017-07-23 16:39:00,48.0,134.0,1.4,1.8,1017.5,222.9,17.0,IDRSING3
6434,29.8,0.0,0.0,2017-07-23 16:44:00,47.0,145.0,1.4,1.8,1017.8,226.44,17.3,IDRSING3
6435,30.3,0.0,0.0,2017-07-23 16:49:00,46.0,270.0,2.1,3.5,1017.8,205.15,17.4,IDRSING3
6436,30.2,0.0,0.0,2017-07-23 16:54:00,46.0,232.0,1.4,1.8,1017.8,194.76,17.3,IDRSING3
6437,30.4,0.0,0.0,2017-07-23 16:59:00,45.0,186.0,3.5,7.2,1017.8,177.39,17.2,IDRSING3
6438,30.5,0.0,0.0,2017-07-23 17:04:00,45.0,165.0,0.3,1.8,1017.5,150.96,17.3,IDRSING3
6439,30.3,0.0,0.0,2017-07-23 17:09:00,45.0,276.0,2.9,3.5,1017.5,128.82,17.1,IDRSING3
6440,29.7,0.0,0.0,2017-07-23 17:14:00,45.0,140.0,1.1,1.8,1017.8,112.67,16.5,IDRSING3
6441,29.9,0.0,0.0,2017-07-23 17:19:00,45.0,145.0,1.1,1.8,1017.8,88.45,16.7,IDRSING3
6442,30.0,0.0,0.0,2017-07-23 17:24:00,46.0,154.0,0.3,1.8,1017.8,75.85,17.2,IDRSING3
6443,29.8,0.0,0.0,2017-07-23 17:30:00,46.0,176.0,0.0,0.0,1017.8,87.1,17.0,IDRSING3
6444,29.8,0.0,0.0,2017-07-23 17:35:00,46.0,234.0,0.0,0.0,1017.8,100.19,17.0,IDRSING3
6445,29.1,0.0,0.0,2017-07-23 17:40:00,48.0,149.0,0.0,0.0,1017.8,100.19,17.0,IDRSING3
6446,28.9,0.0,0.0,2017-07-23 17:45:00,48.0,160.0,1.8,3.5,1017.5,87.96,16.8,IDRSING3
6447,28.6,0.0,0.0,2017-07-23 17:50:00,49.0,238.0,0.0,0.0,1017.8,89.31,16.9,IDRSING3
6448,28.0,0.0,0.0,2017-07-23 17:55:00,50.0,261.0,0.0,0.0,1017.8,83.68,16.6,IDRSING3
6449,27.3,0.0,0.0,2017-07-23 18:00:00,52.0,243.0,0.0,0.0,1017.8,64.96,16.6,IDRSING3
6450,26.8,0.0,0.0,2017-07-23 18:05:00,55.0,157.0,0.6,1.8,1018.2,38.53,17.0,IDRSING3
6451,26.3,0.0,0.0,2017-07-23 18:10:00,57.0,213.0,0.6,1.8,1017.8,23.36,17.1,IDRSING3
6452,25.9,0.0,0.0,2017-07-23 18:15:00,57.0,142.0,1.1,1.8,1018.2,16.39,16.8,IDRSING3
6453,25.6,0.0,0.0,2017-07-23 18:20:00,58.0,131.0,0.3,1.8,1017.8,11.62,16.7,IDRSING3
6454,25.4,0.0,0.0,2017-07-23 18:26:00,59.0,141.0,0.0,0.0,1017.8,8.56,16.8,IDRSING3
6455,24.8,0.0,0.0,2017-07-23 18:31:00,59.0,231.0,1.1,1.8,1018.2,5.99,16.3,IDRSING3
6456,24.4,0.0,0.0,2017-07-23 18:36:00,60.0,194.0,1.1,1.8,1018.2,3.43,16.2,IDRSING3
6457,24.2,0.0,0.0,2017-07-23 18:41:00,60.0,158.0,0.0,0.0,1018.2,2.57,16.0,IDRSING3
6458,23.9,0.0,0.0,2017-07-23 18:46:00,62.0,162.0,0.0,0.0,1018.2,0.36,16.2,IDRSING3
6459,23.6,0.0,0.0,2017-07-23 18:51:00,63.0,157.0,0.0,0.0,1018.2,0.0,16.2,IDRSING3
6460,23.3,0.0,0.0,2017-07-23 18:57:00,63.0,148.0,0.0,0.0,1017.8,0.0,15.9,IDRSING3
6461,23.1,0.0,0.0,2017-07-23 19:02:00,64.0,148.0,0.0,0.0,1018.2,0.0,15.9,IDRSING3
6462,22.9,0.0,0.0,2017-07-23 19:07:00,66.0,148.0,0.0,0.0,1018.2,0.0,16.2,IDRSING3
6463,22.7,0.0,0.0,2017-07-23 19:12:00,66.0,148.0,0.0,0.0,1018.2,0.0,16.0,IDRSING3
6464,22.4,0.0,0.0,2017-07-23 19:17:00,67.0,148.0,0.0,0.0,1018.2,0.0,16.0,IDRSING3
6465,22.2,0.0,0.0,2017-07-23 19:22:00,68.0,148.0,0.0,0.0,1018.2,0.0,16.0,IDRSING3
6466,22.0,0.0,0.0,2017-07-23 19:27:00,70.0,148.0,0.0,0.0,1018.2,0.0,16.3,IDRSING3
6467,21.9,0.0,0.0,2017-07-23 19:32:00,70.0,148.0,0.0,0.0,1018.2,0.0,16.2,IDRSING3
6468,21.8,0.0,0.0,2017-07-23 19:37:00,70.0,148.0,0.3,1.8,1018.2,0.0,16.1,IDRSING3
6469,21.7,0.0,0.0,2017-07-23 19:42:00,71.0,148.0,0.0,0.0,1018.2,0.0,16.2,IDRSING3
6470,21.6,0.0,0.0,2017-07-23 19:47:00,71.0,148.0,0.3,1.8,1018.2,0.0,16.1,IDRSING3
6471,21.6,0.0,0.0,2017-07-23 19:52:00,72.0,148.0,0.0,0.0,1018.2,0.0,16.3,IDRSING3
6472,21.5,0.0,0.0,2017-07-23 19:58:00,72.0,148.0,0.0,0.0,1018.5,0.0,16.2,IDRSING3
6473,21.7,0.0,0.0,2017-07-23 20:03:00,71.0,148.0,0.0,0.0,1018.5,0.0,16.2,IDRSING3
6474,21.7,0.0,0.0,2017-07-23 20:08:00,71.0,148.0,0.0,0.0,1018.5,0.0,16.2,IDRSING3
6475,21.7,0.0,0.0,2017-07-23 20:13:00,71.0,148.0,0.0,0.0,1018.8,0.0,16.2,IDRSING3
6476,21.5,0.0,0.0,2017-07-23 20:18:00,72.0,148.0,0.0,0.0,1018.5,0.0,16.2,IDRSING3
6477,20.8,0.0,0.0,2017-07-23 20:23:00,77.0,148.0,0.0,0.0,1018.5,0.0,16.6,IDRSING3
6478,20.4,0.0,0.0,2017-07-23 20:28:00,77.0,148.0,0.3,1.8,1018.5,0.0,16.2,IDRSING3
6479,20.3,0.0,0.0,2017-07-23 20:33:00,77.0,148.0,0.0,0.0,1018.5,0.0,16.1,IDRSING3
6480,20.4,0.0,0.0,2017-07-23 20:38:00,78.0,148.0,0.0,0.0,1018.5,0.0,16.5,IDRSING3
6481,20.5,0.0,0.0,2017-07-23 20:43:00,78.0,148.0,0.0,0.0,1018.5,0.0,16.6,IDRSING3
6482,20.4,0.0,0.0,2017-07-23 20:49:00,79.0,148.0,0.0,0.0,1018.5,0.0,16.7,IDRSING3
6483,20.3,0.0,0.0,2017-07-23 20:54:00,81.0,148.0,0.0,0.0,1018.5,0.0,16.9,IDRSING3
6484,20.2,0.0,0.0,2017-07-23 20:59:00,81.0,148.0,0.0,0.0,1018.5,0.0,16.8,IDRSING3
6485,20.2,0.0,0.0,2017-07-23 21:04:00,81.0,148.0,0.3,1.8,1018.8,0.0,16.8,IDRSING3
6486,20.3,0.0,0.0,2017-07-23 21:10:00,83.0,148.0,0.0,0.0,1018.5,0.0,17.3,IDRSING3
6487,20.0,0.0,0.0,2017-07-23 21:15:00,85.0,148.0,0.0,0.0,1018.5,0.0,17.4,IDRSING3
6488,19.9,0.0,0.0,2017-07-23 21:20:00,87.0,148.0,0.0,0.0,1018.5,0.0,17.7,IDRSING3
6489,19.7,0.0,0.0,2017-07-23 21:25:00,87.0,148.0,0.0,0.0,1018.5,0.0,17.5,IDRSING3
6490,19.7,0.0,0.0,2017-07-23 21:30:00,88.0,148.0,0.0,0.0,1018.5,0.0,17.6,IDRSING3
6491,19.7,0.0,0.0,2017-07-23 21:35:00,88.0,148.0,0.0,0.0,1018.5,0.0,17.6,IDRSING3
6492,19.5,0.0,0.0,2017-07-23 21:40:00,90.0,148.0,0.0,0.0,1018.8,0.0,17.8,IDRSING3
6493,19.5,0.0,0.0,2017-07-23 21:45:00,93.0,148.0,1.4,1.8,1018.8,0.0,18.3,IDRSING3
6494,19.8,0.0,0.0,2017-07-23 21:50:00,87.0,148.0,0.0,0.0,1019.2,0.0,17.6,IDRSING3
6495,20.0,0.0,0.0,2017-07-23 21:55:00,86.0,148.0,0.3,1.8,1018.8,0.0,17.6,IDRSING3
6496,20.2,0.0,0.0,2017-07-23 22:00:00,85.0,148.0,0.3,1.8,1018.8,0.0,17.6,IDRSING3
6497,20.4,0.0,0.0,2017-07-23 22:05:00,83.0,148.0,0.6,1.8,1018.8,0.0,17.4,IDRSING3
6498,20.6,0.0,0.0,2017-07-23 22:10:00,83.0,148.0,0.0,0.0,1019.2,0.0,17.6,IDRSING3
6499,20.5,0.0,0.0,2017-07-23 22:15:00,84.0,148.0,0.0,0.0,1018.8,0.0,17.7,IDRSING3
6500,20.5,0.0,0.0,2017-07-23 22:20:00,85.0,148.0,0.0,0.0,1018.8,0.0,17.9,IDRSING3
6501,20.3,0.0,0.0,2017-07-23 22:26:00,91.0,148.0,0.0,0.0,1018.8,0.0,18.8,IDRSING3
6502,20.0,0.0,0.0,2017-07-23 22:31:00,93.0,148.0,0.0,0.0,1018.8,0.0,18.8,IDRSING3
6503,19.8,0.0,0.0,2017-07-23 22:36:00,95.0,148.0,0.0,0.0,1018.5,0.0,18.9,IDRSING3
6504,19.7,0.0,0.0,2017-07-23 22:41:00,96.0,148.0,0.0,0.0,1018.5,0.0,19.1,IDRSING3
6505,19.6,0.0,0.0,2017-07-23 22:46:00,99.0,148.0,0.0,0.0,1018.5,0.0,19.4,IDRSING3
6506,19.6,0.0,0.0,2017-07-23 22:51:00,99.0,148.0,0.0,0.0,1018.5,0.0,19.4,IDRSING3
6507,19.6,0.0,0.0,2017-07-23 22:56:00,96.0,148.0,0.0,0.0,1018.2,0.0,19.0,IDRSING3
6508,19.7,0.0,0.0,2017-07-23 23:02:00,97.0,148.0,0.0,0.0,1018.5,0.0,19.3,IDRSING3
6509,19.7,0.0,0.0,2017-07-23 23:07:00,95.0,148.0,0.0,0.0,1018.2,0.0,18.8,IDRSING3
6510,19.8,0.0,0.0,2017-07-23 23:12:00,93.0,148.0,1.4,1.8,1018.2,0.0,18.6,IDRSING3
6511,20.3,0.0,0.0,2017-07-23 23:17:00,88.0,139.0,0.0,0.0,1018.2,0.0,18.2,IDRSING3
6512,20.4,0.0,0.0,2017-07-23 23:22:00,89.0,248.0,0.0,0.0,1018.2,0.0,18.5,IDRSING3
6513,20.4,0.0,0.0,2017-07-23 23:27:00,89.0,266.0,0.0,0.0,1018.2,0.0,18.5,IDRSING3
6514,20.2,0.0,0.0,2017-07-23 23:32:00,91.0,266.0,0.0,0.0,1018.2,0.0,18.7,IDRSING3
6515,19.9,0.0,0.0,2017-07-23 23:38:00,94.0,266.0,0.0,0.0,1018.2,0.0,18.8,IDRSING3
6516,20.1,0.0,0.0,2017-07-23 23:43:00,91.0,270.0,1.1,1.8,1017.8,0.0,18.6,IDRSING3
6517,20.2,0.0,0.0,2017-07-23 23:48:00,93.0,270.0,0.3,1.8,1017.8,0.0,19.0,IDRSING3
6518,20.0,0.0,0.0,2017-07-23 23:54:00,96.0,270.0,0.0,0.0,1018.2,0.0,19.4,IDRSING3
6519,19.6,0.0,0.0,2017-07-23 23:59:00,99.0,270.0,0.0,0.0,1017.8,0.0,19.4,IDRSING3
6520,19.4,0.0,0.0,2017-07-24 00:04:00,99.0,270.0,0.0,0.0,1018.2,0.0,19.2,IDRSING3
6521,19.1,0.0,0.0,2017-07-24 00:09:00,99.0,270.0,0.0,0.0,1017.8,0.0,18.9,IDRSING3
6522,18.8,0.0,0.0,2017-07-24 00:14:00,99.0,270.0,0.0,0.0,1018.2,0.0,18.6,IDRSING3
6523,18.7,0.0,0.0,2017-07-24 00:19:00,99.0,270.0,0.0,0.0,1018.2,0.0,18.5,IDRSING3
6524,18.7,0.0,0.0,2017-07-24 00:24:00,99.0,270.0,0.0,0.0,1017.8,0.0,18.5,IDRSING3
6525,18.7,0.0,0.0,2017-07-24 00:30:00,99.0,270.0,0.0,0.0,1018.2,0.0,18.5,IDRSING3
6526,18.7,0.0,0.0,2017-07-24 00:35:00,99.0,270.0,0.0,0.0,1017.8,0.0,18.5,IDRSING3
6527,18.6,0.0,0.0,2017-07-24 00:40:00,99.0,270.0,0.0,0.0,1017.8,0.0,18.4,IDRSING3
6528,18.5,0.0,0.0,2017-07-24 00:45:00,99.0,274.0,4.0,5.5,1017.8,0.0,18.3,IDRSING3
6529,18.8,0.0,0.0,2017-07-24 00:50:00,99.0,332.0,4.7,7.2,1017.8,0.0,18.6,IDRSING3
6530,19.1,0.0,0.0,2017-07-24 00:55:00,99.0,316.0,6.4,9.3,1017.8,0.0,18.9,IDRSING3
6531,19.3,0.0,0.0,2017-07-24 01:00:00,99.0,307.0,1.1,3.5,1017.8,0.0,19.1,IDRSING3
6532,19.1,0.0,0.0,2017-07-24 01:05:00,99.0,307.0,0.0,0.0,1017.8,0.0,18.9,IDRSING3
6533,19.1,0.0,0.0,2017-07-24 01:10:00,99.0,308.0,2.9,3.5,1017.8,0.0,18.9,IDRSING3
6534,18.9,0.0,0.0,2017-07-24 01:15:00,99.0,308.0,0.0,0.0,1017.5,0.0,18.7,IDRSING3
6535,18.7,0.0,0.0,2017-07-24 01:20:00,99.0,308.0,0.0,0.0,1017.5,0.0,18.5,IDRSING3
6536,18.6,0.0,0.0,2017-07-24 01:26:00,99.0,308.0,0.6,1.8,1017.5,0.0,18.4,IDRSING3
6537,18.6,0.0,0.0,2017-07-24 01:31:00,99.0,308.0,0.0,0.0,1017.5,0.0,18.4,IDRSING3
6538,18.5,0.0,0.0,2017-07-24 01:36:00,99.0,307.0,0.0,0.0,1017.5,0.0,18.3,IDRSING3
6539,18.6,0.0,0.0,2017-07-24 01:42:00,99.0,308.0,1.4,1.8,1017.2,0.0,18.4,IDRSING3
6540,18.9,0.0,0.0,2017-07-24 01:47:00,99.0,308.0,0.0,0.0,1017.2,0.0,18.7,IDRSING3
6541,18.9,0.0,0.0,2017-07-24 01:52:00,99.0,308.0,0.0,0.0,1017.2,0.0,18.7,IDRSING3
6542,18.9,0.0,0.0,2017-07-24 01:57:00,99.0,307.0,1.1,1.8,1017.2,0.0,18.7,IDRSING3
6543,18.9,0.0,0.0,2017-07-24 02:02:00,99.0,308.0,0.0,0.0,1017.2,0.0,18.7,IDRSING3
6544,18.8,0.0,0.0,2017-07-24 02:07:00,99.0,307.0,0.0,0.0,1017.2,0.0,18.6,IDRSING3
6545,18.9,0.0,0.0,2017-07-24 02:12:00,99.0,308.0,1.1,1.8,1017.2,0.0,18.7,IDRSING3
6546,19.0,0.0,0.0,2017-07-24 02:18:00,99.0,308.0,1.8,1.8,1017.2,0.0,18.8,IDRSING3
6547,19.0,0.0,0.0,2017-07-24 02:23:00,99.0,308.0,0.0,0.0,1016.8,0.0,18.8,IDRSING3
6548,19.0,0.0,0.0,2017-07-24 02:28:00,99.0,308.0,0.0,0.0,1017.2,0.0,18.8,IDRSING3
6549,19.0,0.0,0.0,2017-07-24 02:33:00,99.0,308.0,0.0,0.0,1017.2,0.0,18.8,IDRSING3
6550,19.0,0.0,0.0,2017-07-24 02:38:00,99.0,308.0,1.8,1.8,1017.2,0.0,18.8,IDRSING3
6551,19.1,0.0,0.0,2017-07-24 02:43:00,99.0,308.0,0.3,1.8,1017.2,0.0,18.9,IDRSING3
6552,19.1,0.0,0.0,2017-07-24 02:48:00,99.0,308.0,0.0,0.0,1017.5,0.0,18.9,IDRSING3
6553,19.1,0.0,0.0,2017-07-24 02:54:00,99.0,308.0,1.1,1.8,1017.5,0.0,18.9,IDRSING3
6554,19.1,0.0,0.0,2017-07-24 02:59:00,99.0,308.0,0.0,0.0,1017.2,0.0,18.9,IDRSING3
6555,19.0,0.0,0.0,2017-07-24 03:04:00,99.0,308.0,1.8,1.8,1017.2,0.0,18.8,IDRSING3
6556,19.2,0.0,0.0,2017-07-24 03:09:00,99.0,321.0,3.2,5.5,1017.2,0.0,19.0,IDRSING3
6557,19.2,0.0,0.0,2017-07-24 03:14:00,99.0,326.0,2.1,3.5,1017.2,1.22,19.0,IDRSING3
6558,19.1,0.0,0.0,2017-07-24 03:19:00,99.0,326.0,0.0,0.0,1016.8,2.94,18.9,IDRSING3
6559,19.0,0.0,0.0,2017-07-24 03:24:00,99.0,326.0,0.0,0.0,1016.8,5.99,18.8,IDRSING3
6560,19.0,0.0,0.0,2017-07-24 03:30:00,99.0,326.0,3.5,3.5,1017.2,9.05,18.8,IDRSING3
6561,19.1,0.0,0.0,2017-07-24 03:35:00,99.0,331.0,4.0,5.5,1016.8,10.77,18.9,IDRSING3
6562,19.2,0.0,0.0,2017-07-24 03:40:00,99.0,316.0,3.5,3.5,1016.8,11.25,19.0,IDRSING3
6563,19.2,0.0,0.0,2017-07-24 03:46:00,99.0,310.0,4.7,5.5,1016.5,12.97,19.0,IDRSING3
6564,19.2,0.0,0.0,2017-07-24 03:51:00,99.0,310.0,0.0,0.0,1016.5,15.53,19.0,IDRSING3
6565,19.1,0.0,0.0,2017-07-24 03:56:00,99.0,311.0,0.0,0.0,1016.5,16.88,18.9,IDRSING3
6566,19.0,0.0,0.0,2017-07-24 04:01:00,99.0,311.0,0.3,1.8,1016.5,19.45,18.8,IDRSING3
6567,18.9,0.0,0.0,2017-07-24 04:06:00,99.0,311.0,0.0,0.0,1016.1,21.16,18.7,IDRSING3
6568,18.8,0.0,0.0,2017-07-24 04:11:00,99.0,311.0,0.3,1.8,1016.5,23.85,18.6,IDRSING3
6569,18.9,0.0,0.0,2017-07-24 04:16:00,99.0,319.0,4.0,5.5,1016.5,25.94,18.7,IDRSING3
6570,19.0,0.0,0.0,2017-07-24 04:22:00,99.0,329.0,3.5,3.5,1016.5,29.85,18.8,IDRSING3
6571,19.0,0.0,0.0,2017-07-24 04:27:00,99.0,253.0,4.7,5.5,1016.5,35.48,18.8,IDRSING3
6572,19.1,0.0,0.0,2017-07-24 04:32:00,99.0,264.0,1.4,1.8,1016.5,41.1,18.9,IDRSING3
6573,19.1,0.0,0.0,2017-07-24 04:37:00,99.0,264.0,1.8,1.8,1016.5,47.22,18.9,IDRSING3
6574,19.1,0.0,0.0,2017-07-24 04:42:00,99.0,301.0,3.5,3.5,1016.5,49.79,18.9,IDRSING3
6575,19.1,0.0,0.0,2017-07-24 04:47:00,99.0,303.0,0.0,0.0,1016.5,54.56,18.9,IDRSING3
6576,19.1,0.0,0.0,2017-07-24 04:52:00,99.0,303.0,0.0,0.0,1016.1,61.53,18.9,IDRSING3
6577,19.2,0.0,0.0,2017-07-24 04:57:00,99.0,303.0,0.0,0.0,1016.1,71.07,19.0,IDRSING3
6578,19.3,0.0,0.0,2017-07-24 05:02:00,99.0,303.0,0.0,0.0,1016.1,78.05,19.1,IDRSING3
6579,19.4,0.0,0.0,2017-07-24 05:07:00,99.0,303.0,0.0,0.0,1015.8,71.93,19.2,IDRSING3
6580,19.5,0.0,0.0,2017-07-24 05:12:00,99.0,303.0,0.3,1.8,1015.8,68.02,19.3,IDRSING3
6581,19.5,0.0,0.0,2017-07-24 05:18:00,99.0,303.0,1.8,1.8,1016.5,90.16,19.3,IDRSING3
6582,19.7,0.0,0.0,2017-07-24 05:23:00,99.0,303.0,0.0,0.0,1016.1,130.53,19.5,IDRSING3
6583,20.0,0.0,0.0,2017-07-24 05:28:00,99.0,303.0,0.6,1.8,1015.8,138.36,19.8,IDRSING3
6584,20.1,0.0,0.0,2017-07-24 05:33:00,99.0,303.0,1.4,1.8,1015.8,130.53,19.9,IDRSING3
6585,20.0,0.0,0.0,2017-07-24 05:38:00,99.0,305.0,2.6,3.5,1016.1,127.47,19.8,IDRSING3
6586,20.0,0.0,0.0,2017-07-24 05:43:00,99.0,305.0,0.0,0.0,1015.8,121.85,19.8,IDRSING3
6587,20.2,0.0,0.0,2017-07-24 05:48:00,99.0,305.0,1.1,1.8,1015.5,101.41,20.0,IDRSING3
6588,20.2,0.0,0.0,2017-07-24 05:54:00,99.0,309.0,1.8,1.8,1016.1,93.22,20.0,IDRSING3
6589,20.3,0.0,0.0,2017-07-24 05:59:00,99.0,309.0,0.0,0.0,1015.8,83.68,20.1,IDRSING3
6590,20.5,0.0,0.0,2017-07-24 06:04:00,99.0,310.0,2.1,5.5,1015.5,64.59,20.3,IDRSING3
6591,20.3,0.0,0.0,2017-07-24 06:09:00,99.0,322.0,0.3,1.8,1015.5,69.73,20.1,IDRSING3
6592,20.4,0.0,0.0,2017-07-24 06:14:00,99.0,322.0,1.4,1.8,1015.5,101.41,20.2,IDRSING3
6593,20.4,0.0,0.0,2017-07-24 06:19:00,99.0,322.0,0.0,0.0,1015.5,111.82,20.2,IDRSING3
6594,20.6,0.0,0.0,2017-07-24 06:25:00,99.0,322.0,0.0,0.0,1015.5,114.02,20.4,IDRSING3
6595,20.8,0.0,0.0,2017-07-24 06:30:00,99.0,314.0,0.0,0.0,1015.1,107.9,20.6,IDRSING3
6596,20.8,0.0,0.0,2017-07-24 06:35:00,99.0,322.0,0.3,1.8,1015.1,101.41,20.6,IDRSING3
6597,20.6,0.0,0.0,2017-07-24 06:41:00,99.0,322.0,3.5,3.5,1015.1,117.07,20.4,IDRSING3
6598,20.6,0.0,0.0,2017-07-24 06:46:00,99.0,322.0,0.0,0.0,1015.1,138.73,20.4,IDRSING3
6599,20.8,0.0,0.0,2017-07-24 06:51:00,96.0,322.0,2.1,3.5,1015.5,148.27,20.2,IDRSING3
6600,20.9,0.0,0.0,2017-07-24 06:57:00,96.0,326.0,4.0,5.5,1015.1,120.13,20.3,IDRSING3
6601,21.0,0.0,0.0,2017-07-24 07:02:00,97.0,334.0,0.0,0.0,1015.1,101.9,20.6,IDRSING3
6602,21.1,0.0,0.0,2017-07-24 07:07:00,97.0,334.0,0.0,0.0,1015.1,99.34,20.7,IDRSING3
6603,21.2,0.0,0.0,2017-07-24 07:13:00,97.0,319.0,0.0,0.0,1015.1,86.73,20.8,IDRSING3
6604,21.1,0.0,0.0,2017-07-24 07:18:00,94.0,321.0,1.4,1.8,1014.8,79.76,20.0,IDRSING3
6605,20.9,0.0,0.0,2017-07-24 07:23:00,93.0,348.0,2.1,3.5,1014.8,93.22,19.7,IDRSING3
6606,20.9,0.0,0.0,2017-07-24 07:29:00,92.0,348.0,0.0,0.0,1014.4,97.99,19.6,IDRSING3
6607,21.0,0.0,0.0,2017-07-24 07:34:00,92.0,319.0,0.0,0.0,1014.8,91.02,19.7,IDRSING3
6608,21.0,0.0,0.0,2017-07-24 07:39:00,92.0,319.0,0.0,0.0,1014.4,89.31,19.7,IDRSING3
6609,21.2,0.0,0.0,2017-07-24 07:45:00,92.0,319.0,0.0,0.0,1014.8,108.39,19.9,IDRSING3
6610,21.3,0.0,0.0,2017-07-24 07:50:00,88.0,319.0,0.3,1.8,1014.4,165.64,19.2,IDRSING3
6611,21.4,0.0,0.0,2017-07-24 07:55:00,88.0,319.0,1.1,3.5,1014.4,238.92,19.3,IDRSING3
6612,22.0,0.0,0.0,2017-07-24 08:01:00,88.0,319.0,3.5,5.5,1014.4,490.2,19.9,IDRSING3
6613,22.4,0.0,0.0,2017-07-24 08:06:00,84.0,287.0,5.0,7.2,1014.4,342.66,19.6,IDRSING3
6614,22.3,0.0,0.0,2017-07-24 08:11:00,84.0,171.0,0.0,0.0,1014.1,401.26,19.5,IDRSING3
6615,22.9,0.0,0.0,2017-07-24 08:16:00,80.0,145.0,0.3,1.8,1013.8,376.91,19.3,IDRSING3
6616,23.2,0.0,0.0,2017-07-24 08:21:00,76.0,256.0,0.3,1.8,1013.8,327.0,18.7,IDRSING3
6617,23.2,0.0,0.0,2017-07-24 08:26:00,77.0,248.0,2.1,3.5,1013.8,326.15,18.9,IDRSING3
6618,22.8,0.0,0.0,2017-07-24 08:31:00,80.0,271.0,0.0,0.0,1014.1,225.46,19.2,IDRSING3
6619,22.4,0.0,0.0,2017-07-24 08:37:00,79.0,344.0,1.1,1.8,1013.8,151.82,18.6,IDRSING3
6620,22.2,0.0,0.0,2017-07-24 08:42:00,81.0,241.0,0.0,0.0,1013.8,168.7,18.8,IDRSING3
6621,22.3,0.0,0.0,2017-07-24 08:47:00,81.0,280.0,1.4,1.8,1013.8,193.41,18.9,IDRSING3
6622,22.4,0.0,0.0,2017-07-24 08:53:00,81.0,280.0,0.0,0.0,1013.4,215.07,19.0,IDRSING3
6623,22.6,0.0,0.0,2017-07-24 08:58:00,79.0,297.0,0.0,0.0,1013.8,241.12,18.8,IDRSING3
6624,22.8,0.0,0.0,2017-07-24 09:03:00,77.0,305.0,4.3,5.5,1013.8,292.75,18.5,IDRSING3
6625,22.6,0.0,0.0,2017-07-24 09:09:00,77.0,157.0,1.1,1.8,1013.4,321.01,18.4,IDRSING3
6626,22.7,0.0,0.0,2017-07-24 09:14:00,77.0,252.0,0.3,1.8,1013.4,299.23,18.4,IDRSING3
6627,22.7,0.0,0.0,2017-07-24 09:18:00,74.0,261.0,1.1,3.5,1013.8,275.01,17.9,IDRSING3
6628,22.9,0.0,0.0,2017-07-24 09:23:00,75.0,173.0,0.0,0.0,1013.8,267.55,18.3,IDRSING3
6629,23.1,0.0,0.0,2017-07-24 09:29:00,75.0,291.0,0.0,0.0,1013.8,279.29,18.5,IDRSING3
6630,23.0,0.0,0.0,2017-07-24 09:34:00,74.0,325.0,1.4,1.8,1013.8,275.37,18.1,IDRSING3
6631,23.2,0.0,0.0,2017-07-24 09:39:00,75.0,258.0,0.0,0.0,1013.4,251.15,18.6,IDRSING3
6632,23.1,0.0,0.0,2017-07-24 09:45:00,74.0,6.0,1.4,1.8,1013.4,258.98,18.2,IDRSING3
6633,23.0,0.0,0.0,2017-07-24 09:50:00,73.0,280.0,4.0,5.5,1013.1,278.07,17.9,IDRSING3
6634,23.0,0.0,0.0,2017-07-24 09:55:00,72.0,118.0,1.1,3.5,1013.1,281.49,17.7,IDRSING3
6635,23.2,0.0,0.0,2017-07-24 10:00:00,73.0,182.0,0.0,0.0,1012.8,300.95,18.1,IDRSING3
6636,23.2,0.0,0.0,2017-07-24 10:05:00,73.0,201.0,0.0,0.0,1012.8,291.03,18.1,IDRSING3
6637,23.3,0.0,0.0,2017-07-24 10:10:00,73.0,323.0,2.6,3.5,1012.8,201.24,18.2,IDRSING3
6638,22.9,0.0,0.0,2017-07-24 10:15:00,76.0,295.0,0.3,1.8,1012.4,156.59,18.4,IDRSING3
6639,22.9,0.0,0.0,2017-07-24 10:20:00,74.0,276.0,4.7,5.5,1012.4,196.84,18.0,IDRSING3
6640,22.9,0.0,0.0,2017-07-24 10:26:00,75.0,206.0,0.3,1.8,1012.4,256.78,18.3,IDRSING3
6641,23.5,0.0,0.0,2017-07-24 10:31:00,75.0,287.0,0.0,0.0,1012.4,368.72,18.8,IDRSING3
6642,24.0,0.0,0.0,2017-07-24 10:36:00,73.0,201.0,1.4,1.8,1012.1,300.09,18.9,IDRSING3
6643,23.7,0.0,0.0,2017-07-24 10:41:00,72.0,325.0,4.0,7.2,1012.1,289.32,18.3,IDRSING3
6644,23.8,0.0,0.0,2017-07-24 10:46:00,72.0,245.0,1.4,3.5,1012.1,341.32,18.4,IDRSING3
6645,24.6,0.0,0.0,2017-07-24 10:51:00,70.0,123.0,0.0,0.0,1011.7,772.19,18.8,IDRSING3
6646,25.7,0.0,0.0,2017-07-24 10:56:00,68.0,120.0,0.3,1.8,1011.7,482.37,19.4,IDRSING3
6647,25.3,0.0,0.0,2017-07-24 11:02:00,67.0,256.0,1.1,1.8,1011.1,431.97,18.7,IDRSING3
6648,25.4,0.0,0.0,2017-07-24 11:07:00,67.0,201.0,1.1,1.8,1011.1,525.67,18.8,IDRSING3
6649,26.1,0.0,0.0,2017-07-24 11:12:00,63.0,212.0,1.4,1.8,1010.7,489.71,18.5,IDRSING3
6650,26.3,0.0,0.0,2017-07-24 11:17:00,64.0,136.0,0.6,1.8,1010.7,416.8,19.0,IDRSING3
6651,25.8,0.0,0.0,2017-07-24 11:22:00,61.0,165.0,3.5,5.5,1010.7,366.03,17.7,IDRSING3
6652,25.3,0.0,0.0,2017-07-24 11:27:00,59.0,121.0,3.5,5.5,1010.7,341.32,16.7,IDRSING3
6653,25.3,0.0,0.0,2017-07-24 11:32:00,58.0,82.0,5.5,7.2,1010.4,288.47,16.5,IDRSING3
6654,25.4,0.0,0.0,2017-07-24 11:38:00,56.0,128.0,4.0,5.5,1010.4,236.35,16.0,IDRSING3
6655,25.2,0.0,0.0,2017-07-24 11:43:00,56.0,125.0,4.3,7.2,1011.1,265.47,15.8,IDRSING3
6656,25.1,0.0,0.0,2017-07-24 11:48:00,58.0,119.0,2.9,5.5,1010.7,266.32,16.3,IDRSING3
6657,25.2,0.0,0.0,2017-07-24 11:53:00,59.0,121.0,2.1,3.5,1010.7,325.78,16.6,IDRSING3
6658,25.1,0.0,0.0,2017-07-24 11:58:00,59.0,118.0,0.3,1.8,1010.7,203.81,16.5,IDRSING3
6659,25.1,0.0,0.0,2017-07-24 12:03:00,58.0,118.0,1.4,3.5,1011.1,100.56,16.3,IDRSING3
6660,24.7,0.0,0.0,2017-07-24 12:09:00,59.0,119.0,6.9,7.2,1010.7,59.82,16.2,IDRSING3
6661,24.4,0.0,0.0,2017-07-24 12:14:00,60.0,130.0,1.1,1.8,1010.4,96.27,16.2,IDRSING3
6662,24.2,0.0,0.0,2017-07-24 12:19:00,62.0,153.0,2.9,3.5,1010.0,129.19,16.5,IDRSING3
6663,23.6,1.8,0.3,2017-07-24 12:25:00,72.0,160.0,2.6,3.5,1010.0,140.93,18.3,IDRSING3
6664,22.3,3.0,0.5,2017-07-24 12:30:00,79.0,128.0,1.4,1.8,1010.0,85.02,18.5,IDRSING3
6665,21.9,1.3,0.5,2017-07-24 12:35:00,79.0,120.0,2.1,3.5,1010.0,51.14,18.1,IDRSING3
6666,21.5,0.0,0.5,2017-07-24 12:40:00,90.0,147.0,0.3,1.8,1010.0,39.88,19.8,IDRSING3
6667,21.1,0.0,0.5,2017-07-24 12:46:00,97.0,147.0,0.0,0.0,1010.0,58.48,20.7,IDRSING3
6668,20.8,0.0,0.5,2017-07-24 12:51:00,99.0,147.0,0.0,0.0,1009.7,54.56,20.6,IDRSING3
6669,20.6,0.0,0.5,2017-07-24 12:56:00,99.0,147.0,0.0,0.0,1009.7,24.71,20.4,IDRSING3
6670,20.4,1.8,0.8,2017-07-24 13:01:00,99.0,181.0,0.3,1.8,1010.0,23.36,20.2,IDRSING3
6671,19.9,3.0,1.0,2017-07-24 13:06:00,99.0,178.0,0.3,1.8,1010.0,26.42,19.7,IDRSING3
6672,19.3,4.3,1.5,2017-07-24 13:11:00,10.0,178.0,0.0,0.0,1010.7,17.25,-13.1,IDRSING3
6673,18.6,18.5,4.1,2017-07-24 13:17:00,12.0,199.0,1.1,1.8,1010.0,58.11,-11.3,IDRSING3
6674,18.3,16.8,4.8,2017-07-24 13:22:00,12.0,199.0,0.3,1.8,1009.7,95.79,-11.6,IDRSING3
6675,18.6,4.3,4.8,2017-07-24 13:27:00,11.0,199.0,0.0,0.0,1009.0,492.28,-12.4,IDRSING3
6676,20.6,0.0,4.8,2017-07-24 13:33:00,11.0,163.0,0.0,0.0,1009.0,443.71,-10.9,IDRSING3
6677,20.5,0.0,4.8,2017-07-24 13:38:00,10.0,163.0,0.0,0.0,1008.7,185.22,-12.1,IDRSING3
6678,19.8,0.0,4.8,2017-07-24 13:43:00,10.0,163.0,0.0,0.0,1009.0,167.85,-12.7,IDRSING3
6679,19.7,0.0,4.8,2017-07-24 13:49:00,10.0,153.0,0.3,1.8,1009.0,117.07,-12.8,IDRSING3
6680,19.6,0.0,4.8,2017-07-24 13:54:00,10.0,153.0,0.0,0.0,1008.7,67.65,-12.8,IDRSING3
6681,19.6,0.0,4.8,2017-07-24 13:59:00,10.0,153.0,0.0,0.0,1008.7,64.59,-12.8,IDRSING3
6682,19.6,0.0,4.8,2017-07-24 14:05:00,11.0,153.0,0.0,0.0,1008.7,58.48,-11.7,IDRSING3
6683,19.5,0.0,4.8,2017-07-24 14:10:00,10.0,153.0,0.0,0.0,1008.4,64.96,-12.9,IDRSING3
6684,19.4,0.0,4.8,2017-07-24 14:15:00,10.0,154.0,0.0,0.0,1008.7,97.99,-13.0,IDRSING3
6685,19.5,0.0,4.8,2017-07-24 14:21:00,10.0,153.0,0.0,0.0,1008.7,122.7,-12.9,IDRSING3
6686,19.6,0.0,4.8,2017-07-24 14:26:00,10.0,153.0,0.6,1.8,1008.4,98.36,-12.8,IDRSING3
6687,19.5,0.0,4.8,2017-07-24 14:31:00,10.0,152.0,0.3,1.8,1008.4,50.65,-12.9,IDRSING3
6688,19.5,0.0,4.8,2017-07-24 14:36:00,10.0,152.0,0.0,0.0,1008.4,61.53,-12.9,IDRSING3
6689,19.4,0.0,4.8,2017-07-24 14:42:00,10.0,152.0,0.0,0.0,1008.0,48.56,-13.0,IDRSING3
6690,19.5,0.0,4.8,2017-07-24 14:47:00,10.0,152.0,0.0,0.0,1008.4,67.65,-12.9,IDRSING3
6691,19.6,0.0,4.8,2017-07-24 14:52:00,10.0,151.0,0.0,0.0,1008.4,197.81,-12.8,IDRSING3
6692,20.0,0.0,4.8,2017-07-24 14:57:00,10.0,151.0,1.4,1.8,1008.7,153.04,-12.5,IDRSING3
6693,19.8,0.0,4.8,2017-07-24 15:02:00,10.0,122.0,0.0,0.0,1008.4,129.19,-12.7,IDRSING3
6694,19.9,0.0,4.8,2017-07-24 15:07:00,10.0,4.0,3.5,3.5,1008.4,78.41,-12.6,IDRSING3
6695,19.8,0.0,4.8,2017-07-24 15:13:00,10.0,257.0,3.5,3.5,1008.7,13.82,-12.7,IDRSING3
6696,19.7,0.0,4.8,2017-07-24 15:18:00,10.0,296.0,7.9,9.3,1008.7,40.24,-12.8,IDRSING3
6697,19.6,0.0,4.8,2017-07-24 15:23:00,10.0,256.0,4.0,5.5,1008.4,30.34,-12.8,IDRSING3
6698,19.8,0.0,4.8,2017-07-24 15:28:00,10.0,241.0,1.4,1.8,1008.0,162.22,-12.7,IDRSING3
6699,20.2,0.0,4.8,2017-07-24 15:33:00,10.0,251.0,4.0,5.5,1008.0,234.64,-12.4,IDRSING3
6700,20.5,0.0,4.8,2017-07-24 15:38:00,10.0,271.0,3.5,5.5,1008.0,218.12,-12.1,IDRSING3
6701,20.8,0.0,4.8,2017-07-24 15:43:00,10.0,276.0,2.9,3.5,1008.0,255.07,-11.9,IDRSING3
6702,21.0,0.0,4.8,2017-07-24 15:49:00,10.0,265.0,3.5,3.5,1008.0,143.5,-11.8,IDRSING3
6703,21.0,0.0,4.8,2017-07-24 15:54:00,10.0,265.0,4.7,5.5,1008.0,103.61,-11.8,IDRSING3
6704,21.1,0.0,4.8,2017-07-24 15:59:00,10.0,196.0,2.1,3.5,1008.4,94.93,-11.7,IDRSING3
6705,21.0,0.0,4.8,2017-07-24 16:04:00,10.0,213.0,6.4,7.2,1008.4,90.16,-11.8,IDRSING3
6706,20.9,0.0,4.8,2017-07-24 16:09:00,10.0,205.0,5.8,7.2,1008.4,68.87,-11.8,IDRSING3
6707,20.8,0.0,4.8,2017-07-24 16:14:00,10.0,209.0,4.7,7.2,1008.4,61.53,-11.9,IDRSING3
6708,20.7,0.0,4.8,2017-07-24 16:19:00,10.0,216.0,5.5,9.3,1008.4,70.71,-12.0,IDRSING3
6709,20.7,0.0,4.8,2017-07-24 16:25:00,10.0,206.0,11.1,13.0,1008.0,92.36,-12.0,IDRSING3
6710,20.7,0.0,4.8,2017-07-24 16:30:00,10.0,233.0,9.7,13.0,1008.4,59.82,-12.0,IDRSING3
6711,20.6,0.0,4.8,2017-07-24 16:35:00,10.0,219.0,6.9,9.3,1008.0,45.51,-12.1,IDRSING3
6712,20.4,0.0,4.8,2017-07-24 16:40:00,10.0,269.0,13.4,18.3,1008.0,59.33,-12.2,IDRSING3
6713,19.5,0.0,4.8,2017-07-24 16:45:00,10.0,276.0,13.7,16.6,1008.0,44.16,-12.9,IDRSING3
6714,19.3,0.0,4.8,2017-07-24 16:50:00,10.0,270.0,9.3,13.0,1008.0,52.85,-13.1,IDRSING3
6715,19.2,0.0,4.8,2017-07-24 16:55:00,10.0,286.0,9.3,11.1,1008.0,43.31,-13.1,IDRSING3
6716,19.0,0.0,4.8,2017-07-24 17:01:00,11.0,272.0,9.0,9.3,1008.4,35.97,-12.1,IDRSING3
6717,19.0,0.0,4.8,2017-07-24 17:06:00,11.0,272.0,7.9,9.3,1008.4,29.85,-12.1,IDRSING3
6718,18.9,0.0,4.8,2017-07-24 17:11:00,11.0,283.0,10.5,11.1,1008.4,23.36,-12.2,IDRSING3
6719,18.9,0.0,4.8,2017-07-24 17:16:00,11.0,264.0,6.4,9.3,1008.4,22.02,-12.2,IDRSING3
6720,18.9,0.0,4.8,2017-07-24 17:21:00,11.0,262.0,5.0,7.2,1008.7,16.88,-12.2,IDRSING3
6721,18.9,0.0,4.8,2017-07-24 17:26:00,11.0,254.0,4.0,5.5,1008.7,22.51,-12.2,IDRSING3
6722,18.9,0.0,4.8,2017-07-24 17:31:00,12.0,261.0,6.1,7.2,1009.0,16.02,-11.1,IDRSING3
6723,18.9,0.0,4.8,2017-07-24 17:37:00,11.0,259.0,6.1,7.2,1008.7,2.08,-12.2,IDRSING3
6724,18.9,0.0,4.8,2017-07-24 17:39:00,11.0,262.0,4.3,5.5,1008.7,1.22,-12.2,IDRSING3
6725,18.9,0.0,4.8,2017-07-24 17:45:00,11.0,272.0,8.7,9.3,1009.0,2.57,-12.2,IDRSING3
6726,18.9,0.0,4.8,2017-07-24 17:50:00,11.0,272.0,7.9,9.3,1009.0,10.39,-12.2,IDRSING3
6727,18.8,0.0,4.8,2017-07-24 17:55:00,10.0,280.0,10.5,13.0,1009.0,5.99,-13.5,IDRSING3
6728,18.8,0.0,4.8,2017-07-24 18:00:00,11.0,294.0,7.9,9.3,1009.4,1.71,-12.3,IDRSING3
6729,18.7,0.0,4.8,2017-07-24 18:05:00,10.0,274.0,9.3,11.1,1009.4,1.22,-13.5,IDRSING3
6730,18.5,0.0,4.8,2017-07-24 18:10:00,10.0,281.0,9.3,11.1,1009.0,2.94,-13.7,IDRSING3
6731,18.4,0.0,4.8,2017-07-24 18:15:00,11.0,276.0,11.1,13.0,1009.0,2.94,-12.6,IDRSING3
6732,18.3,0.0,4.8,2017-07-24 18:21:00,12.0,296.0,13.0,16.6,1009.0,1.22,-11.6,IDRSING3
6733,18.3,0.0,4.8,2017-07-24 18:26:00,11.0,271.0,7.2,9.3,1009.0,1.71,-12.7,IDRSING3
6734,18.3,0.0,4.8,2017-07-24 18:31:00,11.0,264.0,8.7,9.3,1009.0,2.57,-12.7,IDRSING3
6735,18.1,0.0,4.8,2017-07-24 18:37:00,12.0,271.0,9.7,13.0,1009.0,1.22,-11.7,IDRSING3
6736,18.0,0.0,4.8,2017-07-24 18:42:00,12.0,265.0,9.3,11.1,1008.7,0.85,-11.8,IDRSING3
6737,17.9,0.0,4.8,2017-07-24 18:47:00,12.0,293.0,11.1,13.0,1008.7,0.0,-11.9,IDRSING3
6738,17.8,0.0,4.8,2017-07-24 18:52:00,12.0,274.0,7.9,9.3,1008.7,0.0,-12.0,IDRSING3
6739,17.7,0.0,4.8,2017-07-24 18:57:00,12.0,254.0,5.5,7.2,1008.7,0.0,-12.0,IDRSING3
6740,17.6,0.0,4.8,2017-07-24 19:02:00,12.0,275.0,8.7,11.1,1008.7,0.0,-12.1,IDRSING3
6741,17.7,0.0,4.8,2017-07-24 19:07:00,12.0,263.0,4.7,5.5,1008.7,0.0,-12.0,IDRSING3
6742,17.6,0.0,4.8,2017-07-24 19:13:00,12.0,268.0,4.7,5.5,1009.0,0.0,-12.1,IDRSING3
6743,17.6,0.0,4.8,2017-07-24 19:18:00,12.0,265.0,6.4,9.3,1009.0,0.0,-12.1,IDRSING3
6744,17.7,0.0,4.8,2017-07-24 19:23:00,12.0,262.0,5.5,7.2,1009.0,0.0,-12.0,IDRSING3
6745,17.6,0.0,4.8,2017-07-24 19:28:00,12.0,257.0,5.8,7.2,1009.4,0.0,-12.1,IDRSING3
6746,17.6,0.0,4.8,2017-07-24 19:34:00,12.0,240.0,6.1,7.2,1009.0,0.0,-12.1,IDRSING3
6747,17.6,0.0,4.8,2017-07-24 19:39:00,12.0,241.0,10.1,13.0,1009.0,0.0,-12.1,IDRSING3
6748,17.6,0.0,4.8,2017-07-24 19:44:00,12.0,256.0,8.2,11.1,1009.0,0.0,-12.1,IDRSING3
6749,17.7,0.0,4.8,2017-07-24 19:49:00,12.0,270.0,11.1,13.0,1009.0,0.0,-12.0,IDRSING3
6750,17.7,0.0,4.8,2017-07-24 19:54:00,12.0,251.0,7.2,9.3,1009.0,0.0,-12.0,IDRSING3
6751,17.8,0.0,4.8,2017-07-24 20:00:00,12.0,244.0,5.5,7.2,1009.4,0.0,-12.0,IDRSING3
6752,17.9,0.0,4.8,2017-07-24 20:05:00,11.0,240.0,7.2,9.3,1009.4,0.0,-13.0,IDRSING3
6753,18.0,0.0,4.8,2017-07-24 20:10:00,11.0,269.0,11.9,14.8,1009.4,0.0,-12.9,IDRSING3
6754,18.2,0.0,4.8,2017-07-24 20:16:00,11.0,241.0,9.7,11.1,1009.4,0.0,-12.7,IDRSING3
6755,18.1,0.0,4.8,2017-07-24 20:21:00,11.0,261.0,5.8,7.2,1009.4,0.0,-12.8,IDRSING3
6756,18.2,0.0,4.8,2017-07-24 20:26:00,11.0,244.0,8.7,11.1,1009.0,0.0,-12.7,IDRSING3
6757,18.3,0.0,4.8,2017-07-24 20:32:00,10.0,289.0,8.7,11.1,1009.4,0.0,-13.8,IDRSING3
6758,18.4,0.0,4.8,2017-07-24 20:37:00,10.0,292.0,12.2,18.3,1009.4,0.0,-13.8,IDRSING3
6759,18.4,0.0,4.8,2017-07-24 20:42:00,10.0,278.0,9.3,11.1,1009.0,0.0,-13.8,IDRSING3
6760,18.2,0.0,4.8,2017-07-24 20:47:00,10.0,279.0,13.0,16.6,1009.0,0.0,-13.9,IDRSING3
6761,18.1,0.0,4.8,2017-07-24 20:52:00,10.0,270.0,8.7,9.3,1009.0,0.0,-14.0,IDRSING3
6762,17.9,0.0,4.8,2017-07-24 20:57:00,10.0,261.0,11.9,14.8,1009.0,0.0,-14.1,IDRSING3
6763,17.7,0.0,4.8,2017-07-24 21:02:00,10.0,281.0,9.3,11.1,1009.0,0.0,-14.3,IDRSING3
6764,17.7,0.0,4.8,2017-07-24 21:08:00,10.0,293.0,11.9,16.6,1008.7,0.0,-14.3,IDRSING3
6765,17.7,0.0,4.8,2017-07-24 21:13:00,10.0,266.0,13.0,18.3,1008.7,0.0,-14.3,IDRSING3
6766,17.7,0.0,4.8,2017-07-24 21:18:00,10.0,292.0,18.7,20.1,1009.0,0.0,-14.3,IDRSING3
6767,17.7,0.0,4.8,2017-07-24 21:23:00,10.0,298.0,14.8,16.6,1009.0,0.0,-14.3,IDRSING3
6768,17.7,0.0,4.8,2017-07-24 21:29:00,10.0,260.0,13.0,14.8,1009.0,0.0,-14.3,IDRSING3
6769,17.7,0.0,4.8,2017-07-24 21:34:00,10.0,279.0,12.6,16.6,1009.4,0.0,-14.3,IDRSING3
6770,17.8,0.0,4.8,2017-07-24 21:39:00,99.0,273.0,20.9,27.7,1009.4,0.0,17.6,IDRSING3
6771,17.9,0.0,4.8,2017-07-24 21:44:00,99.0,285.0,16.6,20.1,1009.4,0.0,17.7,IDRSING3
6772,17.9,0.0,4.8,2017-07-24 21:49:00,99.0,265.0,15.1,16.6,1009.4,0.0,17.7,IDRSING3
6773,17.9,0.0,4.8,2017-07-24 21:51:00,99.0,279.0,16.9,21.9,1009.7,0.0,17.7,IDRSING3
6774,17.8,0.0,4.8,2017-07-24 21:56:00,99.0,263.0,13.0,16.6,1009.4,0.0,17.6,IDRSING3
6775,17.8,0.0,0.0,2017-07-24 22:01:00,99.0,266.0,14.8,18.3,1009.7,0.0,17.6,IDRSING3
6776,17.6,0.0,0.0,2017-07-24 22:06:00,99.0,246.0,13.4,18.3,1009.4,0.0,17.4,IDRSING3
6777,17.6,0.0,0.0,2017-07-24 22:11:00,99.0,261.0,15.4,18.3,1009.4,0.0,17.4,IDRSING3
6778,17.6,0.0,0.0,2017-07-24 22:16:00,99.0,267.0,18.0,25.6,1009.4,0.0,17.4,IDRSING3
6779,17.5,0.0,0.0,2017-07-24 22:21:00,99.0,275.0,19.1,21.9,1009.4,0.0,17.3,IDRSING3
6780,17.3,0.0,0.0,2017-07-24 22:26:00,99.0,258.0,16.3,21.9,1009.4,0.0,17.1,IDRSING3
6781,17.0,0.0,0.0,2017-07-24 22:31:00,99.0,277.0,22.4,27.7,1009.7,0.0,16.8,IDRSING3
6782,16.8,0.0,0.0,2017-07-24 22:37:00,99.0,222.0,19.5,21.9,1009.4,0.0,16.6,IDRSING3
6783,16.8,0.0,0.0,2017-07-24 22:42:00,99.0,302.0,21.9,23.8,1009.7,0.0,16.6,IDRSING3
6784,16.6,0.0,0.0,2017-07-24 22:48:00,99.0,275.0,17.2,20.1,1009.4,0.0,16.4,IDRSING3
6785,16.6,0.0,0.0,2017-07-24 22:53:00,99.0,286.0,20.6,23.8,1009.7,0.0,16.4,IDRSING3
6786,16.5,0.0,0.0,2017-07-24 22:58:00,99.0,283.0,19.8,25.6,1009.7,0.0,16.3,IDRSING3
6787,16.5,0.0,0.0,2017-07-24 23:03:00,99.0,272.0,19.8,21.9,1009.7,0.0,16.3,IDRSING3
6788,16.4,0.0,0.0,2017-07-24 23:09:00,99.0,275.0,21.6,23.8,1009.7,0.0,16.2,IDRSING3
6789,16.5,0.0,0.0,2017-07-24 23:14:00,99.0,282.0,14.8,18.3,1009.7,0.0,16.3,IDRSING3
6790,16.4,0.0,0.0,2017-07-24 23:19:00,99.0,269.0,19.8,25.6,1009.4,0.0,16.2,IDRSING3
6791,16.4,0.0,0.0,2017-07-24 23:25:00,99.0,315.0,16.3,18.3,1009.4,0.0,16.2,IDRSING3
6792,16.4,0.0,0.0,2017-07-24 23:30:00,99.0,288.0,18.7,21.9,1009.4,0.0,16.2,IDRSING3
6793,16.5,0.0,0.0,2017-07-24 23:35:00,97.0,274.0,16.6,21.9,1009.4,0.0,16.1,IDRSING3
6794,16.4,0.0,0.0,2017-07-24 23:40:00,97.0,283.0,14.3,16.6,1009.7,0.0,16.0,IDRSING3
6795,16.4,0.0,0.0,2017-07-24 23:45:00,99.0,255.0,16.3,18.3,1009.7,0.0,16.2,IDRSING3
6796,16.4,0.0,0.0,2017-07-24 23:50:00,97.0,274.0,15.8,20.1,1010.0,0.0,16.0,IDRSING3
6797,16.4,0.0,0.0,2017-07-24 23:55:00,98.0,299.0,13.0,18.3,1010.0,0.0,16.1,IDRSING3
6798,16.4,0.0,0.0,2017-07-25 00:01:00,99.0,270.0,11.6,13.0,1010.0,0.0,16.2,IDRSING3
6799,16.4,0.0,0.0,2017-07-25 00:06:00,99.0,281.0,8.7,13.0,1010.0,0.0,16.2,IDRSING3
6800,16.5,0.0,0.0,2017-07-25 00:11:00,99.0,266.0,8.7,11.1,1010.0,0.0,16.3,IDRSING3
6801,16.4,0.0,0.0,2017-07-25 00:16:00,99.0,298.0,10.8,13.0,1009.7,0.0,16.2,IDRSING3
6802,16.3,0.0,0.0,2017-07-25 00:21:00,99.0,281.0,11.9,13.0,1009.7,0.0,16.1,IDRSING3
6803,16.3,0.0,0.0,2017-07-25 00:26:00,99.0,273.0,9.7,13.0,1010.0,0.0,16.1,IDRSING3
6804,16.2,0.0,0.0,2017-07-25 00:31:00,99.0,269.0,9.3,13.0,1010.0,0.0,16.0,IDRSING3
6805,16.2,0.0,0.0,2017-07-25 00:37:00,99.0,270.0,11.9,14.8,1009.7,0.0,16.0,IDRSING3
6806,16.1,0.0,0.0,2017-07-25 00:42:00,99.0,277.0,7.6,9.3,1010.0,0.0,15.9,IDRSING3
6807,16.1,0.0,0.0,2017-07-25 00:47:00,99.0,290.0,12.6,14.8,1010.0,0.0,15.9,IDRSING3
6808,16.2,0.0,0.0,2017-07-25 00:52:00,99.0,262.0,8.7,11.1,1010.0,0.0,16.0,IDRSING3
6809,16.1,0.0,0.0,2017-07-25 00:57:00,99.0,256.0,8.7,13.0,1010.0,0.0,15.9,IDRSING3
6810,16.1,0.0,0.0,2017-07-25 01:02:00,99.0,276.0,11.9,14.8,1009.7,0.0,15.9,IDRSING3
6811,16.1,0.0,0.0,2017-07-25 01:07:00,99.0,297.0,9.3,14.8,1009.7,0.0,15.9,IDRSING3
6812,16.1,0.0,0.0,2017-07-25 01:13:00,99.0,284.0,10.5,11.1,1009.7,0.0,15.9,IDRSING3
6813,16.0,0.0,0.0,2017-07-25 01:18:00,99.0,273.0,6.9,11.1,1009.7,0.0,15.8,IDRSING3
6814,16.1,0.0,0.0,2017-07-25 01:23:00,99.0,270.0,11.9,14.8,1009.7,0.0,15.9,IDRSING3
6815,16.1,0.0,0.0,2017-07-25 01:28:00,99.0,275.0,9.0,11.1,1009.7,0.0,15.9,IDRSING3
6816,16.1,0.0,0.0,2017-07-25 01:33:00,99.0,289.0,11.6,13.0,1009.7,0.0,15.9,IDRSING3
6817,16.2,0.0,0.0,2017-07-25 01:38:00,99.0,295.0,9.3,11.1,1009.7,0.0,16.0,IDRSING3
6818,16.2,0.0,0.0,2017-07-25 01:43:00,99.0,278.0,13.7,16.6,1009.4,0.0,16.0,IDRSING3
6819,16.2,0.0,0.0,2017-07-25 01:49:00,99.0,300.0,8.2,11.1,1009.4,0.0,16.0,IDRSING3
6820,16.3,0.0,0.0,2017-07-25 01:54:00,99.0,296.0,8.7,11.1,1009.4,0.0,16.1,IDRSING3
6821,16.2,0.0,0.0,2017-07-25 01:57:00,99.0,275.0,8.7,11.1,1009.7,0.0,16.0,IDRSING3
6822,16.3,0.0,0.0,2017-07-25 02:02:00,99.0,267.0,13.0,16.6,1009.7,0.0,16.1,IDRSING3
6823,16.3,0.0,0.0,2017-07-25 02:07:00,99.0,293.0,11.9,16.6,1009.7,0.0,16.1,IDRSING3
6824,16.3,0.0,0.0,2017-07-25 02:12:00,99.0,282.0,13.0,14.8,1009.4,0.0,16.1,IDRSING3
6825,16.3,0.0,0.0,2017-07-25 02:18:00,99.0,292.0,10.1,11.1,1009.4,0.0,16.1,IDRSING3
6826,16.2,0.0,0.0,2017-07-25 02:23:00,99.0,307.0,9.3,11.1,1009.4,0.0,16.0,IDRSING3
6827,16.2,0.0,0.0,2017-07-25 02:28:00,99.0,287.0,10.1,11.1,1009.4,0.0,16.0,IDRSING3
6828,16.2,0.0,0.0,2017-07-25 02:33:00,99.0,241.0,7.9,11.1,1009.4,0.0,16.0,IDRSING3
6829,16.1,0.0,0.0,2017-07-25 02:38:00,99.0,286.0,9.0,11.1,1009.4,0.0,15.9,IDRSING3
6830,16.1,0.0,0.0,2017-07-25 02:43:00,99.0,275.0,9.7,11.1,1009.4,0.0,15.9,IDRSING3
6831,16.1,0.0,0.0,2017-07-25 02:49:00,99.0,269.0,9.3,13.0,1009.4,0.0,15.9,IDRSING3
6832,16.2,0.0,0.0,2017-07-25 02:54:00,99.0,300.0,11.9,18.3,1009.0,0.0,16.0,IDRSING3
6833,16.1,0.0,0.0,2017-07-25 02:59:00,99.0,292.0,9.3,13.0,1009.4,0.0,15.9,IDRSING3
6834,16.1,0.0,0.0,2017-07-25 03:01:00,99.0,292.0,10.1,11.1,1009.0,0.0,15.9,IDRSING3
6835,16.1,0.0,0.0,2017-07-25 03:06:00,99.0,276.0,6.4,9.3,1009.4,0.0,15.9,IDRSING3
6836,16.1,0.0,0.0,2017-07-25 03:11:00,99.0,272.0,7.9,9.3,1009.4,0.0,15.9,IDRSING3
6837,16.0,0.0,0.0,2017-07-25 03:16:00,99.0,264.0,6.9,9.3,1009.4,0.0,15.8,IDRSING3
6838,15.9,0.0,0.0,2017-07-25 03:21:00,99.0,280.0,9.0,13.0,1009.4,0.0,15.7,IDRSING3
6839,16.0,0.0,0.0,2017-07-25 03:26:00,99.0,281.0,8.7,9.3,1009.0,0.0,15.8,IDRSING3
6840,16.0,0.0,0.0,2017-07-25 03:31:00,99.0,270.0,9.3,11.1,1009.4,2.57,15.8,IDRSING3
6841,16.0,0.0,0.0,2017-07-25 03:37:00,99.0,270.0,9.3,11.1,1009.4,2.94,15.8,IDRSING3
6842,15.9,0.0,0.0,2017-07-25 03:42:00,99.0,282.0,9.3,11.1,1009.0,4.28,15.7,IDRSING3
6843,15.9,0.0,0.0,2017-07-25 03:48:00,99.0,266.0,8.2,11.1,1009.4,6.85,15.7,IDRSING3
6844,15.9,0.0,0.0,2017-07-25 03:53:00,99.0,276.0,6.1,7.2,1009.4,8.19,15.7,IDRSING3
6845,15.9,0.0,0.0,2017-07-25 03:56:00,99.0,253.0,8.2,11.1,1009.4,8.56,15.7,IDRSING3
6846,15.8,0.0,0.0,2017-07-25 04:01:00,99.0,276.0,7.9,11.1,1009.4,9.91,15.6,IDRSING3
6847,15.9,0.0,0.0,2017-07-25 04:06:00,99.0,277.0,9.7,11.1,1009.4,13.33,15.7,IDRSING3
6848,16.0,0.0,0.0,2017-07-25 04:11:00,99.0,273.0,9.0,14.8,1009.4,16.39,15.8,IDRSING3
6849,16.1,0.0,0.0,2017-07-25 04:16:00,99.0,281.0,7.2,9.3,1009.4,20.31,15.9,IDRSING3
6850,16.0,0.0,0.0,2017-07-25 04:21:00,99.0,264.0,9.7,13.0,1009.7,23.36,15.8,IDRSING3
6851,16.1,0.0,0.0,2017-07-25 04:26:00,99.0,269.0,7.2,7.2,1009.4,24.22,15.9,IDRSING3
6852,16.0,0.0,0.0,2017-07-25 04:32:00,99.0,268.0,8.7,9.3,1009.7,23.85,15.8,IDRSING3
6853,15.9,0.0,0.0,2017-07-25 04:37:00,99.0,272.0,6.4,7.2,1009.7,29.85,15.7,IDRSING3
6854,15.9,0.0,0.0,2017-07-25 04:42:00,99.0,269.0,7.6,9.3,1009.7,35.48,15.7,IDRSING3
6855,16.0,0.0,0.0,2017-07-25 04:46:00,99.0,276.0,10.5,13.0,1009.7,39.88,15.8,IDRSING3
6856,16.0,0.0,0.0,2017-07-25 04:52:00,99.0,263.0,8.7,11.1,1009.7,46.36,15.8,IDRSING3
6857,16.0,0.0,0.0,2017-07-25 04:57:00,99.0,267.0,7.2,7.2,1009.7,54.19,15.8,IDRSING3
6858,15.9,0.0,0.0,2017-07-25 05:02:00,99.0,322.0,15.8,18.3,1009.7,63.24,15.7,IDRSING3
6859,16.0,0.0,0.0,2017-07-25 05:08:00,99.0,259.0,8.7,13.0,1009.7,75.85,15.8,IDRSING3
6860,16.0,0.0,0.0,2017-07-25 05:13:00,96.0,299.0,13.7,18.3,1009.7,86.73,15.4,IDRSING3
6861,16.1,0.0,0.0,2017-07-25 05:14:00,96.0,278.0,13.0,16.6,1009.7,87.59,15.5,IDRSING3
6862,16.1,0.0,0.0,2017-07-25 05:19:00,93.0,336.0,16.9,20.1,1009.7,115.73,14.9,IDRSING3
6863,16.0,0.0,0.0,2017-07-25 05:24:00,97.0,272.0,8.2,11.1,1009.7,91.87,15.6,IDRSING3
6864,15.9,0.0,0.0,2017-07-25 05:29:00,95.0,304.0,11.9,13.0,1009.7,81.97,15.1,IDRSING3
6865,15.9,0.0,0.0,2017-07-25 05:34:00,93.0,284.0,15.8,18.3,1010.0,88.82,14.7,IDRSING3
6866,16.0,0.0,0.0,2017-07-25 05:40:00,89.0,292.0,17.2,21.9,1009.7,94.07,14.2,IDRSING3
6867,16.3,0.0,0.0,2017-07-25 05:45:00,89.0,279.0,11.9,13.0,1009.7,245.04,14.5,IDRSING3
6868,16.6,0.0,0.0,2017-07-25 05:50:00,88.0,290.0,16.3,20.1,1009.7,127.96,14.6,IDRSING3
6869,16.7,0.0,0.0,2017-07-25 05:55:00,90.0,269.0,11.9,14.8,1009.7,202.95,15.0,IDRSING3
6870,16.7,0.0,0.0,2017-07-25 06:00:00,87.0,323.0,18.3,20.1,1009.7,238.07,14.6,IDRSING3
6871,16.6,0.0,0.0,2017-07-25 06:05:00,86.0,317.0,14.3,18.3,1010.0,236.35,14.3,IDRSING3
6872,16.8,0.0,0.0,2017-07-25 06:10:00,87.0,278.0,11.1,13.0,1009.7,294.95,14.7,IDRSING3
6873,17.0,0.0,0.0,2017-07-25 06:16:00,87.0,306.0,11.6,16.6,1009.7,352.2,14.9,IDRSING3
6874,17.1,0.0,0.0,2017-07-25 06:19:00,83.0,330.0,15.8,21.9,1009.7,333.49,14.2,IDRSING3
6875,17.1,0.0,0.0,2017-07-25 06:24:00,83.0,337.0,16.9,20.1,1009.7,389.88,14.2,IDRSING3
6876,17.1,0.0,0.0,2017-07-25 06:29:00,84.0,287.0,13.0,14.8,1009.7,433.8,14.4,IDRSING3
6877,17.3,0.0,0.0,2017-07-25 06:34:00,84.0,317.0,8.2,9.3,1009.7,462.43,14.6,IDRSING3
6878,17.5,0.0,0.0,2017-07-25 06:39:00,81.0,299.0,18.3,20.1,1009.7,461.94,14.2,IDRSING3
6879,17.4,0.0,0.0,2017-07-25 06:45:00,82.0,324.0,13.7,14.8,1009.7,323.09,14.3,IDRSING3
6880,17.7,0.0,0.0,2017-07-25 06:50:00,81.0,278.0,14.0,14.8,1009.7,462.79,14.4,IDRSING3
6881,17.7,0.0,0.0,2017-07-25 06:55:00,81.0,301.0,12.6,16.6,1009.4,539.99,14.4,IDRSING3
6882,18.0,0.0,0.0,2017-07-25 07:01:00,81.0,308.0,9.7,13.0,1009.4,530.94,14.7,IDRSING3
6883,18.0,0.0,0.0,2017-07-25 07:06:00,80.0,314.0,21.6,23.8,1009.7,611.19,14.5,IDRSING3
6884,18.0,0.0,0.0,2017-07-25 07:11:00,77.0,314.0,21.2,25.6,1009.7,696.21,13.9,IDRSING3
6885,17.9,0.0,0.0,2017-07-25 07:16:00,79.0,312.0,11.1,13.0,1009.7,422.06,14.2,IDRSING3
6886,18.0,0.0,0.0,2017-07-25 07:21:00,77.0,313.0,14.8,18.3,1009.4,679.7,13.9,IDRSING3
6887,18.1,0.0,0.0,2017-07-25 07:26:00,78.0,257.0,14.8,18.3,1009.7,292.38,14.2,IDRSING3
6888,18.6,0.0,0.0,2017-07-25 07:31:00,77.0,296.0,12.6,16.6,1009.4,485.79,14.5,IDRSING3
6889,18.4,0.0,0.0,2017-07-25 07:36:00,77.0,266.0,13.7,14.8,1009.7,705.26,14.3,IDRSING3
6890,18.5,0.0,0.0,2017-07-25 07:41:00,74.0,299.0,15.8,20.1,1009.4,709.67,13.8,IDRSING3
6891,18.7,0.0,0.0,2017-07-25 07:46:00,75.0,313.0,16.9,18.3,1009.4,422.42,14.2,IDRSING3
6892,18.2,0.0,0.0,2017-07-25 07:51:00,75.0,289.0,16.6,18.3,1009.7,288.47,13.7,IDRSING3
6893,18.4,0.0,0.0,2017-07-25 07:56:00,73.0,329.0,18.7,23.8,1009.4,349.64,13.5,IDRSING3
6894,18.6,0.0,0.0,2017-07-25 08:01:00,71.0,316.0,19.5,21.9,1009.7,289.69,13.2,IDRSING3
6895,18.9,0.0,0.0,2017-07-25 08:06:00,71.0,314.0,13.0,14.8,1009.7,922.66,13.5,IDRSING3
6896,18.9,0.0,0.0,2017-07-25 08:11:00,72.0,303.0,13.7,16.6,1009.7,199.53,13.7,IDRSING3
6897,18.5,0.0,0.0,2017-07-25 08:16:00,73.0,286.0,11.6,14.8,1009.7,148.76,13.6,IDRSING3
6898,18.3,0.0,0.0,2017-07-25 08:21:00,70.0,323.0,11.1,14.8,1009.7,627.21,12.8,IDRSING3
6899,19.0,0.0,0.0,2017-07-25 08:26:00,69.0,282.0,14.3,16.6,1009.4,644.1,13.2,IDRSING3
6900,19.1,0.0,0.0,2017-07-25 08:31:00,70.0,268.0,11.9,14.8,1009.7,330.92,13.5,IDRSING3
6901,19.1,0.0,0.0,2017-07-25 08:32:00,69.0,279.0,14.8,16.6,1009.4,304.0,13.3,IDRSING3
6902,19.4,0.0,0.0,2017-07-25 08:37:00,69.0,285.0,11.6,13.0,1009.4,175.67,13.6,IDRSING3
6903,18.9,0.0,0.0,2017-07-25 08:42:00,69.0,298.0,16.3,20.1,1009.7,268.52,13.1,IDRSING3
6904,18.8,0.0,0.0,2017-07-25 08:47:00,68.0,293.0,15.4,18.3,1009.7,222.04,12.8,IDRSING3
6905,19.0,0.0,0.0,2017-07-25 08:52:00,67.0,295.0,16.9,20.1,1009.7,326.15,12.7,IDRSING3
6906,19.1,0.0,0.0,2017-07-25 08:57:00,67.0,302.0,13.7,16.6,1010.0,259.35,12.8,IDRSING3
6907,19.5,0.0,0.0,2017-07-25 09:02:00,64.0,297.0,15.4,21.9,1010.0,851.09,12.5,IDRSING3
6908,19.7,0.0,0.0,2017-07-25 09:07:00,62.0,313.0,12.6,14.8,1010.0,240.76,12.2,IDRSING3
6909,19.5,0.0,0.0,2017-07-25 09:12:00,64.0,322.0,18.3,21.9,1009.7,211.64,12.5,IDRSING3
6910,19.5,0.0,0.0,2017-07-25 09:18:00,64.0,288.0,11.9,13.0,1009.7,173.84,12.5,IDRSING3
6911,19.7,0.0,0.0,2017-07-25 09:23:00,63.0,292.0,14.3,18.3,1009.4,799.46,12.5,IDRSING3
6912,20.3,0.0,0.0,2017-07-25 09:28:00,62.0,326.0,17.7,23.8,1009.7,301.93,12.8,IDRSING3
6913,20.5,0.0,0.0,2017-07-25 09:33:00,60.0,272.0,19.8,21.9,1009.7,769.12,12.5,IDRSING3
6914,20.6,0.0,0.0,2017-07-25 09:38:00,60.0,280.0,11.9,14.8,1009.7,818.06,12.6,IDRSING3
6915,20.6,0.0,0.0,2017-07-25 09:44:00,59.0,337.0,14.8,20.1,1009.7,741.72,12.3,IDRSING3
6916,20.9,0.0,0.0,2017-07-25 09:49:00,59.0,343.0,15.4,21.9,1009.4,320.52,12.6,IDRSING3
6917,21.3,0.0,0.0,2017-07-25 09:54:00,57.0,319.0,12.2,14.8,1009.4,233.78,12.5,IDRSING3
6918,21.1,0.0,0.0,2017-07-25 10:00:00,58.0,274.0,13.0,14.8,1009.4,740.01,12.5,IDRSING3
6919,21.2,0.0,0.0,2017-07-25 10:05:00,59.0,309.0,13.7,16.6,1009.4,426.34,12.9,IDRSING3
6920,20.8,0.0,0.0,2017-07-25 10:10:00,58.0,303.0,17.2,18.3,1009.4,311.83,12.2,IDRSING3
6921,20.4,0.0,0.0,2017-07-25 10:15:00,60.0,265.0,16.6,21.9,1009.4,194.27,12.4,IDRSING3
6922,20.2,0.0,0.0,2017-07-25 10:20:00,60.0,300.0,16.9,20.1,1009.4,232.07,12.2,IDRSING3
6923,20.1,0.0,0.0,2017-07-25 10:26:00,60.0,301.0,11.1,14.8,1009.4,561.77,12.1,IDRSING3
6924,21.2,0.0,0.0,2017-07-25 10:31:00,57.0,300.0,17.7,21.9,1009.4,814.27,12.4,IDRSING3
6925,21.6,0.0,0.0,2017-07-25 10:36:00,56.0,275.0,14.0,16.6,1009.4,906.14,12.5,IDRSING3
6926,21.2,0.0,0.0,2017-07-25 10:41:00,57.0,267.0,16.3,18.3,1009.7,325.78,12.4,IDRSING3
6927,20.8,0.0,0.0,2017-07-25 10:46:00,57.0,272.0,16.9,18.3,1009.4,904.06,12.0,IDRSING3
6928,21.1,0.0,0.0,2017-07-25 10:51:00,57.0,319.0,16.9,21.9,1009.4,367.01,12.3,IDRSING3
6929,21.7,0.0,0.0,2017-07-25 10:56:00,55.0,287.0,11.6,14.8,1009.4,708.33,12.3,IDRSING3
6930,21.6,0.0,0.0,2017-07-25 11:01:00,55.0,277.0,20.6,25.6,1009.4,397.71,12.2,IDRSING3
6931,21.3,0.0,0.0,2017-07-25 11:06:00,55.0,300.0,16.3,18.3,1009.4,527.51,11.9,IDRSING3
6932,22.0,0.0,0.0,2017-07-25 11:11:00,53.0,284.0,18.0,21.9,1009.7,822.46,12.0,IDRSING3
6933,22.1,0.0,0.0,2017-07-25 11:16:00,53.0,271.0,18.0,21.9,1009.7,510.14,12.1,IDRSING3
6934,21.8,0.0,0.0,2017-07-25 11:21:00,52.0,279.0,20.1,23.8,1009.4,738.3,11.5,IDRSING3
6935,21.8,0.0,0.0,2017-07-25 11:26:00,52.0,286.0,17.2,20.1,1009.7,445.06,11.5,IDRSING3
6936,21.9,0.0,0.0,2017-07-25 11:31:00,53.0,249.0,13.0,16.6,1009.4,747.84,11.9,IDRSING3
6937,22.2,0.0,0.0,2017-07-25 11:36:00,52.0,288.0,11.9,13.0,1009.4,830.66,11.9,IDRSING3
6938,22.4,0.0,0.0,2017-07-25 11:42:00,52.0,303.0,11.9,14.8,1009.4,497.05,12.1,IDRSING3
6939,21.9,0.0,0.0,2017-07-25 11:47:00,52.0,317.0,14.3,18.3,1009.4,297.52,11.6,IDRSING3
6940,21.8,0.0,0.0,2017-07-25 11:52:00,52.0,283.0,15.4,16.6,1009.4,812.07,11.5,IDRSING3
6941,22.9,0.0,0.0,2017-07-25 11:57:00,50.0,334.0,9.3,11.1,1009.7,639.33,11.9,IDRSING3
6942,22.1,0.0,0.0,2017-07-25 12:02:00,52.0,319.0,10.8,13.0,1009.4,445.06,11.8,IDRSING3
6943,21.8,0.0,0.0,2017-07-25 12:07:00,52.0,331.0,18.7,23.8,1009.4,311.47,11.5,IDRSING3
6944,21.9,0.0,0.0,2017-07-25 12:12:00,51.0,259.0,9.3,11.1,1009.4,626.36,11.3,IDRSING3
6945,22.5,0.0,0.0,2017-07-25 12:18:00,51.0,277.0,11.9,14.8,1009.7,441.14,11.9,IDRSING3
6946,21.8,0.0,0.0,2017-07-25 12:23:00,52.0,314.0,7.9,9.3,1009.4,287.12,11.5,IDRSING3
6947,21.8,0.0,0.0,2017-07-25 12:28:00,52.0,272.0,14.3,16.6,1009.7,246.39,11.5,IDRSING3
6948,21.7,0.0,0.0,2017-07-25 12:33:00,52.0,264.0,11.9,16.6,1009.7,251.15,11.4,IDRSING3
6949,21.6,0.0,0.0,2017-07-25 12:38:00,51.0,311.0,9.3,13.0,1009.4,523.6,11.1,IDRSING3
6950,22.0,0.0,0.0,2017-07-25 12:44:00,52.0,257.0,7.2,11.1,1009.4,389.88,11.7,IDRSING3
6951,22.2,0.0,0.0,2017-07-25 12:49:00,50.0,314.0,23.8,25.6,1009.4,592.47,11.3,IDRSING3
6952,22.0,0.0,0.0,2017-07-25 12:54:00,50.0,264.0,8.7,11.1,1009.4,227.66,11.1,IDRSING3
6953,21.4,0.0,0.0,2017-07-25 12:59:00,52.0,265.0,11.9,13.0,1009.4,133.95,11.2,IDRSING3
6954,21.7,0.0,0.0,2017-07-25 13:04:00,51.0,275.0,11.9,14.8,1009.4,182.53,11.2,IDRSING3
6955,21.8,0.0,0.0,2017-07-25 13:10:00,51.0,293.0,10.1,13.0,1009.4,283.2,11.2,IDRSING3
6956,22.0,0.0,0.0,2017-07-25 13:15:00,50.0,269.0,13.4,20.1,1009.4,199.9,11.1,IDRSING3
6957,21.7,0.0,0.0,2017-07-25 13:20:00,51.0,289.0,13.0,14.8,1009.4,140.07,11.2,IDRSING3
6958,21.3,0.0,0.0,2017-07-25 13:25:00,51.0,294.0,11.6,13.0,1009.4,92.73,10.8,IDRSING3
6959,21.2,0.0,0.0,2017-07-25 13:30:00,52.0,283.0,7.6,9.3,1009.0,71.56,11.0,IDRSING3
6960,21.3,0.0,0.0,2017-07-25 13:36:00,52.0,320.0,11.6,14.8,1009.4,87.59,11.1,IDRSING3
6961,21.2,0.0,0.0,2017-07-25 13:41:00,52.0,272.0,9.7,11.1,1009.4,77.19,11.0,IDRSING3
6962,21.1,0.0,0.0,2017-07-25 13:46:00,52.0,338.0,12.6,14.8,1009.0,64.96,10.9,IDRSING3
6963,21.1,0.0,0.0,2017-07-25 13:51:00,52.0,283.0,9.7,11.1,1009.4,61.17,10.9,IDRSING3
6964,21.1,0.0,0.0,2017-07-25 13:56:00,51.0,299.0,14.3,16.6,1009.4,50.65,10.6,IDRSING3
6965,21.1,0.0,0.0,2017-07-25 14:01:00,52.0,300.0,13.0,14.8,1009.4,69.36,10.9,IDRSING3
6966,21.1,0.0,0.0,2017-07-25 14:06:00,53.0,290.0,9.7,13.0,1009.4,156.95,11.2,IDRSING3
6967,21.4,0.0,0.0,2017-07-25 14:12:00,52.0,270.0,13.7,18.3,1009.4,431.97,11.2,IDRSING3
6968,22.3,0.0,0.0,2017-07-25 14:17:00,51.0,268.0,10.1,13.0,1009.0,741.72,11.7,IDRSING3
6969,23.0,0.0,0.0,2017-07-25 14:21:00,48.0,298.0,18.0,21.9,1009.0,278.07,11.4,IDRSING3
6970,22.0,0.0,0.0,2017-07-25 14:26:00,50.0,272.0,11.1,13.0,1008.7,159.53,11.1,IDRSING3
6971,21.8,0.0,0.0,2017-07-25 14:32:00,50.0,262.0,14.8,16.6,1008.7,129.19,10.9,IDRSING3
6972,21.5,0.0,0.0,2017-07-25 14:37:00,51.0,244.0,14.0,14.8,1008.7,155.73,11.0,IDRSING3
6973,22.2,0.0,0.0,2017-07-25 14:42:00,48.0,263.0,13.0,14.8,1008.7,180.81,10.7,IDRSING3
6974,21.8,0.0,0.0,2017-07-25 14:47:00,52.0,271.0,10.1,13.0,1009.0,82.82,11.5,IDRSING3
6975,21.4,0.0,0.0,2017-07-25 14:52:00,52.0,307.0,15.4,18.3,1008.7,72.79,11.2,IDRSING3
6976,21.4,0.0,0.0,2017-07-25 14:58:00,53.0,266.0,11.9,14.8,1008.7,114.02,11.5,IDRSING3
6977,21.7,0.0,0.0,2017-07-25 15:03:00,53.0,294.0,13.0,16.6,1008.7,199.9,11.7,IDRSING3
6978,21.8,0.0,0.0,2017-07-25 15:08:00,53.0,315.0,14.8,16.6,1008.7,155.24,11.8,IDRSING3
6979,21.7,0.0,0.0,2017-07-25 15:13:00,52.0,269.0,10.5,13.0,1008.7,103.61,11.4,IDRSING3
6980,21.5,0.0,0.0,2017-07-25 15:16:00,52.0,266.0,15.4,20.1,1009.0,98.85,11.3,IDRSING3
6981,21.4,0.0,0.0,2017-07-25 15:22:00,53.0,293.0,11.6,14.8,1008.7,104.96,11.5,IDRSING3
6982,21.5,0.0,0.0,2017-07-25 15:27:00,51.0,247.0,9.3,13.0,1008.7,143.99,11.0,IDRSING3
6983,21.6,0.0,0.0,2017-07-25 15:32:00,51.0,253.0,7.9,11.1,1008.7,237.7,11.1,IDRSING3
6984,22.6,0.0,0.0,2017-07-25 15:37:00,49.0,247.0,12.2,14.8,1008.4,249.44,11.4,IDRSING3
6985,22.4,0.0,0.0,2017-07-25 15:42:00,49.0,264.0,11.9,14.8,1008.4,281.86,11.2,IDRSING3
6986,22.8,0.0,0.0,2017-07-25 15:47:00,46.0,294.0,19.5,21.9,1008.4,277.58,10.6,IDRSING3
6987,22.8,0.0,0.0,2017-07-25 15:52:00,46.0,286.0,14.0,18.3,1008.4,209.44,10.6,IDRSING3
6988,23.0,0.0,0.0,2017-07-25 15:57:00,45.0,315.0,22.4,27.7,1008.4,263.76,10.5,IDRSING3
6989,22.6,0.0,0.0,2017-07-25 16:02:00,45.0,309.0,18.7,20.1,1008.7,262.41,10.1,IDRSING3
6990,22.7,0.0,0.0,2017-07-25 16:07:00,46.0,279.0,14.3,18.3,1008.4,241.98,10.5,IDRSING3
6991,22.5,0.0,0.0,2017-07-25 16:12:00,46.0,268.0,16.3,20.1,1008.4,221.67,10.3,IDRSING3
6992,22.6,0.0,0.0,2017-07-25 16:18:00,47.0,279.0,14.3,18.3,1008.4,206.87,10.7,IDRSING3
6993,22.6,0.0,0.0,2017-07-25 16:23:00,47.0,329.0,17.7,20.1,1008.4,187.78,10.7,IDRSING3
6994,22.5,0.0,0.0,2017-07-25 16:28:00,47.0,267.0,11.6,14.8,1008.4,183.87,10.6,IDRSING3
6995,22.5,0.0,0.0,2017-07-25 16:33:00,48.0,270.0,11.1,13.0,1008.0,159.53,11.0,IDRSING3
6996,22.6,0.0,0.0,2017-07-25 16:38:00,48.0,322.0,12.6,13.0,1008.4,149.12,11.1,IDRSING3
6997,22.6,0.0,0.0,2017-07-25 16:43:00,48.0,283.0,13.0,14.8,1008.4,147.05,11.1,IDRSING3
6998,22.6,0.0,0.0,2017-07-25 16:48:00,50.0,239.0,11.1,13.0,1008.4,130.04,11.7,IDRSING3
6999,22.5,0.0,0.0,2017-07-25 16:53:00,51.0,255.0,6.9,9.3,1008.4,110.96,11.9,IDRSING3
7000,22.4,0.0,0.0,2017-07-25 16:59:00,50.0,235.0,8.7,11.1,1008.7,121.36,11.5,IDRSING3
7001,22.3,0.0,0.0,2017-07-25 17:04:00,50.0,278.0,8.7,9.3,1008.4,95.42,11.4,IDRSING3
7002,22.2,0.0,0.0,2017-07-25 17:09:00,51.0,266.0,10.5,14.8,1008.4,48.93,11.6,IDRSING3
7003,21.6,0.0,0.0,2017-07-25 17:14:00,52.0,254.0,8.7,11.1,1008.4,39.88,11.3,IDRSING3
7004,21.2,0.0,0.0,2017-07-25 17:19:00,54.0,245.0,6.1,7.2,1008.4,36.33,11.5,IDRSING3
7005,20.9,0.0,0.0,2017-07-25 17:24:00,55.0,241.0,4.7,7.2,1008.4,28.99,11.5,IDRSING3
7006,20.9,0.0,0.0,2017-07-25 17:29:00,57.0,227.0,7.9,9.3,1008.7,30.34,12.1,IDRSING3
7007,21.1,0.0,0.0,2017-07-25 17:35:00,56.0,232.0,14.8,16.6,1008.4,49.42,12.0,IDRSING3
7008,21.6,0.0,0.0,2017-07-25 17:40:00,54.0,240.0,11.6,14.8,1008.7,38.17,11.9,IDRSING3
7009,21.7,0.0,0.0,2017-07-25 17:45:00,54.0,243.0,16.3,21.9,1008.7,46.73,12.0,IDRSING3
7010,21.3,0.0,0.0,2017-07-25 17:51:00,57.0,280.0,15.4,20.1,1008.7,45.02,12.5,IDRSING3
7011,20.8,0.0,0.0,2017-07-25 17:56:00,59.0,258.0,24.1,25.6,1008.4,31.19,12.5,IDRSING3
7012,20.4,0.0,0.0,2017-07-25 18:01:00,59.0,250.0,18.7,21.9,1008.7,24.22,12.1,IDRSING3
7013,20.2,0.0,0.0,2017-07-25 18:07:00,60.0,257.0,14.8,16.6,1008.7,19.94,12.2,IDRSING3
7014,20.0,0.0,0.0,2017-07-25 18:12:00,60.0,244.0,13.4,14.8,1008.7,15.53,12.0,IDRSING3
7015,19.8,0.0,0.0,2017-07-25 18:17:00,60.0,226.0,23.3,27.7,1008.7,12.97,11.8,IDRSING3
7016,19.6,0.0,0.0,2017-07-25 18:23:00,60.0,243.0,16.3,20.1,1008.4,9.05,11.6,IDRSING3
7017,19.3,0.0,0.0,2017-07-25 18:28:00,61.0,269.0,13.4,14.8,1008.4,7.34,11.6,IDRSING3
7018,19.2,0.0,0.0,2017-07-25 18:33:00,60.0,293.0,18.0,20.1,1008.4,4.28,11.3,IDRSING3
7019,19.1,0.0,0.0,2017-07-25 18:39:00,59.0,286.0,14.8,18.3,1008.7,2.57,10.9,IDRSING3
7020,18.8,0.0,0.0,2017-07-25 18:44:00,60.0,275.0,11.1,14.8,1008.7,0.36,10.9,IDRSING3
7021,18.7,0.0,0.0,2017-07-25 18:49:00,60.0,280.0,9.7,11.1,1008.4,0.0,10.8,IDRSING3
7022,18.3,0.0,0.0,2017-07-25 18:55:00,62.0,252.0,5.8,9.3,1009.0,0.0,10.9,IDRSING3
7023,18.1,0.0,0.0,2017-07-25 19:00:00,63.0,241.0,7.2,9.3,1009.0,0.0,11.0,IDRSING3
7024,17.8,0.0,0.0,2017-07-25 19:05:00,64.0,262.0,5.0,5.5,1009.0,0.0,10.9,IDRSING3
7025,17.6,0.0,0.0,2017-07-25 19:08:00,65.0,257.0,7.2,9.3,1009.0,0.0,11.0,IDRSING3
7026,17.5,0.0,0.0,2017-07-25 19:14:00,65.0,226.0,6.4,9.3,1009.0,0.0,10.9,IDRSING3
7027,17.3,0.0,0.0,2017-07-25 19:19:00,66.0,247.0,6.4,7.2,1009.4,0.0,10.9,IDRSING3
7028,17.3,0.0,0.0,2017-07-25 19:24:00,66.0,265.0,7.2,9.3,1009.4,0.0,10.9,IDRSING3
7029,17.2,0.0,0.0,2017-07-25 19:29:00,67.0,237.0,7.6,9.3,1009.4,0.0,11.0,IDRSING3
7030,17.1,0.0,0.0,2017-07-25 19:34:00,68.0,241.0,7.2,9.3,1009.4,0.0,11.1,IDRSING3
7031,17.1,0.0,0.0,2017-07-25 19:40:00,68.0,256.0,7.2,9.3,1009.4,0.0,11.1,IDRSING3
7032,17.4,0.0,0.0,2017-07-25 19:45:00,67.0,269.0,7.9,11.1,1009.4,0.0,11.2,IDRSING3
7033,17.1,0.0,0.0,2017-07-25 19:51:00,69.0,253.0,6.1,7.2,1009.4,0.0,11.4,IDRSING3
7034,16.6,0.0,0.0,2017-07-25 19:56:00,71.0,234.0,3.5,3.5,1009.4,0.0,11.3,IDRSING3
7035,16.2,0.0,0.0,2017-07-25 20:01:00,72.0,233.0,3.5,3.5,1009.7,0.0,11.1,IDRSING3
7036,15.8,0.0,0.0,2017-07-25 20:07:00,74.0,223.0,3.5,5.5,1009.4,0.0,11.2,IDRSING3
7037,15.8,0.0,0.0,2017-07-25 20:12:00,74.0,217.0,5.0,5.5,1009.4,0.0,11.2,IDRSING3
7038,15.5,0.0,0.0,2017-07-25 20:17:00,76.0,209.0,3.5,3.5,1009.4,0.0,11.3,IDRSING3
7039,15.7,0.0,0.0,2017-07-25 20:22:00,75.0,222.0,6.1,7.2,1009.4,0.0,11.3,IDRSING3
7040,16.2,0.0,0.0,2017-07-25 20:28:00,73.0,234.0,8.2,9.3,1009.7,0.0,11.4,IDRSING3
7041,16.4,0.0,0.0,2017-07-25 20:33:00,73.0,239.0,6.4,7.2,1009.7,0.0,11.6,IDRSING3
7042,16.1,0.0,0.0,2017-07-25 20:39:00,74.0,230.0,7.2,7.2,1009.7,0.0,11.5,IDRSING3
7043,16.1,0.0,0.0,2017-07-25 20:44:00,74.0,220.0,9.0,9.3,1009.7,0.0,11.5,IDRSING3
7044,16.1,0.0,0.0,2017-07-25 20:49:00,74.0,240.0,7.9,9.3,1009.7,0.0,11.5,IDRSING3
7045,16.2,0.0,0.0,2017-07-25 20:54:00,74.0,239.0,11.1,13.0,1009.7,0.0,11.6,IDRSING3
7046,16.1,0.0,0.0,2017-07-25 20:59:00,73.0,233.0,11.9,13.0,1009.7,0.0,11.3,IDRSING3
7047,16.5,0.0,0.0,2017-07-25 21:04:00,72.0,239.0,12.6,14.8,1009.7,0.0,11.4,IDRSING3
7048,16.3,0.0,0.0,2017-07-25 21:09:00,73.0,237.0,11.9,14.8,1009.7,0.0,11.5,IDRSING3
7049,16.1,0.0,0.0,2017-07-25 21:14:00,75.0,230.0,8.7,11.1,1009.4,0.0,11.7,IDRSING3
7050,15.9,0.0,0.0,2017-07-25 21:19:00,75.0,249.0,11.9,14.8,1009.7,0.0,11.5,IDRSING3
7051,15.8,0.0,0.0,2017-07-25 21:24:00,75.0,246.0,9.3,13.0,1009.7,0.0,11.4,IDRSING3
7052,15.7,0.0,0.0,2017-07-25 21:30:00,76.0,238.0,11.1,13.0,1009.7,0.0,11.5,IDRSING3
7053,15.6,0.0,0.0,2017-07-25 21:35:00,76.0,230.0,8.7,11.1,1009.7,0.0,11.4,IDRSING3
7054,15.5,0.0,0.0,2017-07-25 21:40:00,78.0,238.0,10.5,11.1,1009.7,0.0,11.7,IDRSING3
7055,15.4,0.0,0.0,2017-07-25 21:45:00,78.0,222.0,8.7,9.3,1009.7,0.0,11.6,IDRSING3
7056,15.4,0.0,0.0,2017-07-25 21:50:00,78.0,232.0,9.3,11.1,1009.7,0.0,11.6,IDRSING3
7057,15.2,0.0,0.0,2017-07-25 21:55:00,79.0,238.0,7.2,9.3,1010.0,0.0,11.6,IDRSING3
7058,15.1,0.0,0.0,2017-07-25 22:00:00,79.0,230.0,9.3,11.1,1010.0,0.0,11.5,IDRSING3
7059,15.2,0.0,0.0,2017-07-25 22:06:00,79.0,244.0,9.7,11.1,1010.0,0.0,11.6,IDRSING3
7060,15.1,0.0,0.0,2017-07-25 22:11:00,80.0,227.0,10.8,13.0,1010.0,0.0,11.7,IDRSING3
7061,15.0,0.0,0.0,2017-07-25 22:12:00,80.0,215.0,9.3,11.1,1009.7,0.0,11.6,IDRSING3
7062,14.7,0.0,0.0,2017-07-25 22:17:00,83.0,230.0,6.4,7.2,1010.0,0.0,11.8,IDRSING3
7063,14.5,0.0,0.0,2017-07-25 22:22:00,83.0,225.0,7.6,9.3,1010.0,0.0,11.6,IDRSING3
7064,14.5,0.0,0.0,2017-07-25 22:28:00,83.0,236.0,9.3,11.1,1010.0,0.0,11.6,IDRSING3
7065,14.3,0.0,0.0,2017-07-25 22:33:00,85.0,216.0,7.2,7.2,1010.0,0.0,11.8,IDRSING3
7066,14.3,0.0,0.0,2017-07-25 22:34:00,85.0,219.0,6.1,7.2,1009.7,0.0,11.8,IDRSING3
7067,14.3,0.0,0.0,2017-07-25 22:39:00,85.0,226.0,8.7,11.1,1010.0,0.0,11.8,IDRSING3
7068,14.4,0.0,0.0,2017-07-25 22:44:00,86.0,216.0,7.2,9.3,1010.0,0.0,12.1,IDRSING3
7069,14.2,0.0,0.0,2017-07-25 22:49:00,87.0,214.0,7.6,9.3,1009.7,0.0,12.1,IDRSING3
7070,14.2,0.0,0.0,2017-07-25 22:54:00,89.0,221.0,6.1,9.3,1010.0,0.0,12.4,IDRSING3
7071,14.2,0.0,0.0,2017-07-25 23:00:00,89.0,216.0,8.2,9.3,1009.7,0.0,12.4,IDRSING3
7072,14.2,0.0,0.0,2017-07-25 23:05:00,90.0,214.0,8.7,9.3,1010.0,0.0,12.6,IDRSING3
7073,14.0,0.0,0.0,2017-07-25 23:10:00,93.0,222.0,7.2,7.2,1009.7,0.0,12.9,IDRSING3
7074,14.0,0.0,0.0,2017-07-25 23:15:00,94.0,223.0,11.1,14.8,1010.0,0.0,13.0,IDRSING3
7075,14.2,0.0,0.0,2017-07-25 23:20:00,94.0,217.0,10.8,11.1,1009.7,0.0,13.2,IDRSING3
7076,14.3,0.0,0.0,2017-07-25 23:26:00,94.0,218.0,9.7,13.0,1010.0,0.0,13.3,IDRSING3
7077,14.4,0.0,0.0,2017-07-25 23:31:00,94.0,220.0,9.3,11.1,1010.0,0.0,13.4,IDRSING3
7078,14.5,0.0,0.0,2017-07-25 23:36:00,93.0,231.0,10.5,11.1,1010.0,0.0,13.4,IDRSING3
7079,14.7,0.0,0.0,2017-07-25 23:41:00,93.0,226.0,9.7,11.1,1009.7,0.0,13.6,IDRSING3
7080,14.8,0.0,0.0,2017-07-25 23:47:00,92.0,220.0,10.5,11.1,1009.7,0.0,13.6,IDRSING3
7081,14.9,0.0,0.0,2017-07-25 23:52:00,91.0,221.0,10.5,13.0,1009.7,0.0,13.5,IDRSING3
7082,15.0,0.0,0.0,2017-07-25 23:57:00,90.0,228.0,11.6,13.0,1010.0,0.0,13.4,IDRSING3
7083,15.0,0.0,0.0,2017-07-26 00:02:00,90.0,233.0,8.7,11.1,1009.7,0.0,13.4,IDRSING3
7084,15.0,0.0,0.0,2017-07-26 00:08:00,90.0,234.0,8.7,9.3,1009.7,0.0,13.4,IDRSING3
7085,15.0,0.0,0.0,2017-07-26 00:14:00,90.0,229.0,9.7,11.1,1009.7,0.0,13.4,IDRSING3
7086,15.0,0.0,0.0,2017-07-26 00:19:00,90.0,227.0,10.5,11.1,1009.7,0.0,13.4,IDRSING3
7087,15.1,0.0,0.0,2017-07-26 00:24:00,90.0,209.0,6.9,7.2,1009.7,0.0,13.5,IDRSING3
7088,15.1,0.0,0.0,2017-07-26 00:29:00,89.0,214.0,12.2,14.8,1009.7,0.0,13.3,IDRSING3
7089,15.1,0.0,0.0,2017-07-26 00:35:00,89.0,223.0,7.9,9.3,1009.7,0.0,13.3,IDRSING3
7090,15.1,0.0,0.0,2017-07-26 00:40:00,90.0,214.0,7.6,9.3,1009.7,0.0,13.5,IDRSING3
7091,15.0,0.0,0.0,2017-07-26 00:45:00,90.0,213.0,6.1,7.2,1009.7,0.0,13.4,IDRSING3
7092,15.0,0.0,0.0,2017-07-26 00:51:00,90.0,231.0,7.9,9.3,1009.4,0.0,13.4,IDRSING3
7093,15.0,0.0,0.0,2017-07-26 00:56:00,90.0,225.0,7.2,7.2,1009.4,0.0,13.4,IDRSING3
7094,14.9,0.0,0.0,2017-07-26 01:01:00,90.0,215.0,5.0,5.5,1009.4,0.0,13.3,IDRSING3
7095,14.8,0.0,0.0,2017-07-26 01:07:00,91.0,215.0,3.5,5.5,1009.4,0.0,13.4,IDRSING3
7096,14.7,0.0,0.0,2017-07-26 01:12:00,91.0,216.0,5.5,5.5,1009.4,0.0,13.3,IDRSING3
7097,14.7,0.0,0.0,2017-07-26 01:17:00,93.0,212.0,5.5,5.5,1009.4,0.0,13.6,IDRSING3
7098,14.5,0.0,0.0,2017-07-26 01:23:00,94.0,208.0,5.5,7.2,1009.4,0.0,13.5,IDRSING3
7099,14.4,0.0,0.0,2017-07-26 01:28:00,94.0,212.0,5.8,9.3,1009.4,0.0,13.4,IDRSING3
7100,14.2,0.0,0.0,2017-07-26 01:33:00,96.0,206.0,4.0,5.5,1009.4,0.0,13.6,IDRSING3
7101,14.0,0.0,0.0,2017-07-26 01:39:00,98.0,196.0,2.1,3.5,1009.4,0.0,13.7,IDRSING3
7102,14.0,0.0,0.0,2017-07-26 01:44:00,98.0,210.0,3.2,3.5,1009.4,0.0,13.7,IDRSING3
7103,14.0,0.0,0.0,2017-07-26 01:49:00,98.0,204.0,5.8,7.2,1009.4,0.0,13.7,IDRSING3
7104,14.2,0.0,0.0,2017-07-26 01:55:00,95.0,205.0,3.5,5.5,1009.4,0.0,13.4,IDRSING3
7105,14.3,0.0,0.0,2017-07-26 02:00:00,95.0,201.0,8.7,13.0,1009.4,0.0,13.5,IDRSING3
7106,14.4,0.0,0.0,2017-07-26 02:05:00,94.0,212.0,5.5,9.3,1009.4,0.0,13.4,IDRSING3
7107,14.4,0.0,0.0,2017-07-26 02:11:00,93.0,220.0,9.3,11.1,1009.4,0.0,13.3,IDRSING3
7108,14.5,0.0,0.0,2017-07-26 02:16:00,91.0,201.0,11.9,13.0,1009.4,0.0,13.1,IDRSING3
7109,14.6,0.0,0.0,2017-07-26 02:21:00,90.0,215.0,10.1,11.1,1009.7,0.0,13.0,IDRSING3
7110,14.7,0.0,0.0,2017-07-26 02:27:00,89.0,222.0,13.4,14.8,1009.4,0.0,12.9,IDRSING3
7111,14.7,0.0,0.0,2017-07-26 02:32:00,90.0,222.0,11.1,13.0,1009.4,0.0,13.1,IDRSING3
7112,14.7,0.0,0.0,2017-07-26 02:37:00,89.0,217.0,14.3,16.6,1009.4,0.0,12.9,IDRSING3
7113,14.8,0.0,0.0,2017-07-26 02:43:00,89.0,222.0,9.0,11.1,1009.4,0.0,13.0,IDRSING3
7114,14.8,0.0,0.0,2017-07-26 02:48:00,90.0,215.0,9.3,11.1,1009.4,0.0,13.2,IDRSING3
7115,14.8,0.0,0.0,2017-07-26 02:53:00,90.0,222.0,9.7,11.1,1009.0,0.0,13.2,IDRSING3
7116,14.7,0.0,0.0,2017-07-26 02:59:00,90.0,219.0,8.7,9.3,1009.4,0.0,13.1,IDRSING3
7117,14.7,0.0,0.0,2017-07-26 03:04:00,90.0,212.0,7.9,11.1,1009.4,0.0,13.1,IDRSING3
7118,14.7,0.0,0.0,2017-07-26 03:09:00,89.0,218.0,9.3,11.1,1009.4,0.0,12.9,IDRSING3
7119,14.8,0.0,0.0,2017-07-26 03:15:00,89.0,234.0,11.1,13.0,1009.7,0.0,13.0,IDRSING3
7120,14.9,0.0,0.0,2017-07-26 03:20:00,89.0,217.0,11.9,13.0,1009.4,0.0,13.1,IDRSING3
7121,14.9,0.0,0.0,2017-07-26 03:25:00,89.0,222.0,8.7,11.1,1009.4,0.36,13.1,IDRSING3
7122,14.9,0.0,0.0,2017-07-26 03:31:00,89.0,209.0,11.1,13.0,1009.4,1.22,13.1,IDRSING3
7123,14.9,0.0,0.0,2017-07-26 03:36:00,90.0,212.0,9.3,11.1,1009.4,3.43,13.3,IDRSING3
7124,15.0,0.0,0.0,2017-07-26 03:41:00,90.0,218.0,8.7,11.1,1009.0,4.28,13.4,IDRSING3
7125,15.1,0.0,0.0,2017-07-26 03:47:00,89.0,218.0,10.5,13.0,1009.4,2.94,13.3,IDRSING3
7126,15.1,0.0,0.0,2017-07-26 03:52:00,90.0,192.0,8.2,9.3,1009.4,1.71,13.5,IDRSING3
7127,15.1,0.0,0.0,2017-07-26 03:57:00,89.0,219.0,10.1,11.1,1009.4,1.71,13.3,IDRSING3
7128,15.1,0.0,0.0,2017-07-26 04:02:00,89.0,221.0,10.5,13.0,1009.4,2.08,13.3,IDRSING3
7129,15.1,0.0,0.0,2017-07-26 04:07:00,89.0,218.0,9.7,11.1,1009.0,2.08,13.3,IDRSING3
7130,15.1,0.0,0.0,2017-07-26 04:12:00,89.0,215.0,12.2,16.6,1008.7,2.57,13.3,IDRSING3
7131,15.1,0.0,0.0,2017-07-26 04:17:00,89.0,223.0,10.1,13.0,1009.0,5.14,13.3,IDRSING3
7132,15.2,0.0,0.0,2017-07-26 04:23:00,88.0,207.0,9.3,11.1,1009.0,10.39,13.2,IDRSING3
7133,15.3,0.0,0.0,2017-07-26 04:28:00,87.0,201.0,14.3,16.6,1008.7,13.82,13.2,IDRSING3
7134,15.4,0.0,0.0,2017-07-26 04:33:00,86.0,231.0,12.2,13.0,1009.0,15.17,13.1,IDRSING3
7135,15.5,0.0,0.0,2017-07-26 04:39:00,87.0,211.0,11.9,14.8,1009.0,12.97,13.4,IDRSING3
7136,15.5,0.0,0.0,2017-07-26 04:44:00,86.0,193.0,7.9,11.1,1009.0,13.33,13.2,IDRSING3
7137,15.5,0.0,0.0,2017-07-26 04:49:00,87.0,204.0,7.9,11.1,1009.0,16.88,13.4,IDRSING3
7138,15.5,0.0,0.0,2017-07-26 04:54:00,86.0,213.0,10.5,11.1,1009.0,20.31,13.2,IDRSING3
7139,15.5,0.0,0.0,2017-07-26 04:59:00,86.0,202.0,8.2,11.1,1009.0,23.85,13.2,IDRSING3
7140,15.6,0.0,0.0,2017-07-26 05:00:00,85.0,224.0,11.9,13.0,1009.0,26.42,13.1,IDRSING3
7141,15.7,0.0,0.0,2017-07-26 05:05:00,85.0,206.0,11.1,14.8,1009.0,29.48,13.2,IDRSING3
7142,15.7,0.0,0.0,2017-07-26 05:11:00,84.0,204.0,9.0,11.1,1009.0,28.63,13.0,IDRSING3
7143,15.8,0.0,0.0,2017-07-26 05:16:00,84.0,221.0,11.1,13.0,1009.0,26.79,13.1,IDRSING3
7144,15.8,0.0,0.0,2017-07-26 05:21:00,84.0,224.0,8.7,11.1,1009.0,22.87,13.1,IDRSING3
7145,15.8,0.0,0.0,2017-07-26 05:27:00,84.0,221.0,10.8,13.0,1009.0,32.05,13.1,IDRSING3
7146,15.8,0.0,0.0,2017-07-26 05:32:00,84.0,194.0,9.7,13.0,1009.0,45.87,13.1,IDRSING3
7147,15.9,0.0,0.0,2017-07-26 05:37:00,83.0,214.0,8.7,11.1,1009.0,34.25,13.0,IDRSING3
7148,15.9,0.0,0.0,2017-07-26 05:43:00,83.0,222.0,7.2,7.2,1009.0,36.82,13.0,IDRSING3
7149,15.8,0.0,0.0,2017-07-26 05:48:00,85.0,204.0,6.9,9.3,1009.0,37.19,13.3,IDRSING3
7150,15.7,0.0,0.0,2017-07-26 05:53:00,87.0,214.0,9.0,9.3,1009.0,72.79,13.6,IDRSING3
7151,15.9,0.0,0.0,2017-07-26 05:59:00,84.0,198.0,12.6,13.0,1009.0,79.27,13.2,IDRSING3
7152,16.2,0.0,0.0,2017-07-26 06:04:00,83.0,204.0,9.3,13.0,1009.0,70.71,13.3,IDRSING3
7153,16.3,0.0,0.0,2017-07-26 06:09:00,82.0,217.0,9.7,13.0,1009.0,79.76,13.2,IDRSING3
7154,16.5,0.0,0.0,2017-07-26 06:15:00,80.0,221.0,13.7,14.8,1009.0,107.04,13.0,IDRSING3
7155,16.7,0.0,0.0,2017-07-26 06:20:00,78.0,220.0,13.7,14.8,1009.0,139.22,12.9,IDRSING3
7156,17.0,0.0,0.0,2017-07-26 06:25:00,76.0,211.0,14.3,16.6,1008.7,145.7,12.7,IDRSING3
7157,17.0,0.0,0.0,2017-07-26 06:30:00,76.0,225.0,13.4,14.8,1009.0,94.93,12.7,IDRSING3
7158,17.0,0.0,0.0,2017-07-26 06:35:00,75.0,203.0,18.7,21.9,1009.0,108.88,12.6,IDRSING3
7159,17.0,0.0,0.0,2017-07-26 06:40:00,75.0,210.0,13.4,16.6,1008.7,105.82,12.6,IDRSING3
7160,17.1,0.0,0.0,2017-07-26 06:45:00,75.0,226.0,13.0,14.8,1008.7,105.82,12.6,IDRSING3
7161,17.2,0.0,0.0,2017-07-26 06:51:00,74.0,209.0,17.2,20.1,1008.7,133.1,12.6,IDRSING3
7162,17.3,0.0,0.0,2017-07-26 06:56:00,72.0,202.0,16.6,18.3,1008.7,160.51,12.2,IDRSING3
7163,17.6,0.0,0.0,2017-07-26 07:01:00,70.0,232.0,19.8,23.8,1008.7,186.07,12.1,IDRSING3
7164,17.7,0.0,0.0,2017-07-26 07:07:00,70.0,223.0,14.8,20.1,1008.7,245.52,12.2,IDRSING3
7165,18.0,0.0,0.0,2017-07-26 07:12:00,68.0,220.0,23.0,25.6,1008.7,440.28,12.0,IDRSING3
7166,18.4,0.0,0.0,2017-07-26 07:17:00,68.0,231.0,18.7,23.8,1008.7,714.81,12.4,IDRSING3
7167,18.8,0.0,0.0,2017-07-26 07:22:00,67.0,233.0,22.4,25.6,1008.7,314.03,12.5,IDRSING3
7168,19.3,0.0,0.0,2017-07-26 07:27:00,65.0,291.0,23.8,31.4,1008.7,223.75,12.6,IDRSING3
7169,18.5,0.0,0.0,2017-07-26 07:32:00,67.0,229.0,25.3,27.7,1008.7,222.53,12.3,IDRSING3
7170,18.4,0.0,0.0,2017-07-26 07:37:00,67.0,236.0,19.8,21.9,1008.4,171.76,12.2,IDRSING3
7171,18.3,0.0,0.0,2017-07-26 07:42:00,68.0,241.0,19.5,21.9,1008.7,215.07,12.3,IDRSING3
7172,18.6,0.0,0.0,2017-07-26 07:47:00,66.0,261.0,18.3,23.8,1008.7,246.75,12.1,IDRSING3
7173,18.4,0.0,0.0,2017-07-26 07:52:00,66.0,259.0,21.6,23.8,1008.7,290.18,11.9,IDRSING3
7174,18.6,0.0,0.0,2017-07-26 07:57:00,66.0,247.0,21.2,23.8,1008.7,202.1,12.1,IDRSING3
7175,18.5,0.0,0.0,2017-07-26 08:02:00,67.0,234.0,24.8,27.7,1008.7,273.3,12.3,IDRSING3
7176,18.4,0.0,0.0,2017-07-26 08:07:00,74.0,252.0,16.3,18.3,1009.0,318.81,13.7,IDRSING3
7177,17.7,0.0,0.0,2017-07-26 08:12:00,76.0,240.0,25.6,29.4,1009.0,392.08,13.4,IDRSING3
7178,17.5,0.0,0.0,2017-07-26 08:17:00,74.0,229.0,17.2,21.9,1009.0,465.0,12.9,IDRSING3
7179,18.0,0.0,0.0,2017-07-26 08:23:00,72.0,246.0,20.1,21.9,1009.0,468.42,12.9,IDRSING3
7180,18.4,0.0,0.0,2017-07-26 08:28:00,69.0,239.0,21.9,23.8,1009.0,503.16,12.6,IDRSING3
7181,18.5,0.0,0.0,2017-07-26 08:33:00,69.0,280.0,14.8,16.6,1009.0,430.74,12.7,IDRSING3
7182,18.6,0.0,0.0,2017-07-26 08:38:00,69.0,271.0,18.0,21.9,1008.7,338.26,12.8,IDRSING3
7183,18.5,0.0,0.0,2017-07-26 08:43:00,70.0,256.0,18.7,20.1,1008.7,346.95,13.0,IDRSING3
7184,18.5,0.0,0.0,2017-07-26 08:48:00,71.0,254.0,14.0,16.6,1008.7,370.43,13.2,IDRSING3
7185,18.6,0.0,0.0,2017-07-26 08:53:00,70.0,240.0,12.6,14.8,1009.0,340.46,13.0,IDRSING3
7186,18.3,0.0,0.0,2017-07-26 08:59:00,71.0,211.0,18.0,21.9,1008.7,252.87,13.0,IDRSING3
7187,18.1,0.0,0.0,2017-07-26 09:04:00,72.0,244.0,15.4,16.6,1008.7,292.38,13.0,IDRSING3
7188,17.9,0.0,0.0,2017-07-26 09:09:00,73.0,194.0,15.4,21.9,1008.7,289.69,13.0,IDRSING3
7189,17.9,0.0,0.0,2017-07-26 09:14:00,75.0,193.0,13.0,20.1,1009.0,285.41,13.4,IDRSING3
7190,17.6,0.0,0.0,2017-07-26 09:19:00,76.0,224.0,16.3,18.3,1008.7,279.29,13.3,IDRSING3
7191,17.8,0.0,0.0,2017-07-26 09:24:00,76.0,218.0,14.3,18.3,1008.7,255.44,13.5,IDRSING3
7192,17.7,0.0,0.0,2017-07-26 09:29:00,75.0,220.0,8.7,14.8,1008.7,241.98,13.2,IDRSING3
7193,17.7,0.0,0.0,2017-07-26 09:35:00,77.0,214.0,13.7,16.6,1008.7,245.52,13.6,IDRSING3
7194,17.5,0.0,0.0,2017-07-26 09:40:00,78.0,198.0,5.0,7.2,1008.7,197.81,13.6,IDRSING3
7195,17.5,0.0,0.0,2017-07-26 09:45:00,78.0,215.0,10.1,13.0,1008.7,170.05,13.6,IDRSING3
7196,17.4,0.0,0.0,2017-07-26 09:50:00,79.0,213.0,14.3,16.6,1008.7,158.67,13.7,IDRSING3
7197,17.5,0.0,0.0,2017-07-26 09:55:00,79.0,207.0,8.2,11.1,1008.7,313.18,13.8,IDRSING3
7198,18.1,0.0,0.0,2017-07-26 10:00:00,76.0,206.0,11.6,13.0,1008.4,405.18,13.8,IDRSING3
7199,18.9,0.0,0.0,2017-07-26 10:05:00,72.0,208.0,16.3,20.1,1008.4,433.8,13.7,IDRSING3
7200,18.9,0.0,0.0,2017-07-26 10:11:00,74.0,225.0,11.1,18.3,1008.7,401.26,14.2,IDRSING3
7201,18.8,0.0,0.0,2017-07-26 10:16:00,73.0,223.0,14.8,18.3,1008.4,346.09,13.9,IDRSING3
7202,18.7,0.0,0.0,2017-07-26 10:21:00,72.0,202.0,14.0,16.6,1008.4,212.98,13.5,IDRSING3
7203,18.7,0.0,0.0,2017-07-26 10:26:00,72.0,210.0,9.0,16.6,1008.4,182.15,13.5,IDRSING3
7204,18.7,0.0,0.0,2017-07-26 10:31:00,73.0,218.0,8.2,11.1,1008.7,143.13,13.8,IDRSING3
7205,18.5,0.0,0.0,2017-07-26 10:36:00,74.0,214.0,14.8,16.6,1008.4,149.98,13.8,IDRSING3
7206,18.4,0.0,0.0,2017-07-26 10:41:00,73.0,194.0,11.1,21.9,1008.7,174.33,13.5,IDRSING3
7207,18.5,0.0,0.0,2017-07-26 10:47:00,73.0,219.0,11.6,27.7,1008.7,158.3,13.6,IDRSING3
7208,18.6,0.0,0.0,2017-07-26 10:52:00,72.0,146.0,13.0,18.3,1008.7,194.76,13.4,IDRSING3
7209,18.3,0.0,0.0,2017-07-26 10:57:00,71.0,213.0,13.4,16.6,1008.4,235.98,13.0,IDRSING3
7210,18.5,0.0,0.0,2017-07-26 11:02:00,71.0,196.0,10.1,13.0,1008.7,222.53,13.2,IDRSING3
7211,18.7,0.0,0.0,2017-07-26 11:07:00,71.0,217.0,19.8,23.8,1008.7,191.7,13.3,IDRSING3
7212,18.4,0.0,0.0,2017-07-26 11:12:00,72.0,216.0,23.3,27.7,1009.0,174.81,13.2,IDRSING3
7213,18.4,0.0,0.0,2017-07-26 11:17:00,71.0,196.0,11.1,13.0,1008.7,209.93,13.1,IDRSING3
7214,18.8,0.0,0.0,2017-07-26 11:22:00,68.0,221.0,20.6,23.8,1008.7,356.49,12.8,IDRSING3
7215,19.2,0.0,0.0,2017-07-26 11:27:00,69.0,211.0,14.3,20.1,1008.7,408.11,13.4,IDRSING3
7216,19.3,0.0,0.0,2017-07-26 11:32:00,70.0,217.0,8.7,13.0,1008.7,189.49,13.7,IDRSING3
7217,19.0,0.0,0.0,2017-07-26 11:37:00,70.0,205.0,9.7,13.0,1008.7,215.56,13.4,IDRSING3
7218,18.9,0.0,0.0,2017-07-26 11:43:00,70.0,234.0,13.4,14.8,1008.7,114.87,13.3,IDRSING3
7219,18.8,0.0,0.0,2017-07-26 11:48:00,70.0,227.0,15.1,18.3,1008.7,74.99,13.2,IDRSING3
7220,18.9,0.0,0.0,2017-07-26 11:53:00,70.0,243.0,13.4,16.6,1008.7,113.65,13.3,IDRSING3
7221,18.8,0.0,0.0,2017-07-26 11:58:00,71.0,241.0,14.0,14.8,1008.4,85.02,13.4,IDRSING3
7222,18.7,0.0,0.0,2017-07-26 12:03:00,72.0,232.0,12.2,14.8,1008.7,68.51,13.5,IDRSING3
7223,18.8,0.0,0.0,2017-07-26 12:08:00,72.0,212.0,13.0,16.6,1008.7,60.68,13.6,IDRSING3
7224,18.9,0.0,0.0,2017-07-26 12:13:00,71.0,240.0,12.2,14.8,1008.7,178.24,13.5,IDRSING3
7225,19.2,0.0,0.0,2017-07-26 12:18:00,71.0,224.0,15.4,18.3,1008.7,241.12,13.8,IDRSING3
7226,19.3,0.0,0.0,2017-07-26 12:23:00,71.0,236.0,11.1,13.0,1008.7,63.73,13.9,IDRSING3
7227,19.2,0.0,0.0,2017-07-26 12:28:00,72.0,224.0,14.3,18.3,1008.7,132.73,14.0,IDRSING3
7228,19.3,0.0,0.0,2017-07-26 12:33:00,71.0,236.0,16.3,18.3,1008.7,181.67,13.9,IDRSING3
7229,19.7,0.0,0.0,2017-07-26 12:39:00,68.0,250.0,22.4,25.6,1008.7,305.35,13.6,IDRSING3
7230,20.8,0.0,0.0,2017-07-26 12:44:00,66.0,233.0,19.8,21.9,1008.4,357.34,14.2,IDRSING3
7231,21.0,0.0,0.0,2017-07-26 12:49:00,64.0,220.0,28.8,33.1,1008.7,704.41,14.0,IDRSING3
7232,20.4,0.0,0.0,2017-07-26 12:54:00,66.0,222.0,21.9,25.6,1008.4,577.79,13.8,IDRSING3
7233,20.8,0.0,0.0,2017-07-26 12:59:00,65.0,257.0,20.1,21.9,1008.4,365.17,14.0,IDRSING3
7234,20.6,0.0,0.0,2017-07-26 13:04:00,66.0,238.0,18.7,20.1,1008.7,346.95,14.0,IDRSING3
7235,19.9,0.0,0.0,2017-07-26 13:09:00,69.0,237.0,19.1,21.9,1008.4,291.03,14.1,IDRSING3
7236,20.7,0.0,0.0,2017-07-26 13:15:00,65.0,273.0,23.8,29.4,1008.4,809.01,13.9,IDRSING3
7237,21.2,0.0,0.0,2017-07-26 13:20:00,67.0,236.0,15.4,20.1,1008.7,762.15,14.8,IDRSING3
7238,21.2,0.0,0.0,2017-07-26 13:25:00,66.0,222.0,24.5,29.4,1008.4,434.66,14.6,IDRSING3
7239,21.8,0.0,0.0,2017-07-26 13:30:00,63.0,236.0,23.8,27.7,1008.4,708.82,14.5,IDRSING3
7240,21.1,0.0,0.0,2017-07-26 13:35:00,64.0,255.0,25.6,29.4,1008.7,633.7,14.0,IDRSING3
7241,21.1,0.0,0.0,2017-07-26 13:40:00,65.0,271.0,19.8,21.9,1008.7,394.29,14.3,IDRSING3
7242,20.7,0.0,0.0,2017-07-26 13:43:00,65.0,262.0,19.5,21.9,1008.7,636.76,13.9,IDRSING3
7243,20.8,0.0,0.0,2017-07-26 13:48:00,67.0,269.0,16.3,18.3,1008.4,473.2,14.5,IDRSING3
7244,20.8,0.0,0.0,2017-07-26 13:53:00,65.0,228.0,19.5,21.9,1008.7,663.18,14.0,IDRSING3
7245,21.1,0.0,0.0,2017-07-26 13:59:00,65.0,223.0,25.6,29.4,1008.4,632.84,14.3,IDRSING3
7246,21.0,0.0,0.0,2017-07-26 14:04:00,64.0,229.0,20.6,23.8,1008.7,620.73,14.0,IDRSING3
7247,21.5,0.0,0.0,2017-07-26 14:09:00,65.0,239.0,18.3,20.1,1008.4,546.96,14.7,IDRSING3
7248,20.7,0.0,0.0,2017-07-26 14:15:00,67.0,210.0,19.8,23.8,1009.0,361.25,14.4,IDRSING3
7249,20.1,0.0,0.0,2017-07-26 14:20:00,69.0,239.0,24.8,29.4,1008.7,411.17,14.2,IDRSING3
7250,20.2,0.0,0.0,2017-07-26 14:25:00,68.0,240.0,25.9,29.4,1008.4,518.33,14.1,IDRSING3
7251,20.7,0.0,0.0,2017-07-26 14:31:00,67.0,239.0,19.8,23.8,1008.4,415.94,14.4,IDRSING3
7252,20.6,0.0,0.0,2017-07-26 14:36:00,67.0,243.0,21.9,23.8,1008.4,536.57,14.3,IDRSING3
7253,20.8,0.0,0.0,2017-07-26 14:41:00,65.0,232.0,25.3,33.1,1008.4,506.23,14.0,IDRSING3
7254,20.8,0.0,0.0,2017-07-26 14:47:00,66.0,269.0,27.4,31.4,1008.4,481.03,14.2,IDRSING3
7255,21.0,0.0,0.0,2017-07-26 14:52:00,65.0,255.0,23.0,27.7,1008.4,457.17,14.2,IDRSING3
7256,20.6,0.0,0.0,2017-07-26 14:57:00,68.0,253.0,27.7,31.4,1008.4,153.9,14.5,IDRSING3
7257,19.7,0.0,0.0,2017-07-26 15:02:00,70.0,278.0,20.1,27.7,1008.4,244.18,14.1,IDRSING3
7258,20.4,0.0,0.0,2017-07-26 15:07:00,65.0,225.0,24.8,27.7,1008.4,484.45,13.6,IDRSING3
7259,20.7,0.0,0.0,2017-07-26 15:12:00,66.0,253.0,19.8,23.8,1008.4,473.2,14.1,IDRSING3
7260,20.9,0.0,0.0,2017-07-26 15:17:00,68.0,244.0,18.7,20.1,1008.4,222.53,14.8,IDRSING3
7261,20.0,0.0,0.0,2017-07-26 15:23:00,70.0,227.0,19.5,23.8,1008.4,206.38,14.4,IDRSING3
7262,19.5,0.0,0.0,2017-07-26 15:28:00,71.0,250.0,21.6,25.6,1008.4,235.0,14.1,IDRSING3
7263,19.5,0.0,0.0,2017-07-26 15:33:00,71.0,245.0,17.2,20.1,1008.4,242.47,14.1,IDRSING3
7264,20.0,0.0,0.0,2017-07-26 15:39:00,71.0,268.0,19.1,23.8,1008.4,186.44,14.6,IDRSING3
7265,19.7,0.0,0.0,2017-07-26 15:41:00,72.0,240.0,20.6,21.9,1008.4,305.84,14.5,IDRSING3
7266,19.4,0.0,0.0,2017-07-26 15:47:00,74.0,253.0,16.3,20.1,1008.4,176.9,14.7,IDRSING3
7267,19.2,0.0,0.0,2017-07-26 15:52:00,74.0,247.0,12.2,16.6,1008.4,120.99,14.5,IDRSING3
7268,19.0,0.0,0.0,2017-07-26 15:57:00,75.0,223.0,14.0,14.8,1008.4,110.1,14.5,IDRSING3
7269,18.7,0.0,0.0,2017-07-26 16:03:00,76.0,237.0,16.9,20.1,1008.4,106.68,14.4,IDRSING3
7270,18.6,0.0,0.0,2017-07-26 16:08:00,76.0,238.0,16.3,18.3,1008.4,104.96,14.3,IDRSING3
7271,18.6,0.0,0.0,2017-07-26 16:13:00,77.0,253.0,13.7,18.3,1008.4,91.02,14.5,IDRSING3
7272,18.5,0.0,0.0,2017-07-26 16:19:00,77.0,244.0,18.3,20.1,1008.4,85.39,14.4,IDRSING3
7273,18.5,0.0,0.0,2017-07-26 16:24:00,77.0,236.0,20.6,23.8,1008.4,85.88,14.4,IDRSING3
7274,18.3,0.0,0.0,2017-07-26 16:29:00,77.0,267.0,17.7,21.9,1008.4,85.02,14.2,IDRSING3
7275,18.3,0.0,0.0,2017-07-26 16:35:00,78.0,256.0,13.0,14.8,1008.4,82.33,14.4,IDRSING3
7276,18.3,0.0,0.0,2017-07-26 16:40:00,78.0,234.0,17.7,18.3,1008.4,80.25,14.4,IDRSING3
7277,18.2,0.0,0.0,2017-07-26 16:45:00,78.0,240.0,15.1,16.6,1008.7,77.56,14.3,IDRSING3
7278,18.3,0.0,0.0,2017-07-26 16:51:00,78.0,253.0,13.0,16.6,1008.7,73.65,14.4,IDRSING3
7279,18.3,0.0,0.0,2017-07-26 16:56:00,79.0,265.0,11.6,13.0,1008.7,68.51,14.6,IDRSING3
7280,18.3,0.0,0.0,2017-07-26 17:01:00,79.0,240.0,15.4,18.3,1009.0,65.45,14.6,IDRSING3
7281,18.3,0.0,0.0,2017-07-26 17:07:00,79.0,233.0,11.6,13.0,1008.7,63.24,14.6,IDRSING3
7282,18.3,0.0,0.0,2017-07-26 17:12:00,79.0,233.0,9.7,11.1,1009.0,68.02,14.6,IDRSING3
7283,18.4,0.0,0.0,2017-07-26 17:17:00,79.0,221.0,14.3,16.6,1009.0,85.39,14.7,IDRSING3
7284,18.8,0.0,0.0,2017-07-26 17:23:00,78.0,238.0,8.7,9.3,1009.0,102.27,14.9,IDRSING3
7285,18.7,0.0,0.0,2017-07-26 17:28:00,78.0,209.0,14.8,16.6,1009.0,82.82,14.8,IDRSING3
7286,18.9,0.0,0.0,2017-07-26 17:33:00,77.0,231.0,10.5,14.8,1009.4,90.65,14.8,IDRSING3
7287,18.9,0.0,0.0,2017-07-26 17:39:00,78.0,218.0,15.8,16.6,1009.4,81.48,15.0,IDRSING3
7288,18.4,0.0,0.0,2017-07-26 17:44:00,79.0,231.0,11.9,14.8,1009.4,67.65,14.7,IDRSING3
7289,18.4,0.0,0.0,2017-07-26 17:49:00,79.0,217.0,9.7,11.1,1009.0,56.76,14.7,IDRSING3
7290,18.3,0.0,0.0,2017-07-26 17:54:00,80.0,238.0,9.3,9.3,1009.4,43.31,14.8,IDRSING3
7291,18.2,0.0,0.0,2017-07-26 17:59:00,81.0,253.0,6.1,7.2,1009.4,33.39,14.9,IDRSING3
7292,18.0,0.0,0.0,2017-07-26 18:04:00,81.0,265.0,8.7,11.1,1009.4,27.28,14.7,IDRSING3
7293,17.9,0.0,0.0,2017-07-26 18:09:00,81.0,228.0,10.5,11.1,1009.4,19.08,14.6,IDRSING3
7294,17.8,0.0,0.0,2017-07-26 18:15:00,82.0,219.0,11.1,13.0,1009.7,13.33,14.7,IDRSING3
7295,17.7,0.0,0.0,2017-07-26 18:20:00,83.0,222.0,11.1,13.0,1009.4,7.7,14.8,IDRSING3
7296,17.5,0.0,0.0,2017-07-26 18:25:00,84.0,217.0,8.2,9.3,1009.7,3.43,14.8,IDRSING3
7297,17.4,0.0,0.0,2017-07-26 18:31:00,85.0,222.0,5.5,5.5,1009.7,2.57,14.9,IDRSING3
7298,17.1,0.0,0.0,2017-07-26 18:36:00,87.0,222.0,7.2,9.3,1010.0,0.36,14.9,IDRSING3
7299,16.9,0.0,0.0,2017-07-26 18:41:00,87.0,224.0,6.4,9.3,1009.7,0.0,14.8,IDRSING3
7300,16.8,0.0,0.0,2017-07-26 18:47:00,88.0,221.0,9.0,11.1,1009.7,0.0,14.8,IDRSING3
7301,16.8,0.0,0.0,2017-07-26 18:52:00,88.0,216.0,7.2,9.3,1010.0,0.0,14.8,IDRSING3
7302,16.8,0.0,0.0,2017-07-26 18:57:00,88.0,228.0,10.5,13.0,1009.7,0.0,14.8,IDRSING3
7303,16.8,0.0,0.0,2017-07-26 19:03:00,89.0,214.0,7.2,9.3,1010.4,0.0,15.0,IDRSING3
7304,16.7,0.0,0.0,2017-07-26 19:08:00,90.0,215.0,7.2,9.3,1010.0,0.0,15.0,IDRSING3
7305,16.7,0.0,0.0,2017-07-26 19:13:00,90.0,212.0,11.6,13.0,1010.0,0.0,15.0,IDRSING3
7306,16.6,0.0,0.0,2017-07-26 19:18:00,91.0,218.0,6.9,7.2,1010.0,0.0,15.2,IDRSING3
7307,16.5,0.0,0.0,2017-07-26 19:23:00,92.0,225.0,9.7,13.0,1010.4,0.0,15.2,IDRSING3
7308,16.5,0.0,0.0,2017-07-26 19:28:00,93.0,223.0,10.8,13.0,1010.7,0.0,15.3,IDRSING3
7309,16.5,0.0,0.0,2017-07-26 19:33:00,93.0,222.0,9.7,11.1,1010.0,0.0,15.3,IDRSING3
7310,16.4,0.0,0.0,2017-07-26 19:39:00,94.0,225.0,13.4,14.8,1010.4,0.0,15.3,IDRSING3
7311,16.4,0.0,0.0,2017-07-26 19:44:00,95.0,226.0,10.8,13.0,1010.4,0.0,15.6,IDRSING3
7312,16.3,0.0,0.0,2017-07-26 19:49:00,96.0,235.0,8.2,11.1,1010.4,0.0,15.7,IDRSING3
7313,16.2,0.0,0.0,2017-07-26 19:55:00,98.0,209.0,9.7,13.0,1010.4,0.0,15.9,IDRSING3
7314,16.2,0.0,0.0,2017-07-26 20:00:00,98.0,239.0,9.3,11.1,1010.4,0.0,15.9,IDRSING3
7315,16.2,0.0,0.0,2017-07-26 20:05:00,99.0,226.0,12.6,14.8,1010.4,0.0,16.0,IDRSING3
7316,16.3,0.0,0.0,2017-07-26 20:11:00,99.0,207.0,10.5,13.0,1010.7,0.0,16.1,IDRSING3
7317,16.2,0.0,0.0,2017-07-26 20:16:00,99.0,202.0,8.7,9.3,1010.4,0.0,16.0,IDRSING3
7318,16.2,0.0,0.0,2017-07-26 20:21:00,99.0,226.0,9.7,13.0,1010.4,0.0,16.0,IDRSING3
7319,16.2,0.0,0.0,2017-07-26 20:26:00,99.0,213.0,9.7,11.1,1010.4,0.0,16.0,IDRSING3
7320,16.2,0.0,0.0,2017-07-26 20:31:00,99.0,233.0,8.7,9.3,1010.4,0.0,16.0,IDRSING3
7321,16.2,0.0,0.0,2017-07-26 20:36:00,99.0,220.0,12.2,13.0,1010.4,0.0,16.0,IDRSING3
7322,16.2,0.0,0.0,2017-07-26 20:41:00,99.0,237.0,10.8,13.0,1010.4,0.0,16.0,IDRSING3
7323,16.1,0.0,0.0,2017-07-26 20:47:00,99.0,250.0,8.7,9.3,1010.4,0.0,15.9,IDRSING3
7324,16.0,0.0,0.0,2017-07-26 20:52:00,99.0,235.0,9.3,11.1,1010.4,0.0,15.8,IDRSING3
7325,15.9,0.0,0.0,2017-07-26 20:57:00,99.0,245.0,10.5,13.0,1010.4,0.0,15.7,IDRSING3
7326,15.8,0.0,0.0,2017-07-26 21:03:00,99.0,234.0,12.6,14.8,1010.4,0.0,15.6,IDRSING3
7327,15.6,0.0,0.0,2017-07-26 21:08:00,99.0,243.0,10.5,13.0,1010.4,0.0,15.4,IDRSING3
7328,15.5,0.0,0.0,2017-07-26 21:13:00,99.0,246.0,9.7,13.0,1010.4,0.0,15.3,IDRSING3
7329,15.4,0.0,0.0,2017-07-26 21:19:00,99.0,237.0,9.3,11.1,1010.4,0.0,15.2,IDRSING3
7330,15.3,0.0,0.0,2017-07-26 21:24:00,99.0,245.0,7.9,9.3,1010.0,0.0,15.1,IDRSING3
7331,15.2,0.0,0.0,2017-07-26 21:29:00,99.0,231.0,11.1,13.0,1010.4,0.0,15.0,IDRSING3
7332,15.3,0.0,0.0,2017-07-26 21:35:00,99.0,244.0,9.7,13.0,1010.0,0.0,15.1,IDRSING3
7333,15.4,0.0,0.0,2017-07-26 21:40:00,99.0,244.0,13.4,14.8,1010.4,0.0,15.2,IDRSING3
7334,15.5,0.0,0.0,2017-07-26 21:45:00,99.0,263.0,9.3,11.1,1010.4,0.0,15.3,IDRSING3
7335,15.6,0.0,0.0,2017-07-26 21:51:00,99.0,235.0,13.0,14.8,1010.0,0.0,15.4,IDRSING3
7336,15.8,0.0,0.0,2017-07-26 21:56:00,99.0,221.0,11.9,13.0,1010.4,0.0,15.6,IDRSING3
7337,16.0,0.0,0.0,2017-07-26 22:01:00,99.0,239.0,9.3,13.0,1010.4,0.0,15.8,IDRSING3
7338,16.1,0.0,0.0,2017-07-26 22:07:00,99.0,242.0,11.6,13.0,1010.7,0.0,15.9,IDRSING3
7339,16.1,0.0,0.0,2017-07-26 22:12:00,99.0,241.0,7.6,9.3,1010.4,0.0,15.9,IDRSING3
7340,16.1,0.0,0.0,2017-07-26 22:17:00,99.0,247.0,7.6,9.3,1010.7,0.0,15.9,IDRSING3
7341,16.1,0.0,0.0,2017-07-26 22:23:00,99.0,246.0,8.7,11.1,1010.4,0.0,15.9,IDRSING3
7342,16.2,0.0,0.0,2017-07-26 22:28:00,99.0,241.0,5.5,5.5,1010.7,0.0,16.0,IDRSING3
7343,16.3,0.0,0.0,2017-07-26 22:33:00,99.0,265.0,7.2,9.3,1010.7,0.0,16.1,IDRSING3
7344,16.4,0.0,0.0,2017-07-26 22:39:00,99.0,275.0,8.7,11.1,1010.7,0.0,16.2,IDRSING3
7345,16.4,0.0,0.0,2017-07-26 22:44:00,99.0,242.0,8.7,11.1,1011.1,0.0,16.2,IDRSING3
7346,16.5,0.0,0.0,2017-07-26 22:49:00,99.0,251.0,8.2,11.1,1011.1,0.0,16.3,IDRSING3
7347,16.6,0.0,0.0,2017-07-26 22:55:00,99.0,256.0,11.1,13.0,1011.1,0.0,16.4,IDRSING3
7348,16.8,0.0,0.0,2017-07-26 23:00:00,99.0,270.0,9.3,13.0,1011.1,0.0,16.6,IDRSING3
7349,16.8,0.0,0.0,2017-07-26 23:05:00,99.0,257.0,6.9,9.3,1011.1,0.0,16.6,IDRSING3
7350,16.8,0.0,0.0,2017-07-26 23:11:00,99.0,287.0,13.4,16.6,1011.1,0.0,16.6,IDRSING3
7351,16.9,0.0,0.0,2017-07-26 23:16:00,99.0,269.0,15.4,18.3,1011.1,0.0,16.7,IDRSING3
7352,16.9,0.0,0.0,2017-07-26 23:21:00,99.0,270.0,12.2,14.8,1011.1,0.0,16.7,IDRSING3
7353,16.8,0.0,0.0,2017-07-26 23:27:00,99.0,267.0,9.3,11.1,1011.1,0.0,16.6,IDRSING3
7354,16.8,0.0,0.0,2017-07-26 23:32:00,99.0,266.0,9.3,14.8,1011.1,0.0,16.6,IDRSING3
7355,16.8,0.0,0.0,2017-07-26 23:37:00,99.0,287.0,11.9,14.8,1011.4,0.0,16.6,IDRSING3
7356,16.7,0.0,0.0,2017-07-26 23:43:00,99.0,290.0,14.0,18.3,1011.1,0.0,16.5,IDRSING3
7357,16.6,0.0,0.0,2017-07-26 23:48:00,99.0,266.0,16.3,18.3,1011.4,0.0,16.4,IDRSING3
7358,16.3,0.0,0.0,2017-07-26 23:53:00,99.0,284.0,11.9,14.8,1011.7,0.0,16.1,IDRSING3
7359,16.1,0.0,0.0,2017-07-26 23:59:00,99.0,276.0,12.2,14.8,1011.7,0.0,15.9,IDRSING3
7360,15.7,0.0,0.0,2017-07-27 00:04:00,10.0,258.0,12.2,14.8,1011.4,0.0,-15.8,IDRSING3
7361,15.5,0.0,0.0,2017-07-27 00:09:00,10.0,269.0,16.6,20.1,1011.4,0.0,-16.0,IDRSING3
7362,15.6,0.0,0.0,2017-07-27 00:15:00,99.0,286.0,13.4,16.6,1011.7,0.0,15.4,IDRSING3
7363,15.5,0.0,0.0,2017-07-27 00:19:00,10.0,273.0,13.7,14.8,1011.7,0.0,-16.0,IDRSING3
7364,15.4,0.0,0.0,2017-07-27 00:24:00,10.0,257.0,14.3,18.3,1011.7,0.0,-16.1,IDRSING3
7365,15.1,0.0,0.0,2017-07-27 00:29:00,10.0,261.0,12.6,16.6,1011.7,0.0,-16.3,IDRSING3
7366,14.9,0.0,0.0,2017-07-27 00:34:00,10.0,267.0,16.3,21.9,1011.4,0.0,-16.5,IDRSING3
7367,14.8,1.8,0.3,2017-07-27 00:39:00,12.0,284.0,12.2,16.6,1011.7,0.0,-14.3,IDRSING3
7368,14.6,3.0,0.5,2017-07-27 00:44:00,14.0,261.0,9.7,13.0,1011.7,0.0,-12.6,IDRSING3
7369,14.5,1.3,0.5,2017-07-27 00:49:00,14.0,260.0,11.6,13.0,1011.4,0.0,-12.7,IDRSING3
7370,14.6,0.0,0.5,2017-07-27 00:55:00,15.0,227.0,7.9,9.3,1011.7,0.0,-11.7,IDRSING3
7371,14.6,0.0,0.5,2017-07-27 01:00:00,15.0,252.0,11.9,14.8,1011.7,0.0,-11.7,IDRSING3
7372,14.6,0.0,0.5,2017-07-27 01:05:00,14.0,257.0,9.7,13.0,1011.7,0.0,-12.6,IDRSING3
7373,14.5,0.0,0.5,2017-07-27 01:10:00,14.0,250.0,9.3,11.1,1011.4,0.0,-12.7,IDRSING3
7374,14.4,1.8,0.8,2017-07-27 01:15:00,14.0,241.0,9.3,11.1,1011.7,0.0,-12.8,IDRSING3
7375,14.3,1.8,0.8,2017-07-27 01:20:00,14.0,251.0,10.1,11.1,1011.4,0.0,-12.8,IDRSING3
7376,14.3,0.0,0.8,2017-07-27 01:25:00,14.0,229.0,4.3,5.5,1011.7,0.0,-12.8,IDRSING3
7377,14.2,0.0,0.8,2017-07-27 01:31:00,14.0,222.0,8.7,11.1,1011.4,0.0,-12.9,IDRSING3
7378,14.2,0.0,0.8,2017-07-27 01:36:00,14.0,238.0,8.7,11.1,1011.4,0.0,-12.9,IDRSING3
7379,14.2,1.8,1.0,2017-07-27 01:41:00,14.0,230.0,6.4,9.3,1011.7,0.0,-12.9,IDRSING3
7380,14.2,0.0,1.0,2017-07-27 01:47:00,14.0,247.0,7.9,9.3,1011.7,0.0,-12.9,IDRSING3
7381,14.2,1.3,1.3,2017-07-27 01:52:00,14.0,250.0,7.2,9.3,1011.7,0.0,-12.9,IDRSING3
7382,14.1,1.3,1.3,2017-07-27 01:57:00,14.0,259.0,8.2,9.3,1011.7,0.0,-13.0,IDRSING3
7383,14.0,0.0,1.3,2017-07-27 02:03:00,14.0,244.0,9.0,11.1,1011.7,0.0,-13.1,IDRSING3
7384,14.0,0.0,1.3,2017-07-27 02:08:00,14.0,246.0,9.3,13.0,1011.7,0.0,-13.1,IDRSING3
7385,13.9,1.8,1.5,2017-07-27 02:13:00,14.0,263.0,9.3,11.1,1011.7,0.0,-13.2,IDRSING3
7386,13.9,1.8,1.5,2017-07-27 02:18:00,14.0,246.0,8.7,9.3,1011.7,0.0,-13.2,IDRSING3
7387,14.0,0.0,1.5,2017-07-27 02:23:00,14.0,262.0,5.0,5.5,1011.7,0.0,-13.1,IDRSING3
7388,14.1,0.0,1.5,2017-07-27 02:28:00,13.0,257.0,7.6,9.3,1011.7,0.0,-13.9,IDRSING3
7389,14.2,0.0,1.5,2017-07-27 02:33:00,11.0,229.0,11.9,16.6,1012.1,0.0,-15.9,IDRSING3
7390,14.3,0.0,1.5,2017-07-27 02:39:00,11.0,261.0,9.7,11.1,1012.1,0.0,-15.8,IDRSING3
7391,14.3,0.0,1.5,2017-07-27 02:44:00,11.0,251.0,10.1,13.0,1012.1,0.0,-15.8,IDRSING3
7392,14.3,0.0,1.5,2017-07-27 02:49:00,10.0,256.0,9.7,13.0,1011.7,0.0,-16.9,IDRSING3
7393,14.3,0.0,1.5,2017-07-27 02:54:00,11.0,269.0,11.9,16.6,1012.1,0.0,-15.8,IDRSING3
7394,14.2,0.0,1.5,2017-07-27 02:59:00,12.0,271.0,13.7,16.6,1012.1,0.0,-14.8,IDRSING3
7395,14.0,0.0,1.5,2017-07-27 03:04:00,14.0,250.0,4.7,5.5,1012.1,0.0,-13.1,IDRSING3
7396,13.9,1.3,1.8,2017-07-27 03:09:00,14.0,265.0,12.2,13.0,1012.1,0.0,-13.2,IDRSING3
7397,14.0,3.0,2.0,2017-07-27 03:14:00,14.0,252.0,10.1,13.0,1012.1,0.0,-13.1,IDRSING3
7398,14.0,1.8,2.0,2017-07-27 03:20:00,14.0,246.0,11.1,13.0,1012.1,0.0,-13.1,IDRSING3
7399,14.0,1.3,2.3,2017-07-27 03:25:00,14.0,245.0,6.1,7.2,1012.1,0.0,-13.1,IDRSING3
7400,14.0,1.3,2.3,2017-07-27 03:30:00,13.0,252.0,10.1,11.1,1012.1,1.71,-14.0,IDRSING3
7401,14.0,0.0,2.3,2017-07-27 03:35:00,14.0,269.0,12.6,14.8,1012.1,2.94,-13.1,IDRSING3
7402,14.0,1.8,2.5,2017-07-27 03:40:00,14.0,276.0,8.2,11.1,1012.1,3.43,-13.1,IDRSING3
7403,14.0,1.8,2.5,2017-07-27 03:45:00,14.0,253.0,7.2,9.3,1012.1,5.14,-13.1,IDRSING3
7404,14.0,1.3,2.8,2017-07-27 03:51:00,14.0,263.0,8.2,11.1,1012.1,8.19,-13.1,IDRSING3
7405,14.1,1.3,2.8,2017-07-27 03:56:00,13.0,266.0,6.4,9.3,1012.1,15.53,-13.9,IDRSING3
7406,14.1,1.3,2.8,2017-07-27 04:01:00,14.0,263.0,7.2,9.3,1012.1,19.08,-13.0,IDRSING3
7407,14.1,0.0,2.8,2017-07-27 04:07:00,14.0,267.0,9.0,11.1,1012.1,25.07,-13.0,IDRSING3
7408,14.2,0.0,2.8,2017-07-27 04:12:00,14.0,255.0,9.7,13.0,1012.1,32.42,-12.9,IDRSING3
7409,14.3,0.0,2.8,2017-07-27 04:17:00,14.0,261.0,7.2,9.3,1012.1,38.53,-12.8,IDRSING3
7410,14.3,0.0,2.8,2017-07-27 04:22:00,14.0,281.0,7.6,9.3,1012.4,34.62,-12.8,IDRSING3
7411,14.4,0.0,2.8,2017-07-27 04:27:00,12.0,264.0,12.6,14.8,1012.4,27.65,-14.6,IDRSING3
7412,14.5,0.0,2.8,2017-07-27 04:32:00,12.0,260.0,11.9,14.8,1012.4,26.42,-14.6,IDRSING3
7413,14.6,0.0,2.8,2017-07-27 04:37:00,12.0,275.0,11.1,13.0,1012.4,38.17,-14.5,IDRSING3
7414,14.6,0.0,2.8,2017-07-27 04:42:00,12.0,290.0,9.7,11.1,1012.8,38.17,-14.5,IDRSING3
7415,14.6,0.0,2.8,2017-07-27 04:47:00,13.0,252.0,9.7,13.0,1012.8,32.42,-13.5,IDRSING3
7416,14.5,0.0,2.8,2017-07-27 04:52:00,13.0,277.0,9.7,11.1,1012.4,10.77,-13.6,IDRSING3
7417,14.4,1.8,3.0,2017-07-27 04:57:00,14.0,267.0,11.6,14.8,1012.8,18.11,-12.8,IDRSING3
7418,14.3,1.8,3.0,2017-07-27 05:02:00,14.0,263.0,8.2,11.1,1012.8,20.31,-12.8,IDRSING3
7419,14.2,3.0,3.3,2017-07-27 05:07:00,14.0,259.0,6.9,7.2,1012.8,29.85,-12.9,IDRSING3
7420,14.2,1.3,3.3,2017-07-27 05:12:00,14.0,281.0,8.2,9.3,1012.8,33.76,-12.9,IDRSING3
7421,14.3,0.0,3.3,2017-07-27 05:17:00,14.0,259.0,6.4,9.3,1012.8,37.19,-12.8,IDRSING3
7422,14.4,0.0,3.3,2017-07-27 05:23:00,14.0,257.0,5.5,7.2,1012.8,36.33,-12.8,IDRSING3
7423,14.5,0.0,3.3,2017-07-27 05:28:00,14.0,257.0,8.2,9.3,1012.8,45.51,-12.7,IDRSING3
7424,14.7,0.0,3.3,2017-07-27 05:33:00,13.0,254.0,8.7,13.0,1012.8,60.68,-13.4,IDRSING3
7425,14.8,0.0,3.3,2017-07-27 05:39:00,13.0,248.0,9.3,11.1,1012.8,55.05,-13.4,IDRSING3
7426,14.9,0.0,3.3,2017-07-27 05:44:00,12.0,263.0,7.2,9.3,1012.8,48.56,-14.3,IDRSING3
7427,15.0,0.0,3.3,2017-07-27 05:49:00,12.0,263.0,9.7,11.1,1012.8,59.33,-14.2,IDRSING3
7428,15.1,0.0,3.3,2017-07-27 05:55:00,11.0,270.0,8.7,11.1,1013.1,67.65,-15.2,IDRSING3
7429,15.2,0.0,3.3,2017-07-27 06:00:00,11.0,272.0,8.7,9.3,1012.8,62.88,-15.1,IDRSING3
7430,15.3,0.0,3.3,2017-07-27 06:05:00,11.0,265.0,10.8,13.0,1012.8,50.28,-15.0,IDRSING3
7431,15.4,0.0,3.3,2017-07-27 06:10:00,11.0,272.0,8.2,11.1,1013.1,47.22,-14.9,IDRSING3
7432,15.4,0.0,3.3,2017-07-27 06:15:00,10.0,261.0,7.9,9.3,1012.8,37.68,-16.1,IDRSING3
7433,15.5,0.0,3.3,2017-07-27 06:20:00,10.0,270.0,6.4,7.2,1013.1,45.87,-16.0,IDRSING3
7434,15.5,0.0,3.3,2017-07-27 06:25:00,10.0,266.0,7.9,11.1,1013.4,62.88,-16.0,IDRSING3
7435,15.6,0.0,3.3,2017-07-27 06:31:00,10.0,310.0,9.3,11.1,1013.4,69.36,-15.9,IDRSING3
7436,15.7,0.0,3.3,2017-07-27 06:36:00,10.0,304.0,15.1,16.6,1013.4,77.19,-15.8,IDRSING3
7437,15.6,0.0,3.3,2017-07-27 06:41:00,10.0,288.0,9.3,13.0,1013.1,76.7,-15.9,IDRSING3
7438,15.6,0.0,3.3,2017-07-27 06:47:00,10.0,288.0,8.7,9.3,1013.1,59.33,-15.9,IDRSING3
7439,15.7,0.0,3.3,2017-07-27 06:52:00,11.0,273.0,10.1,11.1,1013.4,74.14,-14.7,IDRSING3
7440,15.7,0.0,3.3,2017-07-27 06:57:00,11.0,292.0,9.3,11.1,1013.4,74.5,-14.7,IDRSING3
7441,15.5,1.8,3.6,2017-07-27 07:03:00,12.0,315.0,6.4,7.2,1013.8,100.56,-13.8,IDRSING3
7442,15.4,3.6,3.8,2017-07-27 07:08:00,13.0,256.0,10.5,14.8,1013.4,138.36,-12.9,IDRSING3
7443,15.3,1.8,3.8,2017-07-27 07:13:00,14.0,287.0,7.2,9.3,1013.4,166.5,-12.0,IDRSING3
7444,15.4,0.0,3.8,2017-07-27 07:18:00,14.0,273.0,9.7,11.1,1013.8,112.67,-12.0,IDRSING3
7445,15.3,0.0,3.8,2017-07-27 07:23:00,14.0,253.0,6.4,9.3,1013.4,92.73,-12.0,IDRSING3
7446,15.2,0.0,3.8,2017-07-27 07:28:00,13.0,258.0,9.0,11.1,1013.4,107.53,-13.0,IDRSING3
7447,15.6,0.0,3.8,2017-07-27 07:33:00,13.0,249.0,7.9,9.3,1013.4,78.41,-12.7,IDRSING3
7448,15.7,0.0,3.8,2017-07-27 07:39:00,13.0,263.0,8.7,11.1,1013.8,68.02,-12.6,IDRSING3
7449,15.7,0.0,3.8,2017-07-27 07:44:00,12.0,257.0,8.7,11.1,1013.4,104.96,-13.6,IDRSING3
7450,15.9,0.0,3.8,2017-07-27 07:49:00,12.0,243.0,12.2,16.6,1013.4,117.93,-13.5,IDRSING3
7451,16.0,0.0,3.8,2017-07-27 07:55:00,11.0,263.0,6.9,9.3,1013.4,95.42,-14.5,IDRSING3
7452,16.1,0.0,3.8,2017-07-27 08:00:00,10.0,282.0,11.1,13.0,1013.4,83.19,-15.5,IDRSING3
7453,16.2,0.0,3.8,2017-07-27 08:05:00,10.0,264.0,12.2,14.8,1013.8,82.33,-15.5,IDRSING3
7454,16.2,0.0,3.8,2017-07-27 08:11:00,10.0,267.0,10.5,14.8,1013.4,110.96,-15.5,IDRSING3
7455,16.3,0.0,3.8,2017-07-27 08:16:00,10.0,289.0,13.7,14.8,1013.8,99.7,-15.4,IDRSING3
7456,16.3,0.0,3.8,2017-07-27 08:21:00,10.0,267.0,9.3,11.1,1013.8,72.79,-15.4,IDRSING3
7457,16.3,0.0,3.8,2017-07-27 08:27:00,10.0,272.0,9.7,11.1,1013.8,85.02,-15.4,IDRSING3
7458,16.4,0.0,3.8,2017-07-27 08:32:00,10.0,261.0,8.2,9.3,1013.8,102.27,-15.3,IDRSING3
7459,16.5,0.0,3.8,2017-07-27 08:37:00,10.0,278.0,11.1,13.0,1013.8,109.73,-15.2,IDRSING3
7460,16.5,0.0,3.8,2017-07-27 08:42:00,10.0,269.0,10.5,14.8,1013.8,118.42,-15.2,IDRSING3
7461,16.6,0.0,3.8,2017-07-27 08:47:00,10.0,277.0,13.7,16.6,1013.8,85.02,-15.1,IDRSING3
7462,16.6,0.0,3.8,2017-07-27 08:52:00,10.0,313.0,12.2,16.6,1013.4,97.5,-15.1,IDRSING3
7463,16.7,0.0,3.8,2017-07-27 08:57:00,10.0,285.0,11.1,13.0,1013.8,104.1,-15.1,IDRSING3
7464,16.8,0.0,3.8,2017-07-27 09:03:00,99.0,326.0,15.8,18.3,1013.8,117.07,16.6,IDRSING3
7465,16.9,0.0,3.8,2017-07-27 09:08:00,99.0,296.0,16.9,21.9,1013.8,118.42,16.7,IDRSING3
7466,16.9,0.0,3.8,2017-07-27 09:13:00,99.0,321.0,11.9,16.6,1013.8,127.1,16.7,IDRSING3
7467,17.0,0.0,3.8,2017-07-27 09:19:00,10.0,281.0,12.6,16.6,1013.8,204.66,-14.8,IDRSING3
7468,17.1,0.0,3.8,2017-07-27 09:24:00,99.0,306.0,16.3,18.3,1013.8,176.04,16.9,IDRSING3
7469,17.2,0.0,3.8,2017-07-27 09:29:00,99.0,288.0,12.2,16.6,1013.8,230.24,17.0,IDRSING3
7470,17.4,0.0,3.8,2017-07-27 09:35:00,99.0,273.0,13.7,16.6,1013.8,174.81,17.2,IDRSING3
7471,17.4,0.0,3.8,2017-07-27 09:40:00,99.0,287.0,10.5,13.0,1014.1,174.81,17.2,IDRSING3
7472,17.5,0.0,3.8,2017-07-27 09:45:00,99.0,289.0,11.9,14.8,1014.1,120.99,17.3,IDRSING3
7473,17.3,0.0,3.8,2017-07-27 09:51:00,99.0,312.0,9.7,13.0,1013.8,129.19,17.1,IDRSING3
7474,17.4,0.0,3.8,2017-07-27 09:56:00,99.0,288.0,9.7,11.1,1013.8,133.1,17.2,IDRSING3
7475,17.5,0.0,3.8,2017-07-27 10:01:00,99.0,271.0,8.7,11.1,1014.1,180.81,17.3,IDRSING3
7476,17.6,0.0,3.8,2017-07-27 10:07:00,99.0,297.0,9.3,14.8,1014.1,199.04,17.4,IDRSING3
7477,17.9,0.0,3.8,2017-07-27 10:12:00,99.0,285.0,8.7,9.3,1014.1,187.78,17.7,IDRSING3
7478,17.9,0.0,3.8,2017-07-27 10:17:00,99.0,278.0,9.3,13.0,1014.1,160.02,17.7,IDRSING3
7479,17.9,0.0,3.8,2017-07-27 10:23:00,99.0,323.0,6.1,7.2,1014.1,172.61,17.7,IDRSING3
7480,18.1,0.0,3.8,2017-07-27 10:28:00,99.0,334.0,9.7,11.1,1013.8,188.27,17.9,IDRSING3
7481,18.2,0.0,3.8,2017-07-27 10:33:00,99.0,320.0,8.7,9.3,1013.8,225.46,18.0,IDRSING3
7482,18.3,0.0,3.8,2017-07-27 10:39:00,99.0,317.0,7.9,9.3,1014.1,173.84,18.1,IDRSING3
7483,18.4,0.0,3.8,2017-07-27 10:44:00,99.0,308.0,12.2,14.8,1013.8,220.32,18.2,IDRSING3
7484,18.4,0.0,3.8,2017-07-27 10:49:00,99.0,317.0,11.6,14.8,1014.1,130.04,18.2,IDRSING3
7485,18.3,0.0,3.8,2017-07-27 10:54:00,99.0,280.0,9.0,9.3,1013.8,139.58,18.1,IDRSING3
7486,18.3,0.0,3.8,2017-07-27 10:59:00,99.0,292.0,9.7,11.1,1014.1,131.39,18.1,IDRSING3
7487,18.2,0.0,3.8,2017-07-27 11:04:00,99.0,308.0,15.8,18.3,1014.1,98.36,18.0,IDRSING3
7488,18.1,0.0,3.8,2017-07-27 11:09:00,99.0,310.0,14.3,16.6,1014.1,91.51,17.9,IDRSING3
7489,18.1,0.0,3.8,2017-07-27 11:15:00,99.0,296.0,9.7,13.0,1014.4,116.22,17.9,IDRSING3
7490,18.1,0.0,3.8,2017-07-27 11:20:00,99.0,304.0,11.1,14.8,1014.1,194.76,17.9,IDRSING3
7491,18.3,0.0,3.8,2017-07-27 11:25:00,99.0,304.0,12.2,16.6,1014.1,235.98,18.1,IDRSING3
7492,18.4,0.0,3.8,2017-07-27 11:30:00,99.0,320.0,11.9,13.0,1014.4,213.35,18.2,IDRSING3
7493,18.5,0.0,3.8,2017-07-27 11:35:00,99.0,285.0,9.7,13.0,1014.4,281.49,18.3,IDRSING3
7494,18.6,0.0,3.8,2017-07-27 11:40:00,99.0,300.0,13.4,16.6,1014.4,252.01,18.4,IDRSING3
7495,18.7,0.0,3.8,2017-07-27 11:45:00,94.0,351.0,14.3,18.3,1014.4,236.84,17.6,IDRSING3
7496,18.8,0.0,3.8,2017-07-27 11:50:00,95.0,299.0,9.0,11.1,1014.1,252.38,18.0,IDRSING3
7497,18.9,0.0,3.8,2017-07-27 11:55:00,96.0,284.0,9.7,11.1,1014.1,261.55,18.3,IDRSING3
7498,19.0,0.0,3.8,2017-07-27 12:00:00,99.0,295.0,10.5,13.0,1014.1,291.4,18.8,IDRSING3
7499,19.2,0.0,3.8,2017-07-27 12:05:00,95.0,272.0,13.0,18.3,1014.4,306.2,18.3,IDRSING3
7500,19.2,0.0,3.8,2017-07-27 12:11:00,96.0,286.0,10.1,11.1,1014.1,369.57,18.6,IDRSING3
7501,19.4,0.0,3.8,2017-07-27 12:16:00,92.0,284.0,10.5,13.0,1014.1,374.71,18.1,IDRSING3
7502,19.6,0.0,3.8,2017-07-27 12:21:00,91.0,322.0,12.6,14.8,1014.1,374.71,18.1,IDRSING3
7503,19.5,0.0,3.8,2017-07-27 12:26:00,94.0,301.0,8.2,11.1,1014.1,429.89,18.4,IDRSING3
7504,20.0,0.0,3.8,2017-07-27 12:31:00,93.0,304.0,16.3,18.3,1013.8,355.26,18.8,IDRSING3
7505,19.7,0.0,3.8,2017-07-27 12:36:00,87.0,328.0,14.8,16.6,1014.1,503.16,17.5,IDRSING3
7506,20.1,0.0,3.8,2017-07-27 12:42:00,88.0,284.0,13.0,14.8,1014.1,467.2,18.0,IDRSING3
7507,20.0,0.0,3.8,2017-07-27 12:47:00,88.0,299.0,11.1,13.0,1013.8,427.2,17.9,IDRSING3
7508,20.6,0.0,3.8,2017-07-27 12:52:00,86.0,287.0,10.8,13.0,1013.8,524.45,18.2,IDRSING3
7509,20.2,0.0,3.8,2017-07-27 12:57:00,89.0,308.0,8.7,9.3,1013.8,437.72,18.3,IDRSING3
7510,20.3,0.0,3.8,2017-07-27 13:03:00,87.0,266.0,13.4,14.8,1013.8,378.63,18.1,IDRSING3
7511,20.4,0.0,3.8,2017-07-27 13:08:00,86.0,271.0,11.1,13.0,1013.8,433.31,18.0,IDRSING3
7512,20.7,0.0,3.8,2017-07-27 13:14:00,83.0,295.0,14.0,16.6,1013.8,467.57,17.7,IDRSING3
7513,20.5,0.0,3.8,2017-07-27 13:19:00,84.0,314.0,9.0,11.1,1014.1,447.26,17.7,IDRSING3
7514,20.6,0.0,3.8,2017-07-27 13:24:00,83.0,254.0,9.3,11.1,1013.8,371.78,17.6,IDRSING3
7515,20.5,0.0,3.8,2017-07-27 13:30:00,84.0,323.0,15.4,16.6,1014.1,442.0,17.7,IDRSING3
7516,20.5,0.0,3.8,2017-07-27 13:35:00,81.0,321.0,11.1,13.0,1013.8,294.95,17.1,IDRSING3
7517,20.5,0.0,3.8,2017-07-27 13:40:00,84.0,283.0,10.1,13.0,1014.1,246.39,17.7,IDRSING3
7518,20.1,0.0,3.8,2017-07-27 13:46:00,86.0,306.0,15.1,16.6,1014.1,250.66,17.7,IDRSING3
7519,20.0,0.0,3.8,2017-07-27 13:51:00,88.0,313.0,11.1,16.6,1014.1,231.58,17.9,IDRSING3
7520,20.2,0.0,3.8,2017-07-27 13:56:00,85.0,296.0,10.5,11.1,1013.8,244.67,17.6,IDRSING3
7521,20.2,0.0,3.8,2017-07-27 14:02:00,84.0,341.0,7.2,7.2,1014.1,320.52,17.4,IDRSING3
7522,20.6,0.0,3.8,2017-07-27 14:07:00,81.0,325.0,9.0,11.1,1014.1,275.86,17.2,IDRSING3
7523,20.5,0.0,3.8,2017-07-27 14:12:00,78.0,349.0,11.9,13.0,1014.1,239.78,16.6,IDRSING3
7524,20.5,0.0,3.8,2017-07-27 14:18:00,79.0,319.0,10.5,14.8,1013.8,217.76,16.8,IDRSING3
7525,20.4,0.0,3.8,2017-07-27 14:23:00,80.0,341.0,8.7,9.3,1014.1,180.81,16.8,IDRSING3
7526,20.3,0.0,3.8,2017-07-27 14:28:00,80.0,285.0,5.8,7.2,1014.1,163.93,16.7,IDRSING3
7527,20.3,0.0,3.8,2017-07-27 14:34:00,81.0,302.0,4.0,5.5,1014.1,194.76,16.9,IDRSING3
7528,20.5,0.0,3.8,2017-07-27 14:39:00,80.0,297.0,6.9,9.3,1013.8,166.13,16.9,IDRSING3
7529,20.3,0.0,3.8,2017-07-27 14:44:00,80.0,353.0,7.6,9.3,1013.8,170.9,16.7,IDRSING3
7530,20.4,0.0,3.8,2017-07-27 14:50:00,79.0,319.0,4.7,5.5,1014.1,221.67,16.7,IDRSING3
7531,20.6,0.0,3.8,2017-07-27 14:55:00,80.0,319.0,6.9,7.2,1013.8,219.83,17.0,IDRSING3
7532,20.8,0.0,3.8,2017-07-27 15:00:00,80.0,310.0,0.0,0.0,1013.8,225.46,17.2,IDRSING3
7533,21.1,0.0,3.8,2017-07-27 15:06:00,79.0,332.0,0.6,1.8,1013.8,176.9,17.3,IDRSING3
7534,20.9,0.0,3.8,2017-07-27 15:11:00,78.0,348.0,5.8,7.2,1013.8,186.07,16.9,IDRSING3
7535,20.6,0.0,3.8,2017-07-27 15:16:00,77.0,337.0,4.3,5.5,1014.1,206.87,16.4,IDRSING3
7536,20.6,0.0,3.8,2017-07-27 15:22:00,77.0,348.0,4.7,5.5,1014.1,197.81,16.4,IDRSING3
7537,20.6,0.0,3.8,2017-07-27 15:27:00,80.0,281.0,6.1,7.2,1014.1,163.44,17.0,IDRSING3
7538,20.5,0.0,3.8,2017-07-27 15:32:00,79.0,315.0,6.4,7.2,1013.8,147.41,16.8,IDRSING3
7539,20.5,0.0,3.8,2017-07-27 15:38:00,78.0,319.0,4.0,5.5,1014.1,130.04,16.6,IDRSING3
7540,20.5,0.0,3.8,2017-07-27 15:43:00,79.0,260.0,3.5,3.5,1014.1,125.76,16.8,IDRSING3
7541,20.6,0.0,3.8,2017-07-27 15:48:00,77.0,343.0,4.0,5.5,1014.1,132.73,16.4,IDRSING3
7542,20.7,0.0,3.8,2017-07-27 15:53:00,77.0,274.0,5.5,7.2,1014.1,197.32,16.5,IDRSING3
7543,21.2,0.0,3.8,2017-07-27 15:58:00,75.0,332.0,3.5,5.5,1014.4,214.21,16.6,IDRSING3
7544,21.6,0.0,3.8,2017-07-27 16:03:00,74.0,344.0,1.8,1.8,1014.1,214.7,16.8,IDRSING3
7545,21.6,0.0,3.8,2017-07-27 16:08:00,74.0,270.0,2.1,3.5,1014.1,275.37,16.8,IDRSING3
7546,22.0,0.0,3.8,2017-07-27 16:14:00,73.0,285.0,0.3,1.8,1013.8,181.3,17.0,IDRSING3
7547,21.9,0.0,3.8,2017-07-27 16:19:00,72.0,337.0,0.0,0.0,1013.8,155.24,16.6,IDRSING3
7548,21.6,0.0,3.8,2017-07-27 16:24:00,77.0,337.0,0.0,0.0,1013.8,157.44,17.4,IDRSING3
7549,21.4,0.0,3.8,2017-07-27 16:30:00,75.0,336.0,1.1,1.8,1013.8,130.53,16.8,IDRSING3
7550,21.1,0.0,3.8,2017-07-27 16:35:00,78.0,261.0,3.2,3.5,1013.8,106.68,17.1,IDRSING3
7551,20.8,0.0,3.8,2017-07-27 16:40:00,80.0,274.0,5.5,5.5,1013.8,91.51,17.2,IDRSING3
7552,20.7,0.0,3.8,2017-07-27 16:46:00,78.0,251.0,4.0,5.5,1014.1,75.48,16.7,IDRSING3
7553,20.6,0.0,3.8,2017-07-27 16:51:00,77.0,260.0,6.1,7.2,1014.1,62.39,16.4,IDRSING3
7554,20.6,0.0,3.8,2017-07-27 16:56:00,79.0,280.0,3.5,3.5,1013.8,42.94,16.9,IDRSING3
7555,20.5,0.0,3.8,2017-07-27 17:01:00,78.0,296.0,5.5,7.2,1014.1,37.68,16.6,IDRSING3
7556,20.4,0.0,3.8,2017-07-27 17:06:00,79.0,280.0,5.5,5.5,1014.1,31.19,16.7,IDRSING3
7557,20.3,0.0,3.8,2017-07-27 17:11:00,79.0,255.0,2.9,3.5,1014.1,34.25,16.6,IDRSING3
7558,20.3,0.0,3.8,2017-07-27 17:16:00,80.0,265.0,3.5,3.5,1014.1,42.94,16.7,IDRSING3
7559,20.3,0.0,3.8,2017-07-27 17:22:00,80.0,281.0,4.0,5.5,1014.1,57.62,16.7,IDRSING3
7560,20.4,0.0,3.8,2017-07-27 17:27:00,80.0,280.0,0.0,0.0,1013.8,55.41,16.8,IDRSING3
7561,20.4,0.0,3.8,2017-07-27 17:32:00,80.0,280.0,2.6,3.5,1013.8,50.65,16.8,IDRSING3
7562,20.3,0.0,3.8,2017-07-27 17:38:00,82.0,280.0,2.9,3.5,1013.8,39.88,17.1,IDRSING3
7563,20.2,0.0,3.8,2017-07-27 17:43:00,85.0,282.0,3.5,3.5,1014.1,28.99,17.6,IDRSING3
7564,20.1,0.0,3.8,2017-07-27 17:48:00,87.0,281.0,2.1,3.5,1014.4,24.71,17.9,IDRSING3
7565,19.9,0.0,3.8,2017-07-27 17:53:00,94.0,281.0,1.8,1.8,1014.1,15.53,18.8,IDRSING3
7566,19.7,0.0,3.8,2017-07-27 17:59:00,95.0,281.0,2.1,3.5,1014.1,11.25,18.8,IDRSING3
7567,19.7,0.0,3.8,2017-07-27 18:04:00,96.0,281.0,1.4,1.8,1014.1,12.11,19.1,IDRSING3
7568,19.6,0.0,3.8,2017-07-27 18:09:00,97.0,281.0,2.1,3.5,1014.4,9.54,19.2,IDRSING3
7569,19.5,0.0,3.8,2017-07-27 18:14:00,93.0,281.0,4.0,5.5,1014.4,5.99,18.3,IDRSING3
7570,19.4,0.0,3.8,2017-07-27 18:19:00,97.0,280.0,1.8,1.8,1014.1,2.94,19.0,IDRSING3
7571,19.3,0.0,3.8,2017-07-27 18:24:00,97.0,280.0,3.2,3.5,1014.1,1.22,18.9,IDRSING3
7572,19.2,0.0,3.8,2017-07-27 18:29:00,99.0,280.0,2.1,3.5,1014.4,0.36,19.0,IDRSING3
7573,19.1,0.0,3.8,2017-07-27 18:34:00,99.0,280.0,2.1,3.5,1014.4,0.0,18.9,IDRSING3
7574,19.0,0.0,3.8,2017-07-27 18:39:00,99.0,280.0,2.6,3.5,1014.4,0.0,18.8,IDRSING3
7575,18.9,0.0,3.8,2017-07-27 18:44:00,99.0,280.0,2.9,3.5,1014.4,0.0,18.7,IDRSING3
7576,18.9,0.0,3.8,2017-07-27 18:49:00,99.0,280.0,2.6,3.5,1014.4,0.0,18.7,IDRSING3
7577,18.8,0.0,3.8,2017-07-27 18:54:00,99.0,280.0,1.8,1.8,1014.4,0.0,18.6,IDRSING3
7578,18.8,0.0,3.8,2017-07-27 18:59:00,99.0,280.0,1.1,1.8,1014.4,0.0,18.6,IDRSING3
7579,18.8,0.0,3.8,2017-07-27 19:04:00,99.0,280.0,1.1,1.8,1014.4,0.0,18.6,IDRSING3
7580,18.7,0.0,3.8,2017-07-27 19:09:00,99.0,280.0,1.1,1.8,1014.8,0.0,18.5,IDRSING3
7581,18.6,0.0,3.8,2017-07-27 19:15:00,99.0,280.0,0.3,1.8,1014.4,0.0,18.4,IDRSING3
7582,18.6,0.0,3.8,2017-07-27 19:20:00,99.0,280.0,0.3,1.8,1014.8,0.0,18.4,IDRSING3
7583,18.5,0.0,3.8,2017-07-27 19:25:00,99.0,280.0,0.0,0.0,1014.8,0.0,18.3,IDRSING3
7584,18.5,0.0,3.8,2017-07-27 19:30:00,10.0,280.0,0.0,0.0,1014.4,0.0,-13.7,IDRSING3
7585,18.3,0.0,3.8,2017-07-27 19:35:00,10.0,280.0,0.0,0.0,1014.4,0.0,-13.8,IDRSING3
7586,18.1,0.0,3.8,2017-07-27 19:40:00,10.0,280.0,0.0,0.0,1014.4,0.0,-14.0,IDRSING3
7587,18.0,0.0,3.8,2017-07-27 19:46:00,11.0,280.0,0.0,0.0,1014.8,0.0,-12.9,IDRSING3
7588,17.8,0.0,3.8,2017-07-27 19:51:00,10.0,280.0,0.0,0.0,1014.8,0.0,-14.2,IDRSING3
7589,17.8,0.0,3.8,2017-07-27 19:56:00,10.0,280.0,0.3,1.8,1014.8,0.0,-14.2,IDRSING3
7590,17.8,0.0,3.8,2017-07-27 20:01:00,11.0,280.0,1.1,1.8,1014.4,0.0,-13.1,IDRSING3
7591,17.7,0.0,3.8,2017-07-27 20:06:00,12.0,280.0,0.0,0.0,1014.4,0.0,-12.0,IDRSING3
7592,17.5,0.0,3.8,2017-07-27 20:11:00,12.0,280.0,1.1,1.8,1014.8,0.0,-12.2,IDRSING3
7593,17.4,0.0,3.8,2017-07-27 20:16:00,12.0,280.0,0.0,0.0,1014.4,0.0,-12.3,IDRSING3
7594,17.4,0.0,3.8,2017-07-27 20:22:00,12.0,280.0,0.0,0.0,1014.8,0.0,-12.3,IDRSING3
7595,17.3,0.0,3.8,2017-07-27 20:27:00,12.0,280.0,0.0,0.0,1014.4,0.0,-12.4,IDRSING3
7596,17.4,0.0,3.8,2017-07-27 20:32:00,12.0,280.0,0.0,0.0,1014.4,0.0,-12.3,IDRSING3
7597,17.4,0.0,3.8,2017-07-27 20:37:00,12.0,280.0,0.0,0.0,1014.4,0.0,-12.3,IDRSING3
7598,17.3,0.0,3.8,2017-07-27 20:42:00,12.0,280.0,0.0,0.0,1014.8,0.0,-12.4,IDRSING3
7599,17.2,0.0,3.8,2017-07-27 20:47:00,12.0,280.0,0.0,0.0,1014.8,0.0,-12.4,IDRSING3
7600,17.1,0.0,3.8,2017-07-27 20:52:00,11.0,280.0,0.0,0.0,1014.8,0.0,-13.6,IDRSING3
7601,17.0,0.0,3.8,2017-07-27 20:57:00,11.0,280.0,0.0,0.0,1014.8,0.0,-13.7,IDRSING3
7602,16.9,0.0,3.8,2017-07-27 21:03:00,11.0,280.0,0.0,0.0,1014.8,0.0,-13.8,IDRSING3
7603,16.8,0.0,3.8,2017-07-27 21:08:00,10.0,280.0,0.0,0.0,1014.8,0.0,-15.0,IDRSING3
7604,16.7,0.0,3.8,2017-07-27 21:13:00,10.0,280.0,0.0,0.0,1014.8,0.0,-15.1,IDRSING3
7605,16.6,0.0,3.8,2017-07-27 21:18:00,10.0,280.0,0.0,0.0,1014.8,0.0,-15.1,IDRSING3
7606,16.5,0.0,3.8,2017-07-27 21:23:00,10.0,280.0,0.0,0.0,1015.1,0.0,-15.2,IDRSING3
7607,16.5,0.0,3.8,2017-07-27 21:28:00,10.0,280.0,0.0,0.0,1015.1,0.0,-15.2,IDRSING3
7608,16.5,0.0,3.8,2017-07-27 21:33:00,10.0,280.0,0.0,0.0,1014.8,0.0,-15.2,IDRSING3
7609,16.5,0.0,3.8,2017-07-27 21:38:00,10.0,280.0,0.0,0.0,1014.8,0.0,-15.2,IDRSING3
7610,16.5,0.0,3.8,2017-07-27 21:43:00,10.0,280.0,0.3,1.8,1014.8,0.0,-15.2,IDRSING3
7611,16.5,0.0,3.8,2017-07-27 21:48:00,10.0,280.0,0.0,0.0,1014.8,0.0,-15.2,IDRSING3
7612,16.4,0.0,3.8,2017-07-27 21:54:00,10.0,280.0,0.0,0.0,1014.8,0.0,-15.3,IDRSING3
7613,16.4,0.0,3.8,2017-07-27 21:59:00,10.0,280.0,0.0,0.0,1014.8,0.0,-15.3,IDRSING3
7614,16.3,0.0,0.0,2017-07-27 22:04:00,10.0,280.0,0.0,0.0,1014.4,0.0,-15.4,IDRSING3
7615,16.3,0.0,0.0,2017-07-27 22:09:00,10.0,280.0,0.0,0.0,1014.8,0.0,-15.4,IDRSING3
7616,16.2,0.0,0.0,2017-07-27 22:14:00,10.0,280.0,0.0,0.0,1014.8,0.0,-15.5,IDRSING3
7617,16.1,0.0,0.0,2017-07-27 22:19:00,10.0,280.0,0.0,0.0,1015.1,0.0,-15.5,IDRSING3
7618,16.0,0.0,0.0,2017-07-27 22:24:00,10.0,280.0,0.0,0.0,1014.8,0.0,-15.6,IDRSING3
7619,16.0,0.0,0.0,2017-07-27 22:30:00,10.0,280.0,0.0,0.0,1014.8,0.0,-15.6,IDRSING3
7620,16.0,0.0,0.0,2017-07-27 22:35:00,10.0,280.0,0.0,0.0,1014.8,0.0,-15.6,IDRSING3
7621,15.9,0.0,0.0,2017-07-27 22:40:00,10.0,280.0,0.0,0.0,1014.8,0.0,-15.7,IDRSING3
7622,15.9,0.0,0.0,2017-07-27 22:45:00,10.0,280.0,0.0,0.0,1014.8,0.0,-15.7,IDRSING3
7623,15.8,0.0,0.0,2017-07-27 22:50:00,10.0,280.0,0.0,0.0,1014.8,0.0,-15.8,IDRSING3
7624,15.7,0.0,0.0,2017-07-27 22:55:00,10.0,280.0,0.0,0.0,1014.8,0.0,-15.8,IDRSING3
7625,15.7,0.0,0.0,2017-07-27 23:00:00,10.0,280.0,1.8,1.8,1014.8,0.0,-15.8,IDRSING3
7626,15.8,0.0,0.0,2017-07-27 23:06:00,11.0,280.0,1.4,1.8,1014.8,0.0,-14.6,IDRSING3
7627,15.7,0.0,0.0,2017-07-27 23:11:00,10.0,280.0,1.8,1.8,1015.1,0.0,-15.8,IDRSING3
7628,15.7,0.0,0.0,2017-07-27 23:16:00,10.0,280.0,1.1,1.8,1014.8,0.0,-15.8,IDRSING3
7629,15.8,0.0,0.0,2017-07-27 23:21:00,10.0,280.0,0.0,0.0,1015.1,0.0,-15.8,IDRSING3
7630,15.9,0.0,0.0,2017-07-27 23:27:00,10.0,280.0,0.0,0.0,1014.8,0.0,-15.7,IDRSING3
7631,15.8,0.0,0.0,2017-07-27 23:32:00,11.0,280.0,0.0,0.0,1014.8,0.0,-14.6,IDRSING3
7632,15.7,0.0,0.0,2017-07-27 23:37:00,10.0,280.0,0.0,0.0,1014.8,0.0,-15.8,IDRSING3
7633,15.7,0.0,0.0,2017-07-27 23:42:00,10.0,280.0,0.0,0.0,1015.1,0.0,-15.8,IDRSING3
7634,15.7,0.0,0.0,2017-07-27 23:47:00,10.0,280.0,0.0,0.0,1014.8,0.0,-15.8,IDRSING3
7635,15.8,0.0,0.0,2017-07-27 23:52:00,10.0,280.0,0.0,0.0,1015.1,0.0,-15.8,IDRSING3
7636,15.9,0.0,0.0,2017-07-27 23:58:00,10.0,280.0,0.0,0.0,1014.8,0.0,-15.7,IDRSING3
7637,16.0,0.0,0.0,2017-07-28 00:03:00,11.0,280.0,0.0,0.0,1014.8,0.0,-14.5,IDRSING3
7638,16.1,0.0,0.0,2017-07-28 00:08:00,11.0,280.0,0.0,0.0,1014.8,0.0,-14.4,IDRSING3
7639,16.2,0.0,0.0,2017-07-28 00:14:00,11.0,194.0,1.8,3.5,1014.4,0.0,-14.3,IDRSING3
7640,16.2,0.0,0.0,2017-07-28 00:19:00,11.0,218.0,6.4,7.2,1014.8,0.0,-14.3,IDRSING3
7641,16.4,0.0,0.0,2017-07-28 00:24:00,11.0,220.0,4.0,5.5,1014.4,0.0,-14.1,IDRSING3
7642,16.1,0.0,0.0,2017-07-28 00:29:00,11.0,215.0,0.0,0.0,1014.4,0.0,-14.4,IDRSING3
7643,15.9,0.0,0.0,2017-07-28 00:34:00,11.0,213.0,0.0,0.0,1014.4,0.0,-14.5,IDRSING3
7644,15.8,0.0,0.0,2017-07-28 00:39:00,10.0,208.0,2.9,3.5,1014.4,0.0,-15.8,IDRSING3
7645,15.8,0.0,0.0,2017-07-28 00:44:00,11.0,208.0,4.7,5.5,1014.4,0.0,-14.6,IDRSING3
7646,15.9,0.0,0.0,2017-07-28 00:50:00,10.0,207.0,0.3,1.8,1014.4,0.0,-15.7,IDRSING3
7647,15.8,0.0,0.0,2017-07-28 00:55:00,10.0,207.0,0.0,0.0,1014.8,0.0,-15.8,IDRSING3
7648,15.7,0.0,0.0,2017-07-28 01:00:00,10.0,207.0,0.0,0.0,1014.8,0.0,-15.8,IDRSING3
7649,15.7,0.0,0.0,2017-07-28 01:01:00,10.0,207.0,0.0,0.0,1014.8,0.0,-15.8,IDRSING3
7650,15.8,0.0,0.0,2017-07-28 01:06:00,10.0,207.0,0.0,0.0,1014.8,0.0,-15.8,IDRSING3
7651,15.9,0.0,0.0,2017-07-28 01:11:00,10.0,206.0,0.0,0.0,1014.4,0.0,-15.7,IDRSING3
7652,16.0,0.0,0.0,2017-07-28 01:16:00,11.0,206.0,0.0,0.0,1014.4,0.0,-14.5,IDRSING3
7653,16.1,0.0,0.0,2017-07-28 01:22:00,11.0,206.0,0.0,0.0,1015.1,0.0,-14.4,IDRSING3
7654,16.1,0.0,0.0,2017-07-28 01:27:00,11.0,206.0,0.0,0.0,1015.1,0.0,-14.4,IDRSING3
7655,16.1,0.0,0.0,2017-07-28 01:32:00,10.0,206.0,0.0,0.0,1015.1,0.0,-15.5,IDRSING3
7656,16.0,0.0,0.0,2017-07-28 01:37:00,10.0,206.0,0.0,0.0,1014.8,0.0,-15.6,IDRSING3
7657,16.0,0.0,0.0,2017-07-28 01:42:00,10.0,206.0,0.0,0.0,1014.8,0.0,-15.6,IDRSING3
7658,16.1,0.0,0.0,2017-07-28 01:47:00,10.0,206.0,0.0,0.0,1014.8,0.0,-15.5,IDRSING3
7659,16.1,0.0,0.0,2017-07-28 01:52:00,11.0,159.0,2.1,3.5,1014.8,0.0,-14.4,IDRSING3
7660,16.1,0.0,0.0,2017-07-28 01:58:00,10.0,132.0,0.0,0.0,1014.8,0.0,-15.5,IDRSING3
7661,16.1,0.0,0.0,2017-07-28 02:03:00,10.0,132.0,0.0,0.0,1015.1,0.0,-15.5,IDRSING3
7662,16.0,0.0,0.0,2017-07-28 02:08:00,10.0,132.0,0.0,0.0,1015.1,0.0,-15.6,IDRSING3
7663,16.0,0.0,0.0,2017-07-28 02:13:00,10.0,132.0,0.0,0.0,1015.1,0.0,-15.6,IDRSING3
7664,16.1,0.0,0.0,2017-07-28 02:19:00,10.0,132.0,0.0,0.0,1015.1,0.0,-15.5,IDRSING3
7665,16.1,0.0,0.0,2017-07-28 02:24:00,10.0,132.0,0.0,0.0,1015.1,0.0,-15.5,IDRSING3
7666,16.0,0.0,0.0,2017-07-28 02:29:00,10.0,132.0,0.0,0.0,1015.1,0.0,-15.6,IDRSING3
7667,16.0,0.0,0.0,2017-07-28 02:34:00,11.0,216.0,2.6,3.5,1015.1,0.0,-14.5,IDRSING3
7668,16.2,0.0,0.0,2017-07-28 02:39:00,10.0,224.0,0.0,0.0,1015.1,0.0,-15.5,IDRSING3
7669,16.0,0.0,0.0,2017-07-28 02:44:00,10.0,222.0,0.0,0.0,1015.1,0.0,-15.6,IDRSING3
7670,15.7,0.0,0.0,2017-07-28 02:49:00,10.0,222.0,0.0,0.0,1015.1,0.0,-15.8,IDRSING3
7671,15.5,0.0,0.0,2017-07-28 02:55:00,10.0,222.0,0.0,0.0,1015.1,0.0,-16.0,IDRSING3
7672,15.5,0.0,0.0,2017-07-28 02:56:00,10.0,221.0,0.0,0.0,1015.1,0.0,-16.0,IDRSING3
7673,15.5,0.0,0.0,2017-07-28 03:02:00,10.0,222.0,0.0,0.0,1014.8,0.0,-16.0,IDRSING3
7674,15.3,0.0,0.0,2017-07-28 03:07:00,10.0,222.0,0.0,0.0,1015.1,0.0,-16.1,IDRSING3
7675,15.2,0.0,0.0,2017-07-28 03:12:00,10.0,222.0,0.0,0.0,1015.1,0.0,-16.2,IDRSING3
7676,15.2,0.0,0.0,2017-07-28 03:18:00,10.0,222.0,0.0,0.0,1015.1,0.0,-16.2,IDRSING3
7677,15.1,0.0,0.0,2017-07-28 03:23:00,10.0,222.0,0.0,0.0,1015.1,0.85,-16.3,IDRSING3
7678,15.1,0.0,0.0,2017-07-28 03:28:00,10.0,222.0,0.0,0.0,1015.1,2.08,-16.3,IDRSING3
7679,14.9,0.0,0.0,2017-07-28 03:34:00,10.0,222.0,0.0,0.0,1015.1,3.43,-16.5,IDRSING3
7680,14.8,0.0,0.0,2017-07-28 03:39:00,10.0,222.0,0.0,0.0,1015.5,5.14,-16.5,IDRSING3
7681,14.8,0.0,0.0,2017-07-28 03:40:00,10.0,222.0,0.0,0.0,1015.1,5.14,-16.5,IDRSING3
7682,15.0,0.0,0.0,2017-07-28 03:45:00,10.0,221.0,0.0,0.0,1015.1,8.19,-16.4,IDRSING3
7683,14.9,0.0,0.0,2017-07-28 03:50:00,10.0,221.0,0.6,1.8,1015.1,7.7,-16.5,IDRSING3
7684,14.4,0.0,0.0,2017-07-28 03:55:00,10.0,221.0,1.8,1.8,1015.5,7.7,-16.8,IDRSING3
7685,14.6,0.0,0.0,2017-07-28 04:00:00,10.0,221.0,0.0,0.0,1015.5,9.05,-16.7,IDRSING3
7686,14.8,0.0,0.0,2017-07-28 04:06:00,10.0,221.0,0.0,0.0,1015.1,12.48,-16.5,IDRSING3
7687,14.9,0.0,0.0,2017-07-28 04:11:00,10.0,221.0,0.0,0.0,1015.5,17.73,-16.5,IDRSING3
7688,14.8,0.0,0.0,2017-07-28 04:16:00,10.0,221.0,0.0,0.0,1015.5,25.94,-16.5,IDRSING3
7689,15.0,0.0,0.0,2017-07-28 04:22:00,10.0,208.0,0.0,0.0,1015.1,48.93,-16.4,IDRSING3
7690,15.2,0.0,0.0,2017-07-28 04:27:00,10.0,189.0,0.0,0.0,1015.1,51.14,-16.2,IDRSING3
7691,15.4,0.0,0.0,2017-07-28 04:32:00,10.0,189.0,0.0,0.0,1015.5,49.79,-16.1,IDRSING3
7692,15.5,0.0,0.0,2017-07-28 04:37:00,10.0,189.0,0.0,0.0,1015.5,64.59,-16.0,IDRSING3
7693,15.6,0.0,0.0,2017-07-28 04:42:00,10.0,189.0,0.0,0.0,1015.1,78.9,-15.9,IDRSING3
7694,15.9,0.0,0.0,2017-07-28 04:46:00,10.0,189.0,0.0,0.0,1015.1,94.07,-15.7,IDRSING3
7695,16.3,0.0,0.0,2017-07-28 04:51:00,10.0,190.0,0.0,0.0,1015.1,102.76,-15.4,IDRSING3
7696,16.8,0.0,0.0,2017-07-28 04:56:00,10.0,190.0,0.0,0.0,1015.5,110.1,-15.0,IDRSING3
7697,17.2,0.0,0.0,2017-07-28 05:01:00,10.0,190.0,0.0,0.0,1015.5,86.73,-14.7,IDRSING3
7698,17.5,0.0,0.0,2017-07-28 05:07:00,10.0,190.0,2.1,3.5,1015.5,118.78,-14.5,IDRSING3
7699,17.5,0.0,0.0,2017-07-28 05:12:00,10.0,190.0,3.5,3.5,1015.5,75.85,-14.5,IDRSING3
7700,17.4,0.0,0.0,2017-07-28 05:17:00,10.0,190.0,1.1,1.8,1015.5,79.76,-14.5,IDRSING3
7701,18.0,0.0,0.0,2017-07-28 05:22:00,10.0,189.0,0.0,0.0,1015.5,237.7,-14.1,IDRSING3
7702,18.9,0.0,0.0,2017-07-28 05:27:00,10.0,187.0,0.0,0.0,1015.1,176.04,-13.4,IDRSING3
7703,19.1,0.0,0.0,2017-07-28 05:32:00,10.0,187.0,0.0,0.0,1015.5,154.39,-13.2,IDRSING3
7704,19.6,0.0,0.0,2017-07-28 05:38:00,10.0,180.0,0.3,1.8,1015.5,174.81,-12.8,IDRSING3
7705,19.7,0.0,0.0,2017-07-28 05:43:00,99.0,187.0,1.4,1.8,1015.5,220.69,19.5,IDRSING3
7706,19.2,0.0,0.0,2017-07-28 05:48:00,10.0,211.0,1.4,1.8,1015.5,279.78,-13.1,IDRSING3
7707,19.5,0.0,0.0,2017-07-28 05:53:00,99.0,179.0,0.0,0.0,1016.1,341.81,19.3,IDRSING3
7708,20.5,0.0,0.0,2017-07-28 05:59:00,99.0,179.0,0.0,0.0,1015.8,344.86,20.3,IDRSING3
7709,21.0,0.0,0.0,2017-07-28 06:04:00,99.0,155.0,0.0,0.0,1015.5,356.12,20.8,IDRSING3
7710,21.0,0.0,0.0,2017-07-28 06:08:00,99.0,155.0,1.1,1.8,1015.5,401.26,20.8,IDRSING3
7711,20.5,0.0,0.0,2017-07-28 06:14:00,99.0,220.0,2.9,3.5,1015.8,170.9,20.3,IDRSING3
7712,19.7,0.0,0.0,2017-07-28 06:19:00,99.0,185.0,1.1,1.8,1015.8,222.9,19.5,IDRSING3
7713,20.4,0.0,0.0,2017-07-28 06:24:00,99.0,235.0,5.0,5.5,1016.1,137.87,20.2,IDRSING3
7714,20.4,0.0,0.0,2017-07-28 06:30:00,99.0,207.0,0.0,0.0,1015.8,409.94,20.2,IDRSING3
7715,21.0,0.0,0.0,2017-07-28 06:35:00,99.0,208.0,1.4,1.8,1015.8,444.2,20.8,IDRSING3
7716,21.0,0.0,0.0,2017-07-28 06:40:00,99.0,232.0,12.2,14.8,1015.8,479.31,20.8,IDRSING3
7717,21.2,0.0,0.0,2017-07-28 06:45:00,99.0,268.0,8.7,11.1,1015.8,497.05,21.0,IDRSING3
7718,21.5,0.0,0.0,2017-07-28 06:50:00,95.0,235.0,8.7,9.3,1015.8,646.79,20.6,IDRSING3
7719,21.8,0.0,0.0,2017-07-28 06:55:00,89.0,233.0,6.4,9.3,1015.8,665.87,19.9,IDRSING3
7720,21.6,0.0,0.0,2017-07-28 07:00:00,92.0,242.0,2.1,3.5,1016.1,212.98,20.3,IDRSING3
7721,21.4,0.0,0.0,2017-07-28 07:06:00,93.0,212.0,8.7,9.3,1015.8,664.16,20.2,IDRSING3
7722,21.5,0.0,0.0,2017-07-28 07:11:00,93.0,246.0,2.9,3.5,1015.8,241.98,20.3,IDRSING3
7723,21.6,0.0,0.0,2017-07-28 07:13:00,89.0,238.0,8.7,11.1,1015.8,710.53,19.7,IDRSING3
7724,21.8,0.0,0.0,2017-07-28 07:18:00,86.0,265.0,5.0,5.5,1015.8,171.76,19.4,IDRSING3
7725,21.6,0.0,0.0,2017-07-28 07:23:00,85.0,289.0,6.1,7.2,1015.8,796.9,19.0,IDRSING3
7726,21.9,0.0,0.0,2017-07-28 07:28:00,82.0,216.0,3.5,3.5,1016.1,195.12,18.7,IDRSING3
7727,21.8,0.0,0.0,2017-07-28 07:34:00,82.0,251.0,4.0,5.5,1015.8,707.47,18.6,IDRSING3
7728,22.1,0.0,0.0,2017-07-28 07:39:00,81.0,218.0,2.1,3.5,1015.5,238.07,18.7,IDRSING3
7729,22.2,0.0,0.0,2017-07-28 07:44:00,77.0,275.0,3.5,5.5,1015.8,713.95,18.0,IDRSING3
7730,22.7,0.0,0.0,2017-07-28 07:50:00,77.0,279.0,2.6,3.5,1015.5,726.19,18.4,IDRSING3
7731,23.1,0.0,0.0,2017-07-28 07:55:00,76.0,277.0,1.1,1.8,1015.5,754.33,18.6,IDRSING3
7732,23.1,0.0,0.0,2017-07-28 08:00:00,76.0,275.0,0.0,0.0,1015.5,750.04,18.6,IDRSING3
7733,23.3,0.0,0.0,2017-07-28 08:05:00,71.0,341.0,8.2,11.1,1015.5,858.07,17.8,IDRSING3
7734,23.7,0.0,0.0,2017-07-28 08:10:00,72.0,270.0,6.9,9.3,1015.5,190.84,18.3,IDRSING3
7735,23.6,0.0,0.0,2017-07-28 08:15:00,71.0,246.0,10.1,11.1,1015.5,222.53,18.1,IDRSING3
7736,23.8,0.0,0.0,2017-07-28 08:20:00,69.0,261.0,11.1,14.8,1015.5,192.07,17.8,IDRSING3
7737,23.7,0.0,0.0,2017-07-28 08:31:00,70.0,245.0,10.5,13.0,1015.5,212.98,17.9,IDRSING3
7738,23.2,0.0,0.0,2017-07-28 08:36:00,70.0,281.0,8.7,11.1,1015.5,851.09,17.4,IDRSING3
7739,23.8,0.0,0.0,2017-07-28 08:41:00,68.0,234.0,9.3,9.3,1015.5,875.8,17.6,IDRSING3
7740,23.9,0.0,0.0,2017-07-28 08:46:00,69.0,266.0,11.1,14.8,1015.5,154.75,17.9,IDRSING3
7741,23.7,0.0,0.0,2017-07-28 08:51:00,69.0,277.0,13.7,14.8,1015.5,944.8,17.7,IDRSING3
7742,24.9,0.0,0.0,2017-07-28 08:56:00,66.0,290.0,11.9,13.0,1015.5,979.54,18.1,IDRSING3
7743,24.6,0.0,0.0,2017-07-28 09:02:00,67.0,237.0,8.2,11.1,1015.5,907.0,18.1,IDRSING3
7744,24.4,0.0,0.0,2017-07-28 09:06:00,68.0,322.0,9.7,14.8,1015.5,243.69,18.1,IDRSING3
7745,23.9,0.0,0.0,2017-07-28 09:11:00,70.0,315.0,10.5,13.0,1015.5,480.17,18.1,IDRSING3
7746,24.3,0.0,0.0,2017-07-28 09:16:00,67.0,294.0,12.6,14.8,1015.5,376.55,17.8,IDRSING3
7747,24.5,0.0,0.0,2017-07-28 09:21:00,68.0,271.0,15.4,18.3,1015.5,162.58,18.2,IDRSING3
7748,23.9,0.0,0.0,2017-07-28 09:27:00,67.0,261.0,9.0,13.0,1015.5,822.83,17.4,IDRSING3
7749,25.0,0.0,0.0,2017-07-28 09:32:00,63.0,304.0,13.0,14.8,1015.5,241.61,17.5,IDRSING3
7750,24.7,0.0,0.0,2017-07-28 09:42:00,64.0,223.0,5.5,7.2,1015.5,623.3,17.5,IDRSING3
7751,24.4,0.0,0.0,2017-07-28 09:47:00,64.0,257.0,8.2,11.1,1015.1,351.71,17.2,IDRSING3
7752,24.3,0.0,0.0,2017-07-28 09:52:00,64.0,271.0,5.0,9.3,1015.1,237.7,17.1,IDRSING3
7753,24.4,0.0,0.0,2017-07-28 09:58:00,66.0,298.0,6.1,9.3,1015.1,243.32,17.6,IDRSING3
7754,24.7,0.0,0.0,2017-07-28 10:03:00,63.0,276.0,4.3,5.5,1015.1,368.23,17.2,IDRSING3
7755,24.5,0.0,0.0,2017-07-28 10:09:00,64.0,293.0,4.3,5.5,1015.1,300.95,17.3,IDRSING3
7756,25.1,0.0,0.0,2017-07-28 10:14:00,62.0,232.0,6.1,7.2,1015.5,860.63,17.3,IDRSING3
7757,26.1,0.0,0.0,2017-07-28 10:19:00,59.0,215.0,10.5,14.8,1015.1,718.72,17.5,IDRSING3
7758,25.9,0.0,0.0,2017-07-28 10:24:00,61.0,249.0,4.0,5.5,1015.1,684.1,17.8,IDRSING3
7759,25.7,0.0,0.0,2017-07-28 10:29:00,60.0,217.0,10.8,13.0,1015.1,258.49,17.4,IDRSING3
7760,25.2,0.0,0.0,2017-07-28 10:34:00,62.0,239.0,10.8,13.0,1015.1,170.9,17.4,IDRSING3
7761,25.2,0.0,0.0,2017-07-28 10:39:00,65.0,212.0,6.1,9.3,1014.8,292.38,18.2,IDRSING3
7762,25.6,0.0,0.0,2017-07-28 10:44:00,62.0,242.0,10.5,13.0,1015.1,205.15,17.8,IDRSING3
7763,25.4,0.0,0.0,2017-07-28 10:49:00,64.0,229.0,20.6,21.9,1015.1,767.78,18.1,IDRSING3
7764,25.7,0.0,0.0,2017-07-28 10:54:00,62.0,272.0,12.2,14.8,1015.1,361.74,17.9,IDRSING3
7765,25.7,0.0,0.0,2017-07-28 11:00:00,63.0,216.0,9.7,11.1,1015.1,921.31,18.1,IDRSING3
7766,25.6,0.0,0.0,2017-07-28 11:05:00,63.0,274.0,9.7,11.1,1015.1,233.29,18.0,IDRSING3
7767,25.4,0.0,0.0,2017-07-28 11:10:00,62.0,231.0,17.2,20.1,1014.8,203.44,17.6,IDRSING3
7768,25.1,0.0,0.0,2017-07-28 11:15:00,63.0,238.0,14.3,18.3,1014.8,233.29,17.6,IDRSING3
7769,25.2,0.0,0.0,2017-07-28 11:21:00,63.0,258.0,10.8,16.6,1015.5,243.69,17.7,IDRSING3
7770,26.4,0.0,0.0,2017-07-28 11:26:00,59.0,271.0,12.6,14.8,1015.5,559.08,17.8,IDRSING3
7771,26.4,0.0,0.0,2017-07-28 11:31:00,56.0,236.0,14.3,18.3,1015.5,626.36,16.9,IDRSING3
7772,27.1,0.0,0.0,2017-07-28 11:42:00,55.0,287.0,19.8,23.8,1015.1,873.24,17.3,IDRSING3
7773,26.9,0.0,0.0,2017-07-28 11:47:00,55.0,267.0,15.8,21.9,1015.1,431.11,17.1,IDRSING3
7774,26.8,0.0,0.0,2017-07-28 11:52:00,54.0,293.0,15.4,18.3,1015.1,821.97,16.7,IDRSING3
7775,27.0,0.0,0.0,2017-07-28 11:58:00,51.0,257.0,23.0,25.6,1015.1,168.21,16.0,IDRSING3
7776,26.7,0.0,0.0,2017-07-28 12:03:00,51.0,276.0,13.0,14.8,1015.1,782.09,15.8,IDRSING3
7777,27.0,0.0,0.0,2017-07-28 12:09:00,49.0,268.0,13.7,14.8,1014.8,773.41,15.4,IDRSING3
7778,27.2,0.0,0.0,2017-07-28 12:14:00,49.0,306.0,24.8,27.7,1014.8,153.53,15.6,IDRSING3
7779,27.1,0.0,0.0,2017-07-28 12:19:00,46.0,281.0,20.1,27.7,1015.1,749.55,14.5,IDRSING3
7780,27.9,0.0,0.0,2017-07-28 12:24:00,43.0,283.0,19.8,21.9,1014.8,743.07,14.2,IDRSING3
7781,27.6,0.0,0.0,2017-07-28 12:30:00,42.0,261.0,18.3,20.1,1014.8,743.56,13.6,IDRSING3
7782,28.0,0.0,0.0,2017-07-28 12:35:00,41.0,263.0,15.8,20.1,1014.8,752.61,13.6,IDRSING3
7783,28.1,0.0,0.0,2017-07-28 12:41:00,41.0,256.0,19.5,23.8,1014.4,437.72,13.7,IDRSING3
7784,27.7,0.0,0.0,2017-07-28 12:46:00,43.0,268.0,13.7,16.6,1014.8,494.97,14.0,IDRSING3
7785,27.6,0.0,0.0,2017-07-28 12:51:00,43.0,294.0,13.0,14.8,1014.8,495.82,13.9,IDRSING3
7786,27.7,0.0,0.0,2017-07-28 12:57:00,43.0,270.0,19.8,23.8,1014.8,504.03,14.0,IDRSING3
7787,27.4,0.0,0.0,2017-07-28 13:02:00,42.0,256.0,18.3,23.8,1015.1,468.06,13.4,IDRSING3
7788,27.5,0.0,0.0,2017-07-28 13:12:00,42.0,287.0,14.0,16.6,1015.1,501.45,13.5,IDRSING3
7789,27.4,0.0,0.0,2017-07-28 13:18:00,42.0,236.0,14.3,16.6,1015.1,505.74,13.4,IDRSING3
7790,27.6,0.0,0.0,2017-07-28 13:23:00,41.0,262.0,18.0,21.9,1015.1,523.11,13.2,IDRSING3
7791,27.6,0.0,0.0,2017-07-28 13:28:00,41.0,272.0,14.0,18.3,1015.5,577.79,13.2,IDRSING3
7792,27.6,0.0,0.0,2017-07-28 13:33:00,42.0,262.0,16.6,18.3,1015.5,621.59,13.6,IDRSING3
7793,28.3,0.0,0.0,2017-07-28 13:38:00,40.0,311.0,21.2,23.8,1015.5,688.87,13.4,IDRSING3
7794,28.3,0.0,0.0,2017-07-28 13:43:00,39.0,275.0,21.2,25.6,1015.5,642.02,13.1,IDRSING3
7795,28.2,0.0,0.0,2017-07-28 13:49:00,38.0,287.0,23.0,25.6,1015.5,652.42,12.6,IDRSING3
7796,27.9,0.0,0.0,2017-07-28 13:54:00,39.0,289.0,15.4,18.3,1015.5,549.16,12.7,IDRSING3
7797,27.5,0.0,0.0,2017-07-28 13:59:00,39.0,303.0,16.9,18.3,1015.8,607.77,12.4,IDRSING3
7798,27.8,0.0,0.0,2017-07-28 14:05:00,39.0,286.0,19.5,23.8,1015.5,562.13,12.6,IDRSING3
7799,27.9,0.0,0.0,2017-07-28 14:10:00,39.0,278.0,21.2,25.6,1015.5,533.14,12.7,IDRSING3
7800,28.1,0.0,0.0,2017-07-28 14:20:00,39.0,265.0,15.1,16.6,1015.8,506.59,12.9,IDRSING3
7801,28.3,0.0,0.0,2017-07-28 14:26:00,38.0,283.0,21.2,25.6,1015.8,525.67,12.7,IDRSING3
7802,28.1,0.0,0.0,2017-07-28 14:31:00,38.0,259.0,17.2,20.1,1015.5,499.74,12.5,IDRSING3
7803,27.8,0.0,0.0,2017-07-28 14:37:00,40.0,263.0,19.8,21.9,1015.8,254.58,13.0,IDRSING3
7804,27.4,0.0,0.0,2017-07-28 14:42:00,40.0,272.0,13.7,18.3,1015.8,456.8,12.6,IDRSING3
7805,27.3,0.0,0.0,2017-07-28 14:47:00,39.0,325.0,14.8,20.1,1016.1,491.06,12.2,IDRSING3
7806,27.4,0.0,0.0,2017-07-28 14:53:00,39.0,303.0,19.8,21.9,1015.8,481.03,12.3,IDRSING3
7807,27.4,0.0,0.0,2017-07-28 14:58:00,41.0,297.0,15.4,18.3,1016.1,452.4,13.0,IDRSING3
7808,27.6,0.0,0.0,2017-07-28 15:03:00,40.0,267.0,17.2,21.9,1016.1,482.74,12.8,IDRSING3
7809,27.1,0.0,0.0,2017-07-28 15:08:00,41.0,257.0,25.3,27.7,1016.1,215.92,12.8,IDRSING3
7810,27.6,0.0,0.0,2017-07-28 15:13:00,40.0,280.0,18.7,23.8,1016.1,251.15,12.8,IDRSING3
7811,27.2,0.0,0.0,2017-07-28 15:18:00,40.0,316.0,14.8,20.1,1016.1,417.66,12.5,IDRSING3
7812,27.3,0.0,0.0,2017-07-28 15:23:00,41.0,272.0,13.7,18.3,1015.8,429.03,12.9,IDRSING3
7813,27.5,0.0,0.0,2017-07-28 15:28:00,40.0,264.0,26.2,33.1,1015.8,193.9,12.7,IDRSING3
7814,26.9,0.0,0.0,2017-07-28 15:33:00,42.0,259.0,19.5,21.9,1016.1,189.49,12.9,IDRSING3
7815,26.3,0.0,0.0,2017-07-28 15:38:00,41.0,278.0,20.9,29.4,1016.1,150.47,12.0,IDRSING3
7816,26.7,0.0,0.0,2017-07-28 15:43:00,40.0,312.0,17.2,20.1,1016.1,202.95,12.0,IDRSING3
7817,26.8,0.0,0.0,2017-07-28 15:48:00,41.0,275.0,14.8,16.6,1016.1,257.15,12.5,IDRSING3
7818,26.8,0.0,0.0,2017-07-28 15:53:00,40.0,277.0,21.2,25.6,1016.1,123.56,12.1,IDRSING3
7819,26.3,0.0,0.0,2017-07-28 15:58:00,40.0,277.0,16.9,20.1,1016.1,123.56,11.7,IDRSING3
7820,26.2,0.0,0.0,2017-07-28 16:04:00,42.0,305.0,14.8,18.3,1016.5,213.84,12.3,IDRSING3
7821,26.6,0.0,0.0,2017-07-28 16:09:00,42.0,267.0,12.6,16.6,1016.5,129.19,12.7,IDRSING3
7822,26.0,0.0,0.0,2017-07-28 16:14:00,44.0,262.0,11.9,16.6,1016.1,156.1,12.8,IDRSING3
7823,26.1,0.0,0.0,2017-07-28 16:19:00,41.0,266.0,19.5,21.9,1016.5,117.93,11.9,IDRSING3
7824,26.0,0.0,0.0,2017-07-28 16:24:00,42.0,269.0,12.2,16.6,1016.5,129.19,12.1,IDRSING3
7825,26.1,0.0,0.0,2017-07-28 16:29:00,40.0,276.0,15.1,18.3,1016.1,146.56,11.5,IDRSING3
7826,26.2,0.0,0.0,2017-07-28 16:34:00,40.0,284.0,11.9,13.0,1016.5,153.9,11.6,IDRSING3
7827,26.2,0.0,0.0,2017-07-28 16:39:00,43.0,276.0,22.4,27.7,1016.5,139.22,12.7,IDRSING3
7828,25.9,0.0,0.0,2017-07-28 16:44:00,43.0,289.0,20.1,21.9,1016.5,115.36,12.4,IDRSING3
7829,25.8,0.0,0.0,2017-07-28 16:49:00,44.0,261.0,13.0,18.3,1016.5,104.96,12.7,IDRSING3
7830,25.5,0.0,0.0,2017-07-28 16:55:00,44.0,288.0,17.2,20.1,1016.8,91.51,12.4,IDRSING3
7831,25.4,0.0,0.0,2017-07-28 17:00:00,44.0,264.0,15.4,20.1,1016.8,85.39,12.3,IDRSING3
7832,25.2,0.0,0.0,2017-07-28 17:05:00,45.0,305.0,11.9,13.0,1016.8,85.88,12.5,IDRSING3
7833,25.3,0.0,0.0,2017-07-28 17:10:00,46.0,273.0,10.8,11.1,1016.8,78.9,12.9,IDRSING3
7834,25.1,0.0,0.0,2017-07-28 17:15:00,46.0,274.0,14.3,18.3,1017.2,71.93,12.7,IDRSING3
7835,25.0,0.0,0.0,2017-07-28 17:20:00,46.0,271.0,14.3,20.1,1016.8,58.97,12.6,IDRSING3
7836,24.9,0.0,0.0,2017-07-28 17:24:00,46.0,269.0,10.8,16.6,1016.8,58.97,12.5,IDRSING3
7837,24.9,0.0,0.0,2017-07-28 17:29:00,46.0,268.0,13.0,16.6,1017.2,55.41,12.5,IDRSING3
7838,24.7,0.0,0.0,2017-07-28 17:40:00,46.0,314.0,17.2,20.1,1017.2,44.65,12.3,IDRSING3
7839,24.5,0.0,0.0,2017-07-28 17:45:00,47.0,280.0,14.8,18.3,1017.2,41.59,12.5,IDRSING3
7840,24.3,0.0,0.0,2017-07-28 17:50:00,48.0,262.0,15.1,18.3,1017.5,33.76,12.6,IDRSING3
7841,23.3,0.0,0.0,2017-07-28 17:55:00,62.0,260.0,11.1,13.0,1017.2,30.7,15.6,IDRSING3
7842,23.0,0.0,0.0,2017-07-28 18:01:00,63.0,219.0,13.4,18.3,1017.8,25.07,15.6,IDRSING3
7843,22.7,0.0,0.0,2017-07-28 18:06:00,65.0,272.0,17.2,20.1,1017.5,19.94,15.8,IDRSING3
7844,22.4,0.0,0.0,2017-07-28 18:11:00,66.0,258.0,13.0,14.8,1017.8,15.17,15.7,IDRSING3
7845,22.3,0.0,0.0,2017-07-28 18:17:00,66.0,252.0,15.1,18.3,1017.5,11.62,15.7,IDRSING3
7846,22.1,0.0,0.0,2017-07-28 18:22:00,66.0,258.0,15.8,18.3,1017.8,6.85,15.5,IDRSING3
7847,22.0,0.0,0.0,2017-07-28 18:27:00,67.0,271.0,15.1,16.6,1017.8,4.28,15.6,IDRSING3
7848,21.7,0.0,0.0,2017-07-28 18:32:00,68.0,270.0,11.9,14.8,1017.8,2.57,15.5,IDRSING3
7849,21.5,0.0,0.0,2017-07-28 18:37:00,68.0,246.0,15.4,18.3,1017.8,1.22,15.4,IDRSING3
7850,21.4,0.0,0.0,2017-07-28 18:42:00,69.0,261.0,10.8,16.6,1018.2,0.0,15.5,IDRSING3
7851,21.4,0.0,0.0,2017-07-28 18:48:00,67.0,268.0,11.6,13.0,1018.2,0.0,15.0,IDRSING3
7852,21.5,0.0,0.0,2017-07-28 18:53:00,66.0,259.0,10.1,14.8,1018.2,0.0,14.9,IDRSING3
7853,21.4,0.0,0.0,2017-07-28 18:58:00,65.0,273.0,9.3,11.1,1018.2,0.0,14.6,IDRSING3
7854,21.3,0.0,0.0,2017-07-28 19:03:00,65.0,264.0,13.0,14.8,1018.2,0.0,14.5,IDRSING3
7855,21.3,0.0,0.0,2017-07-28 19:09:00,66.0,258.0,11.1,14.8,1018.5,0.0,14.7,IDRSING3
7856,21.1,0.0,0.0,2017-07-28 19:14:00,65.0,263.0,10.8,13.0,1018.8,0.0,14.3,IDRSING3
7857,20.9,0.0,0.0,2017-07-28 19:19:00,66.0,279.0,7.2,9.3,1018.8,0.0,14.3,IDRSING3
7858,20.7,0.0,0.0,2017-07-28 19:25:00,68.0,263.0,8.7,9.3,1018.8,0.0,14.6,IDRSING3
7859,20.4,0.0,0.0,2017-07-28 19:30:00,69.0,238.0,7.2,9.3,1018.8,0.0,14.5,IDRSING3
7860,20.4,0.0,0.0,2017-07-28 19:35:00,70.0,257.0,9.3,11.1,1018.8,0.0,14.8,IDRSING3
7861,20.1,0.0,0.0,2017-07-28 19:41:00,71.0,261.0,6.4,7.2,1019.2,0.0,14.7,IDRSING3
7862,19.7,0.0,0.0,2017-07-28 19:46:00,72.0,266.0,5.8,7.2,1019.2,0.0,14.5,IDRSING3
7863,19.7,0.0,0.0,2017-07-28 19:52:00,67.0,277.0,6.9,11.1,1019.2,0.0,13.4,IDRSING3
7864,20.2,0.0,0.0,2017-07-28 19:57:00,66.0,260.0,6.4,9.3,1019.2,0.0,13.7,IDRSING3
7865,20.4,0.0,0.0,2017-07-28 20:02:00,65.0,324.0,6.4,9.3,1019.2,0.0,13.6,IDRSING3
7866,20.3,0.0,0.0,2017-07-28 20:07:00,65.0,272.0,6.4,9.3,1019.2,0.0,13.5,IDRSING3
7867,20.3,0.0,0.0,2017-07-28 20:12:00,64.0,293.0,8.2,11.1,1018.8,0.0,13.3,IDRSING3
7868,20.2,0.0,0.0,2017-07-28 20:17:00,63.0,280.0,7.9,9.3,1019.2,0.0,13.0,IDRSING3
7869,20.0,0.0,0.0,2017-07-28 20:22:00,64.0,283.0,9.7,11.1,1019.2,0.0,13.0,IDRSING3
7870,19.9,0.0,0.0,2017-07-28 20:27:00,65.0,300.0,6.4,7.2,1019.5,0.0,13.1,IDRSING3
7871,19.8,0.0,0.0,2017-07-28 20:33:00,64.0,258.0,6.1,7.2,1019.5,0.0,12.8,IDRSING3
7872,19.8,0.0,0.0,2017-07-28 20:38:00,63.0,266.0,6.9,7.2,1019.5,0.0,12.6,IDRSING3
7873,19.7,0.0,0.0,2017-07-28 20:43:00,63.0,296.0,7.9,9.3,1019.5,0.0,12.5,IDRSING3
7874,19.8,0.0,0.0,2017-07-28 20:48:00,62.0,273.0,8.7,11.1,1019.5,0.0,12.3,IDRSING3
7875,19.6,0.0,0.0,2017-07-28 20:53:00,63.0,276.0,9.0,9.3,1019.5,0.0,12.4,IDRSING3
7876,19.4,0.0,0.0,2017-07-28 20:58:00,64.0,292.0,6.4,7.2,1019.9,0.0,12.4,IDRSING3
7877,19.3,0.0,0.0,2017-07-28 21:03:00,64.0,272.0,7.9,9.3,1019.9,0.0,12.3,IDRSING3
7878,19.2,0.0,0.0,2017-07-28 21:09:00,64.0,278.0,9.0,11.1,1019.9,0.0,12.2,IDRSING3
7879,19.0,0.0,0.0,2017-07-28 21:14:00,65.0,269.0,8.7,9.3,1019.9,0.0,12.3,IDRSING3
7880,18.8,0.0,0.0,2017-07-28 21:19:00,66.0,253.0,4.7,5.5,1019.9,0.0,12.3,IDRSING3
7881,18.5,0.0,0.0,2017-07-28 21:24:00,68.0,259.0,5.5,7.2,1020.2,0.0,12.5,IDRSING3
7882,17.8,0.0,0.0,2017-07-28 21:29:00,70.0,238.0,3.5,3.5,1020.2,0.0,12.3,IDRSING3
7883,17.4,0.0,0.0,2017-07-28 21:34:00,72.0,225.0,3.5,3.5,1020.2,0.0,12.3,IDRSING3
7884,17.1,0.0,0.0,2017-07-28 21:39:00,73.0,221.0,1.8,1.8,1020.2,0.0,12.2,IDRSING3
7885,16.9,0.0,0.0,2017-07-28 21:45:00,74.0,220.0,1.8,1.8,1020.2,0.0,12.3,IDRSING3
7886,16.4,0.0,0.0,2017-07-28 21:50:00,75.0,220.0,1.8,1.8,1020.2,0.0,12.0,IDRSING3
7887,16.4,0.0,0.0,2017-07-28 21:55:00,74.0,220.0,1.8,1.8,1020.5,0.0,11.8,IDRSING3
7888,16.5,0.0,0.0,2017-07-28 22:00:00,74.0,220.0,0.6,1.8,1020.5,0.0,11.9,IDRSING3
7889,16.3,0.0,0.0,2017-07-28 22:05:00,76.0,220.0,0.3,1.8,1020.5,0.0,12.1,IDRSING3
7890,16.0,0.0,0.0,2017-07-28 22:10:00,78.0,220.0,0.0,0.0,1020.5,0.0,12.2,IDRSING3
7891,15.9,0.0,0.0,2017-07-28 22:15:00,81.0,220.0,0.0,0.0,1020.9,0.0,12.6,IDRSING3
7892,15.4,0.0,0.0,2017-07-28 22:20:00,84.0,219.0,0.3,1.8,1020.9,0.0,12.7,IDRSING3
7893,14.9,0.0,0.0,2017-07-28 22:25:00,88.0,219.0,0.0,0.0,1020.9,0.0,12.9,IDRSING3
7894,14.5,0.0,0.0,2017-07-28 22:30:00,90.0,219.0,0.0,0.0,1020.9,0.0,12.9,IDRSING3
7895,14.3,0.0,0.0,2017-07-28 22:36:00,90.0,219.0,0.3,1.8,1020.9,0.0,12.7,IDRSING3
7896,14.8,0.0,0.0,2017-07-28 22:41:00,87.0,219.0,0.3,1.8,1020.9,0.0,12.7,IDRSING3
7897,15.0,0.0,0.0,2017-07-28 22:46:00,87.0,219.0,0.0,0.0,1020.9,0.0,12.9,IDRSING3
7898,14.8,0.0,0.0,2017-07-28 22:51:00,89.0,219.0,0.0,0.0,1021.2,0.0,13.0,IDRSING3
7899,14.8,0.0,0.0,2017-07-28 22:56:00,86.0,219.0,0.0,0.0,1020.9,0.0,12.5,IDRSING3
7900,14.8,0.0,0.0,2017-07-28 23:01:00,89.0,219.0,0.0,0.0,1020.9,0.0,13.0,IDRSING3
7901,14.4,0.0,0.0,2017-07-28 23:06:00,90.0,219.0,0.0,0.0,1020.9,0.0,12.8,IDRSING3
7902,14.7,0.0,0.0,2017-07-28 23:12:00,86.0,219.0,1.8,1.8,1021.2,0.0,12.4,IDRSING3
7903,14.8,0.0,0.0,2017-07-28 23:17:00,85.0,219.0,1.4,1.8,1020.9,0.0,12.3,IDRSING3
7904,14.8,0.0,0.0,2017-07-28 23:22:00,84.0,219.0,3.5,3.5,1020.9,0.0,12.1,IDRSING3
7905,14.8,0.0,0.0,2017-07-28 23:27:00,86.0,219.0,2.1,3.5,1021.2,0.0,12.5,IDRSING3
7906,14.6,0.0,0.0,2017-07-28 23:32:00,88.0,219.0,1.1,1.8,1020.9,0.0,12.6,IDRSING3
7907,14.7,0.0,0.0,2017-07-28 23:37:00,86.0,219.0,1.8,1.8,1021.2,0.0,12.4,IDRSING3
7908,14.4,0.0,0.0,2017-07-28 23:42:00,89.0,219.0,3.5,3.5,1021.2,0.0,12.6,IDRSING3
7909,14.3,0.0,0.0,2017-07-28 23:47:00,89.0,219.0,2.9,3.5,1021.2,0.0,12.5,IDRSING3
7910,14.0,0.0,0.0,2017-07-28 23:58:00,91.0,219.0,0.0,0.0,1021.2,0.0,12.6,IDRSING3
7911,13.9,0.0,0.0,2017-07-29 00:03:00,96.0,219.0,0.0,0.0,1021.2,0.0,13.3,IDRSING3
7912,13.9,0.0,0.0,2017-07-29 00:08:00,93.0,194.0,0.0,0.0,1021.2,0.0,12.8,IDRSING3
7913,13.9,0.0,0.0,2017-07-29 00:13:00,97.0,194.0,0.0,0.0,1020.9,0.0,13.5,IDRSING3
7914,13.4,0.0,0.0,2017-07-29 00:18:00,99.0,194.0,0.0,0.0,1021.2,0.0,13.2,IDRSING3
7915,12.8,0.0,0.0,2017-07-29 00:23:00,99.0,194.0,0.0,0.0,1021.6,0.0,12.6,IDRSING3
7916,12.5,0.0,0.0,2017-07-29 00:29:00,99.0,194.0,0.0,0.0,1021.2,0.0,12.3,IDRSING3
7917,12.6,0.0,0.0,2017-07-29 00:34:00,99.0,194.0,0.0,0.0,1021.2,0.0,12.4,IDRSING3
7918,12.5,0.0,0.0,2017-07-29 00:39:00,99.0,193.0,0.0,0.0,1021.2,0.0,12.3,IDRSING3
7919,12.1,0.0,0.0,2017-07-29 00:45:00,99.0,193.0,0.0,0.0,1021.2,0.0,11.9,IDRSING3
7920,11.9,0.0,0.0,2017-07-29 00:50:00,99.0,194.0,0.0,0.0,1021.6,0.0,11.7,IDRSING3
7921,12.2,0.0,0.0,2017-07-29 00:55:00,99.0,193.0,0.0,0.0,1021.2,0.0,12.0,IDRSING3
7922,12.6,0.0,0.0,2017-07-29 01:00:00,99.0,193.0,0.0,0.0,1021.6,0.0,12.4,IDRSING3
7923,12.6,0.0,0.0,2017-07-29 01:05:00,99.0,193.0,0.0,0.0,1021.2,0.0,12.4,IDRSING3
7924,12.2,0.0,0.0,2017-07-29 01:10:00,99.0,193.0,0.0,0.0,1021.2,0.0,12.0,IDRSING3
7925,11.6,0.0,0.0,2017-07-29 01:15:00,10.0,193.0,0.0,0.0,1021.2,0.0,-19.0,IDRSING3
7926,11.2,0.0,0.0,2017-07-29 01:21:00,10.0,193.0,0.3,1.8,1021.6,0.0,-19.3,IDRSING3
7927,11.8,0.0,0.0,2017-07-29 01:26:00,99.0,194.0,2.1,3.5,1021.6,0.0,11.6,IDRSING3
7928,12.3,0.0,0.0,2017-07-29 01:31:00,99.0,193.0,1.4,1.8,1021.6,0.0,12.1,IDRSING3
7929,12.7,0.0,0.0,2017-07-29 01:36:00,99.0,193.0,0.0,0.0,1021.2,0.0,12.5,IDRSING3
7930,12.4,0.0,0.0,2017-07-29 01:41:00,99.0,193.0,0.0,0.0,1021.2,0.0,12.2,IDRSING3
7931,12.5,0.0,0.0,2017-07-29 01:46:00,99.0,193.0,0.0,0.0,1021.6,0.0,12.3,IDRSING3
7932,12.3,0.0,0.0,2017-07-29 01:51:00,99.0,194.0,0.0,0.0,1021.2,0.0,12.1,IDRSING3
7933,12.2,0.0,0.0,2017-07-29 01:57:00,99.0,193.0,0.0,0.0,1021.6,0.0,12.0,IDRSING3
7934,11.9,0.0,0.0,2017-07-29 02:02:00,99.0,193.0,0.0,0.0,1021.6,0.0,11.7,IDRSING3
7935,12.0,0.0,0.0,2017-07-29 02:07:00,99.0,193.0,0.0,0.0,1021.6,0.0,11.8,IDRSING3
7936,12.1,0.0,0.0,2017-07-29 02:12:00,99.0,194.0,0.0,0.0,1021.6,0.0,11.9,IDRSING3
7937,12.4,0.0,0.0,2017-07-29 02:17:00,99.0,194.0,0.0,0.0,1021.6,0.0,12.2,IDRSING3
7938,12.4,0.0,0.0,2017-07-29 02:22:00,99.0,194.0,0.0,0.0,1021.6,0.0,12.2,IDRSING3
7939,12.7,0.0,0.0,2017-07-29 02:27:00,99.0,194.0,0.0,0.0,1021.6,0.0,12.5,IDRSING3
7940,12.6,0.0,0.0,2017-07-29 02:32:00,99.0,194.0,0.0,0.0,1021.6,0.0,12.4,IDRSING3
7941,12.5,0.0,0.0,2017-07-29 02:37:00,99.0,193.0,0.0,0.0,1021.9,0.0,12.3,IDRSING3
7942,12.3,0.0,0.0,2017-07-29 02:42:00,99.0,193.0,0.0,0.0,1021.6,0.0,12.1,IDRSING3
7943,12.1,0.0,0.0,2017-07-29 02:48:00,99.0,194.0,0.0,0.0,1021.6,0.0,11.9,IDRSING3
7944,12.7,0.0,0.0,2017-07-29 02:53:00,99.0,194.0,0.0,0.0,1021.6,0.0,12.5,IDRSING3
7945,13.7,0.0,0.0,2017-07-29 02:58:00,99.0,194.0,1.8,1.8,1021.6,0.0,13.5,IDRSING3
7946,13.9,0.0,0.0,2017-07-29 03:03:00,99.0,194.0,0.3,1.8,1021.6,0.0,13.7,IDRSING3
7947,13.4,0.0,0.0,2017-07-29 03:09:00,99.0,194.0,0.0,0.0,1021.9,0.0,13.2,IDRSING3
7948,12.3,0.0,0.0,2017-07-29 03:14:00,99.0,194.0,0.0,0.0,1021.6,0.0,12.1,IDRSING3
7949,11.5,0.0,0.0,2017-07-29 03:19:00,10.0,194.0,1.1,1.8,1021.6,0.85,-19.1,IDRSING3
7950,11.2,0.0,0.0,2017-07-29 03:24:00,10.0,194.0,0.0,0.0,1021.6,2.08,-19.3,IDRSING3
7951,11.2,0.0,0.0,2017-07-29 03:29:00,10.0,193.0,0.6,1.8,1021.9,5.14,-19.3,IDRSING3
7952,11.5,0.0,0.0,2017-07-29 03:34:00,10.0,194.0,0.0,0.0,1021.9,6.85,-19.1,IDRSING3
7953,11.5,0.0,0.0,2017-07-29 03:39:00,10.0,193.0,0.0,0.0,1021.9,9.05,-19.1,IDRSING3
7954,11.3,0.0,0.0,2017-07-29 03:44:00,10.0,193.0,0.0,0.0,1022.2,11.62,-19.2,IDRSING3
7955,10.7,0.0,0.0,2017-07-29 03:49:00,10.0,193.0,0.0,0.0,1021.9,13.33,-19.7,IDRSING3
7956,10.7,0.0,0.0,2017-07-29 03:54:00,13.0,193.0,0.0,0.0,1021.9,16.39,-16.6,IDRSING3
7957,10.8,0.0,0.0,2017-07-29 03:59:00,13.0,193.0,0.0,0.0,1022.2,18.6,-16.5,IDRSING3
7958,10.9,0.0,0.0,2017-07-29 04:04:00,13.0,194.0,0.0,0.0,1022.2,21.16,-16.4,IDRSING3
7959,11.0,0.0,0.0,2017-07-29 04:09:00,13.0,193.0,0.0,0.0,1021.9,23.85,-16.4,IDRSING3
7960,11.1,0.0,0.0,2017-07-29 04:14:00,13.0,193.0,0.0,0.0,1022.2,24.71,-16.3,IDRSING3
7961,11.3,0.0,0.0,2017-07-29 04:20:00,13.0,193.0,0.0,0.0,1022.2,23.36,-16.1,IDRSING3
7962,11.9,0.0,0.0,2017-07-29 04:25:00,11.0,193.0,1.8,1.8,1022.6,26.79,-17.7,IDRSING3
7963,12.5,0.0,0.0,2017-07-29 04:30:00,10.0,193.0,1.1,1.8,1022.6,28.63,-18.3,IDRSING3
7964,12.8,0.0,0.0,2017-07-29 04:35:00,10.0,193.0,0.0,0.0,1022.2,53.34,-18.1,IDRSING3
7965,12.9,0.0,0.0,2017-07-29 04:40:00,10.0,194.0,0.0,0.0,1022.2,65.94,-18.0,IDRSING3
7966,13.1,0.0,0.0,2017-07-29 04:45:00,10.0,194.0,0.0,0.0,1022.6,64.59,-17.8,IDRSING3
7967,13.5,0.0,0.0,2017-07-29 04:50:00,10.0,183.0,0.0,0.0,1022.2,105.33,-17.5,IDRSING3
7968,13.9,0.0,0.0,2017-07-29 04:55:00,10.0,184.0,0.0,0.0,1022.6,116.58,-17.2,IDRSING3
7969,14.4,0.0,0.0,2017-07-29 05:00:00,99.0,184.0,0.0,0.0,1022.6,132.24,14.2,IDRSING3
7970,14.7,0.0,0.0,2017-07-29 05:05:00,99.0,184.0,0.0,0.0,1022.2,145.21,14.5,IDRSING3
7971,15.8,0.0,0.0,2017-07-29 05:10:00,99.0,204.0,1.8,1.8,1022.6,160.02,15.6,IDRSING3
7972,16.8,0.0,0.0,2017-07-29 05:16:00,94.0,262.0,2.9,3.5,1022.6,68.51,15.7,IDRSING3
7973,17.3,0.0,0.0,2017-07-29 05:21:00,90.0,273.0,3.5,3.5,1022.6,114.87,15.6,IDRSING3
7974,17.6,0.0,0.0,2017-07-29 05:26:00,88.0,311.0,5.5,7.2,1022.6,108.39,15.5,IDRSING3
7975,18.0,0.0,0.0,2017-07-29 05:31:00,89.0,306.0,0.0,0.0,1022.9,83.19,16.1,IDRSING3
7976,18.7,0.0,0.0,2017-07-29 05:36:00,86.0,326.0,0.0,0.0,1023.2,226.81,16.3,IDRSING3
7977,18.7,0.0,0.0,2017-07-29 05:41:00,86.0,328.0,0.0,0.0,1022.9,193.41,16.3,IDRSING3
7978,18.2,0.0,0.0,2017-07-29 05:46:00,93.0,111.0,2.1,3.5,1022.9,260.21,17.0,IDRSING3
7979,18.0,0.0,0.0,2017-07-29 05:51:00,92.0,142.0,1.4,1.8,1022.9,268.03,16.7,IDRSING3
7980,19.1,0.0,0.0,2017-07-29 05:56:00,82.0,139.0,0.3,1.8,1022.6,278.93,15.9,IDRSING3
7981,20.0,0.0,0.0,2017-07-29 06:01:00,80.0,143.0,0.0,0.0,1022.9,306.2,16.5,IDRSING3
7982,20.4,0.0,0.0,2017-07-29 06:06:00,77.0,143.0,0.0,0.0,1022.6,322.23,16.2,IDRSING3
7983,20.4,0.0,0.0,2017-07-29 06:12:00,76.0,168.0,0.0,0.0,1022.6,339.23,16.0,IDRSING3
7984,20.4,0.0,0.0,2017-07-29 06:17:00,76.0,141.0,1.1,1.8,1022.9,344.86,16.0,IDRSING3
7985,20.1,0.0,0.0,2017-07-29 06:22:00,78.0,144.0,1.4,1.8,1022.6,380.34,16.2,IDRSING3
7986,20.1,0.0,0.0,2017-07-29 06:27:00,80.0,144.0,0.0,0.0,1022.9,404.69,16.6,IDRSING3
7987,20.4,0.0,0.0,2017-07-29 06:37:00,76.0,144.0,0.0,0.0,1022.9,448.11,16.0,IDRSING3
7988,20.7,0.0,0.0,2017-07-29 06:42:00,74.0,130.0,5.5,7.2,1022.9,466.35,15.9,IDRSING3
7989,20.6,0.0,0.0,2017-07-29 06:47:00,74.0,118.0,0.6,1.8,1022.9,479.31,15.8,IDRSING3
7990,21.6,0.0,0.0,2017-07-29 06:52:00,69.0,118.0,0.0,0.0,1022.9,510.51,15.7,IDRSING3
7991,21.6,0.0,0.0,2017-07-29 06:57:00,72.0,121.0,4.3,5.5,1022.9,556.5,16.3,IDRSING3
7992,21.5,0.0,0.0,2017-07-29 07:02:00,71.0,143.0,0.0,0.0,1022.9,592.96,16.0,IDRSING3
7993,22.4,0.0,0.0,2017-07-29 07:08:00,66.0,143.0,1.4,1.8,1023.2,599.45,15.7,IDRSING3
7994,22.5,0.0,0.0,2017-07-29 07:13:00,68.0,118.0,1.4,3.5,1023.2,624.16,16.3,IDRSING3
7995,22.1,0.0,0.0,2017-07-29 07:18:00,64.0,140.0,2.9,3.5,1023.2,621.59,15.0,IDRSING3
7996,22.8,0.0,0.0,2017-07-29 07:23:00,64.0,160.0,2.1,3.5,1023.2,635.53,15.7,IDRSING3
7997,22.2,0.0,0.0,2017-07-29 07:28:00,66.0,128.0,0.0,0.0,1023.2,633.7,15.6,IDRSING3
7998,22.7,0.0,0.0,2017-07-29 07:33:00,63.0,157.0,2.6,3.5,1023.2,649.85,15.3,IDRSING3
7999,22.5,0.0,0.0,2017-07-29 07:38:00,64.0,123.0,1.4,3.5,1023.2,661.11,15.4,IDRSING3
8000,23.1,0.0,0.0,2017-07-29 07:44:00,64.0,135.0,0.3,1.8,1023.2,671.01,15.9,IDRSING3
8001,23.2,0.0,0.0,2017-07-29 07:49:00,62.0,135.0,2.1,3.5,1023.2,705.26,15.5,IDRSING3
8002,23.6,0.0,0.0,2017-07-29 07:54:00,62.0,106.0,2.9,5.5,1023.2,727.41,15.9,IDRSING3
8003,22.7,0.0,0.0,2017-07-29 07:59:00,65.0,129.0,0.3,1.8,1023.2,718.72,15.8,IDRSING3
8004,23.3,0.0,0.0,2017-07-29 08:05:00,63.0,149.0,0.0,0.0,1022.9,745.64,15.9,IDRSING3
8005,23.4,0.0,0.0,2017-07-29 08:10:00,62.0,228.0,2.9,3.5,1023.2,766.43,15.7,IDRSING3
8006,23.8,0.0,0.0,2017-07-29 08:15:00,58.0,195.0,1.1,1.8,1023.2,765.21,15.1,IDRSING3
8007,23.9,0.0,0.0,2017-07-29 08:20:00,62.0,161.0,0.6,1.8,1022.9,778.67,16.2,IDRSING3
8008,24.1,0.0,0.0,2017-07-29 08:25:00,60.0,217.0,3.5,5.5,1023.2,785.15,15.9,IDRSING3
8009,24.3,0.0,0.0,2017-07-29 08:30:00,56.0,212.0,0.3,1.8,1023.2,798.12,15.0,IDRSING3
8010,25.4,0.0,0.0,2017-07-29 08:36:00,53.0,120.0,0.3,1.8,1023.2,802.53,15.2,IDRSING3
8011,25.1,0.0,0.0,2017-07-29 08:41:00,54.0,202.0,1.4,3.5,1023.2,809.01,15.2,IDRSING3
8012,24.3,0.0,0.0,2017-07-29 08:46:00,56.0,127.0,7.9,9.3,1023.2,790.29,15.0,IDRSING3
8013,24.3,0.0,0.0,2017-07-29 08:51:00,55.0,116.0,2.1,3.5,1023.2,774.26,14.7,IDRSING3
8014,24.7,0.0,0.0,2017-07-29 08:56:00,57.0,312.0,6.1,7.2,1022.9,801.67,15.6,IDRSING3
8015,23.8,0.0,0.0,2017-07-29 09:01:00,57.0,115.0,1.4,1.8,1023.2,143.99,14.8,IDRSING3
8016,24.2,0.0,0.0,2017-07-29 09:06:00,56.0,112.0,1.8,3.5,1022.9,781.24,14.9,IDRSING3
8017,25.4,0.0,0.0,2017-07-29 09:12:00,54.0,134.0,1.4,1.8,1022.9,803.75,15.4,IDRSING3
8018,25.1,0.0,0.0,2017-07-29 09:17:00,55.0,133.0,6.1,7.2,1022.9,807.66,15.4,IDRSING3
8019,25.3,0.0,0.0,2017-07-29 09:22:00,55.0,306.0,2.9,5.5,1023.2,787.36,15.6,IDRSING3
8020,25.5,0.0,0.0,2017-07-29 09:27:00,54.0,196.0,0.3,1.8,1022.6,780.38,15.5,IDRSING3
8021,24.9,0.0,0.0,2017-07-29 09:32:00,56.0,250.0,0.3,1.8,1022.9,726.55,15.5,IDRSING3
8022,25.5,0.0,0.0,2017-07-29 09:37:00,52.0,118.0,4.7,7.2,1022.9,732.67,15.0,IDRSING3
8023,25.4,0.0,0.0,2017-07-29 09:42:00,53.0,125.0,1.4,1.8,1022.9,736.58,15.2,IDRSING3
8024,25.4,0.0,0.0,2017-07-29 09:48:00,53.0,212.0,0.6,3.5,1022.6,727.9,15.2,IDRSING3
8025,25.6,0.0,0.0,2017-07-29 09:53:00,54.0,227.0,0.6,1.8,1022.6,731.82,15.6,IDRSING3
8026,25.3,0.0,0.0,2017-07-29 09:58:00,53.0,110.0,4.7,5.5,1022.6,738.3,15.1,IDRSING3
8027,25.7,0.0,0.0,2017-07-29 10:03:00,52.0,143.0,0.0,0.0,1022.2,746.99,15.1,IDRSING3
8028,26.8,0.0,0.0,2017-07-29 10:08:00,51.0,143.0,0.0,0.0,1022.6,750.9,15.9,IDRSING3
8029,26.3,0.0,0.0,2017-07-29 10:13:00,52.0,124.0,1.1,1.8,1022.6,747.84,15.7,IDRSING3
8030,25.6,0.0,0.0,2017-07-29 10:18:00,51.0,145.0,1.8,3.5,1022.6,749.55,14.8,IDRSING3
8031,26.3,0.0,0.0,2017-07-29 10:24:00,50.0,113.0,1.4,5.5,1022.6,751.26,15.1,IDRSING3
8032,26.1,0.0,0.0,2017-07-29 10:29:00,50.0,127.0,2.1,3.5,1022.2,748.7,14.9,IDRSING3
8033,26.4,0.0,0.0,2017-07-29 10:34:00,50.0,112.0,8.7,9.3,1021.9,736.09,15.2,IDRSING3
8034,25.8,0.0,0.0,2017-07-29 10:39:00,52.0,128.0,2.9,5.5,1021.9,744.78,15.2,IDRSING3
8035,26.0,0.0,0.0,2017-07-29 10:44:00,50.0,147.0,1.4,3.5,1021.6,736.58,14.8,IDRSING3
8036,27.6,0.0,0.0,2017-07-29 10:49:00,46.0,164.0,8.7,13.0,1022.2,741.72,15.0,IDRSING3
8037,27.0,0.0,0.0,2017-07-29 10:54:00,48.0,103.0,5.8,7.2,1022.2,736.09,15.1,IDRSING3
8038,27.6,0.0,0.0,2017-07-29 11:00:00,47.0,141.0,5.5,7.2,1021.9,743.56,15.3,IDRSING3
8039,27.3,0.0,0.0,2017-07-29 11:05:00,45.0,215.0,9.3,11.1,1021.9,752.12,14.4,IDRSING3
8040,27.3,0.0,0.0,2017-07-29 11:10:00,46.0,127.0,1.4,1.8,1022.2,750.41,14.7,IDRSING3
8041,27.1,0.0,0.0,2017-07-29 11:15:00,47.0,120.0,2.1,3.5,1021.9,750.9,14.8,IDRSING3
8042,27.4,0.0,0.0,2017-07-29 11:20:00,47.0,206.0,0.3,1.8,1021.9,750.04,15.1,IDRSING3
8043,28.4,0.0,0.0,2017-07-29 11:25:00,43.0,134.0,0.3,1.8,1021.9,708.82,14.6,IDRSING3
8044,28.1,0.0,0.0,2017-07-29 11:30:00,44.0,189.0,2.1,3.5,1021.9,694.87,14.7,IDRSING3
8045,28.5,0.0,0.0,2017-07-29 11:35:00,43.0,213.0,6.4,7.2,1021.6,715.79,14.7,IDRSING3
8046,28.2,0.0,0.0,2017-07-29 11:40:00,44.0,152.0,0.3,1.8,1021.9,743.56,14.8,IDRSING3
8047,28.6,0.0,0.0,2017-07-29 11:45:00,43.0,220.0,10.1,11.1,1021.6,743.92,14.8,IDRSING3
8048,27.9,0.0,0.0,2017-07-29 11:50:00,43.0,224.0,4.7,5.5,1021.6,750.04,14.2,IDRSING3
8049,28.3,0.0,0.0,2017-07-29 11:55:00,43.0,190.0,0.6,1.8,1021.6,729.61,14.6,IDRSING3
8050,29.4,0.0,0.0,2017-07-29 12:00:00,41.0,129.0,1.1,1.8,1021.6,744.41,14.8,IDRSING3
8051,28.4,0.0,0.0,2017-07-29 12:05:00,43.0,111.0,1.1,1.8,1021.6,725.33,14.6,IDRSING3
8052,28.6,0.0,0.0,2017-07-29 12:10:00,43.0,205.0,0.3,1.8,1021.6,723.5,14.8,IDRSING3
8053,28.6,0.0,0.0,2017-07-29 12:16:00,41.0,237.0,3.5,5.5,1021.6,722.64,14.1,IDRSING3
8054,29.0,0.0,0.0,2017-07-29 12:21:00,43.0,103.0,0.3,1.8,1021.2,753.95,15.2,IDRSING3
8055,29.0,0.0,0.0,2017-07-29 12:26:00,43.0,307.0,0.6,1.8,1021.2,313.54,15.2,IDRSING3
8056,28.9,0.0,0.0,2017-07-29 12:31:00,42.0,123.0,0.3,1.8,1021.6,471.48,14.7,IDRSING3
8057,28.1,0.0,0.0,2017-07-29 12:36:00,44.0,154.0,0.3,1.8,1021.2,739.16,14.7,IDRSING3
8058,28.8,0.0,0.0,2017-07-29 12:41:00,42.0,150.0,1.4,1.8,1021.2,721.41,14.7,IDRSING3
8059,28.6,0.0,0.0,2017-07-29 12:46:00,42.0,164.0,0.6,1.8,1021.2,709.67,14.5,IDRSING3
8060,29.1,0.0,0.0,2017-07-29 12:51:00,42.0,123.0,0.6,1.8,1021.2,686.67,14.9,IDRSING3
8061,28.1,0.0,0.0,2017-07-29 12:56:00,43.0,122.0,1.4,1.8,1021.2,697.56,14.4,IDRSING3
8062,29.3,0.0,0.0,2017-07-29 13:01:00,39.0,206.0,1.4,1.8,1021.2,679.7,14.0,IDRSING3
8063,29.1,0.0,0.0,2017-07-29 13:12:00,41.0,141.0,1.4,3.5,1021.2,654.99,14.5,IDRSING3
8064,29.1,0.0,0.0,2017-07-29 13:17:00,42.0,129.0,0.6,1.8,1021.2,648.87,14.9,IDRSING3
8065,30.0,0.0,0.0,2017-07-29 13:22:00,42.0,131.0,0.0,0.0,1021.2,647.65,15.7,IDRSING3
8066,30.2,0.0,0.0,2017-07-29 13:27:00,39.0,145.0,0.3,1.8,1020.9,637.62,14.8,IDRSING3
8067,30.4,0.0,0.0,2017-07-29 13:32:00,39.0,202.0,4.0,5.5,1020.9,626.85,14.9,IDRSING3
8068,30.4,0.0,0.0,2017-07-29 13:37:00,39.0,116.0,1.1,1.8,1020.9,600.79,14.9,IDRSING3
8069,30.9,0.0,0.0,2017-07-29 13:42:00,38.0,114.0,1.8,1.8,1020.5,607.77,15.0,IDRSING3
8070,30.8,0.0,0.0,2017-07-29 13:47:00,38.0,152.0,2.9,3.5,1020.9,623.3,14.9,IDRSING3
8071,29.9,0.0,0.0,2017-07-29 13:52:00,40.0,128.0,4.7,7.2,1020.9,632.84,14.9,IDRSING3
8072,29.6,0.0,0.0,2017-07-29 13:56:00,40.0,118.0,6.1,7.2,1020.9,603.85,14.6,IDRSING3
8073,29.4,0.0,0.0,2017-07-29 14:01:00,40.0,161.0,1.1,1.8,1020.9,554.3,14.4,IDRSING3
8074,29.6,0.0,0.0,2017-07-29 14:06:00,41.0,166.0,0.0,0.0,1020.9,567.4,15.0,IDRSING3
8075,29.7,0.0,0.0,2017-07-29 14:11:00,39.0,254.0,2.6,3.5,1020.5,594.67,14.3,IDRSING3
8076,30.3,0.0,0.0,2017-07-29 14:16:00,36.0,173.0,0.6,1.8,1020.5,573.02,13.6,IDRSING3
8077,30.7,0.0,0.0,2017-07-29 14:21:00,38.0,173.0,1.1,1.8,1020.5,541.33,14.8,IDRSING3
8078,31.0,0.0,0.0,2017-07-29 14:26:00,38.0,105.0,0.0,0.0,1020.5,527.02,15.1,IDRSING3
8079,30.5,0.0,0.0,2017-07-29 14:31:00,39.0,188.0,0.3,1.8,1020.5,491.06,15.0,IDRSING3
8080,30.2,0.0,0.0,2017-07-29 14:36:00,38.0,236.0,6.1,11.1,1020.5,429.03,14.4,IDRSING3
8081,29.8,0.0,0.0,2017-07-29 14:41:00,34.0,235.0,4.7,5.5,1020.5,443.35,12.3,IDRSING3
8082,30.0,0.0,0.0,2017-07-29 14:46:00,34.0,216.0,1.1,1.8,1020.5,449.34,12.5,IDRSING3
8083,29.8,0.0,0.0,2017-07-29 14:51:00,34.0,164.0,1.1,1.8,1020.2,461.08,12.3,IDRSING3
8084,30.4,0.0,0.0,2017-07-29 14:56:00,35.0,193.0,4.3,9.3,1020.2,432.45,13.3,IDRSING3
8085,31.1,0.0,0.0,2017-07-29 15:01:00,34.0,194.0,1.1,3.5,1020.5,296.66,13.4,IDRSING3
8086,31.0,0.0,0.0,2017-07-29 15:06:00,35.0,204.0,1.4,1.8,1020.2,377.77,13.8,IDRSING3
8087,30.7,0.0,0.0,2017-07-29 15:12:00,35.0,232.0,0.3,1.8,1020.5,468.91,13.5,IDRSING3
8088,30.4,0.0,0.0,2017-07-29 15:17:00,36.0,217.0,0.0,0.0,1020.2,477.11,13.7,IDRSING3
8089,31.2,0.0,0.0,2017-07-29 15:22:00,35.0,186.0,0.6,1.8,1020.5,349.15,14.0,IDRSING3
8090,30.8,0.0,0.0,2017-07-29 15:27:00,36.0,186.0,0.0,0.0,1020.5,417.66,14.0,IDRSING3
8091,30.4,0.0,0.0,2017-07-29 15:32:00,38.0,134.0,0.6,1.8,1020.5,290.18,14.5,IDRSING3
8092,30.3,0.0,0.0,2017-07-29 15:37:00,33.0,121.0,1.1,1.8,1020.2,390.37,12.3,IDRSING3
8093,31.2,0.0,0.0,2017-07-29 15:42:00,34.0,115.0,5.5,5.5,1020.2,367.01,13.5,IDRSING3
8094,30.0,0.0,0.0,2017-07-29 15:47:00,37.0,125.0,0.0,0.0,1019.9,246.75,13.8,IDRSING3
8095,29.4,0.0,0.0,2017-07-29 15:52:00,39.0,160.0,2.9,5.5,1019.9,110.1,14.1,IDRSING3
8096,28.9,0.0,0.0,2017-07-29 15:57:00,38.0,112.0,0.0,0.0,1020.2,180.44,13.2,IDRSING3
8097,29.2,0.0,0.0,2017-07-29 16:02:00,41.0,113.0,0.0,0.0,1019.9,145.21,14.6,IDRSING3
8098,29.2,0.0,0.0,2017-07-29 16:07:00,38.0,142.0,2.6,3.5,1020.2,188.27,13.5,IDRSING3
8099,29.4,0.0,0.0,2017-07-29 16:12:00,36.0,142.0,1.4,1.8,1020.2,258.98,12.8,IDRSING3
8100,29.6,0.0,0.0,2017-07-29 16:17:00,37.0,142.0,0.6,1.8,1020.2,166.5,13.4,IDRSING3
8101,28.8,0.0,0.0,2017-07-29 16:22:00,38.0,142.0,1.4,1.8,1020.2,172.98,13.1,IDRSING3
8102,29.5,0.0,0.0,2017-07-29 16:27:00,37.0,142.0,0.0,0.0,1020.2,241.12,13.3,IDRSING3
8103,30.6,0.0,0.0,2017-07-29 16:32:00,36.0,137.0,0.0,0.0,1020.2,192.07,13.9,IDRSING3
8104,30.5,0.0,0.0,2017-07-29 16:37:00,39.0,209.0,1.4,1.8,1019.9,122.34,15.0,IDRSING3
8105,29.8,0.0,0.0,2017-07-29 16:42:00,37.0,185.0,0.0,0.0,1019.9,192.07,13.6,IDRSING3
8106,30.2,0.0,0.0,2017-07-29 16:48:00,37.0,185.0,0.0,0.0,1020.2,172.12,13.9,IDRSING3
8107,30.5,0.0,0.0,2017-07-29 16:53:00,37.0,185.0,0.0,0.0,1019.9,150.47,14.2,IDRSING3
8108,30.2,0.0,0.0,2017-07-29 16:58:00,39.0,156.0,1.1,1.8,1020.2,147.9,14.8,IDRSING3
8109,29.8,0.0,0.0,2017-07-29 17:03:00,39.0,126.0,0.3,1.8,1019.9,102.76,14.4,IDRSING3
8110,29.2,0.0,0.0,2017-07-29 17:08:00,41.0,126.0,0.0,0.0,1019.9,124.05,14.6,IDRSING3
8111,29.2,0.0,0.0,2017-07-29 17:13:00,41.0,124.0,0.6,1.8,1020.2,106.19,14.6,IDRSING3
8112,29.2,0.0,0.0,2017-07-29 17:18:00,42.0,154.0,0.0,0.0,1020.2,90.16,15.0,IDRSING3
8113,29.0,0.0,0.0,2017-07-29 17:24:00,43.0,181.0,0.0,0.0,1019.9,79.27,15.2,IDRSING3
8114,28.8,0.0,0.0,2017-07-29 17:29:00,44.0,220.0,2.9,3.5,1019.9,64.1,15.4,IDRSING3
8115,28.5,0.0,0.0,2017-07-29 17:34:00,45.0,204.0,0.0,0.0,1020.2,54.19,15.4,IDRSING3
8116,28.1,0.0,0.0,2017-07-29 17:39:00,46.0,232.0,0.0,0.0,1020.2,46.36,15.4,IDRSING3
8117,27.8,0.0,0.0,2017-07-29 17:44:00,47.0,178.0,0.0,0.0,1019.9,42.94,15.5,IDRSING3
8118,28.0,0.0,0.0,2017-07-29 17:49:00,48.0,177.0,0.6,1.8,1020.2,37.19,16.0,IDRSING3
8119,27.1,0.0,0.0,2017-07-29 17:54:00,50.0,177.0,0.0,0.0,1020.2,28.14,15.8,IDRSING3
8120,26.5,0.0,0.0,2017-07-29 17:59:00,51.0,177.0,0.0,0.0,1020.2,24.22,15.6,IDRSING3
8121,26.6,0.0,0.0,2017-07-29 18:04:00,50.0,177.0,0.0,0.0,1019.9,21.65,15.3,IDRSING3
8122,26.5,0.0,0.0,2017-07-29 18:09:00,51.0,177.0,0.0,0.0,1020.2,17.25,15.6,IDRSING3
8123,26.3,0.0,0.0,2017-07-29 18:14:00,51.0,177.0,0.0,0.0,1019.9,12.97,15.4,IDRSING3
8124,25.9,0.0,0.0,2017-07-29 18:19:00,53.0,177.0,0.0,0.0,1019.9,9.05,15.6,IDRSING3
8125,25.3,0.0,0.0,2017-07-29 18:24:00,55.0,177.0,0.0,0.0,1020.2,5.63,15.6,IDRSING3
8126,24.7,0.0,0.0,2017-07-29 18:29:00,56.0,177.0,0.0,0.0,1020.2,3.79,15.4,IDRSING3
8127,24.3,0.0,0.0,2017-07-29 18:34:00,58.0,177.0,0.0,0.0,1020.2,2.08,15.5,IDRSING3
8128,23.9,0.0,0.0,2017-07-29 18:40:00,60.0,177.0,0.0,0.0,1020.2,0.36,15.7,IDRSING3
8129,23.4,0.0,0.0,2017-07-29 18:45:00,62.0,177.0,0.0,0.0,1020.2,0.0,15.7,IDRSING3
8130,22.8,0.0,0.0,2017-07-29 18:50:00,64.0,177.0,0.0,0.0,1020.2,0.0,15.7,IDRSING3
8131,22.4,0.0,0.0,2017-07-29 18:55:00,65.0,177.0,0.0,0.0,1020.2,0.0,15.5,IDRSING3
8132,22.2,0.0,0.0,2017-07-29 19:00:00,67.0,176.0,1.8,1.8,1020.2,0.0,15.8,IDRSING3
8133,21.7,0.0,0.0,2017-07-29 19:05:00,70.0,176.0,0.0,0.0,1020.2,0.0,16.0,IDRSING3
8134,21.4,0.0,0.0,2017-07-29 19:10:00,72.0,176.0,0.0,0.0,1020.2,0.0,16.1,IDRSING3
8135,20.8,0.0,0.0,2017-07-29 19:15:00,73.0,176.0,0.0,0.0,1020.5,0.0,15.8,IDRSING3
8136,20.5,0.0,0.0,2017-07-29 19:20:00,75.0,176.0,0.0,0.0,1020.2,0.0,15.9,IDRSING3
8137,20.1,0.0,0.0,2017-07-29 19:25:00,79.0,176.0,0.0,0.0,1020.2,0.0,16.4,IDRSING3
8138,19.8,0.0,0.0,2017-07-29 19:30:00,82.0,176.0,0.0,0.0,1020.2,0.0,16.6,IDRSING3
8139,19.5,0.0,0.0,2017-07-29 19:35:00,83.0,176.0,0.0,0.0,1020.2,0.0,16.6,IDRSING3
8140,19.3,0.0,0.0,2017-07-29 19:40:00,84.0,176.0,0.0,0.0,1020.2,0.0,16.5,IDRSING3
8141,19.3,0.0,0.0,2017-07-29 19:45:00,84.0,176.0,0.0,0.0,1020.2,0.0,16.5,IDRSING3
8142,19.2,0.0,0.0,2017-07-29 19:50:00,85.0,176.0,0.0,0.0,1020.2,0.0,16.6,IDRSING3
8143,18.9,0.0,0.0,2017-07-29 19:55:00,87.0,176.0,0.0,0.0,1020.2,0.0,16.7,IDRSING3
8144,18.7,0.0,0.0,2017-07-29 20:00:00,90.0,176.0,0.0,0.0,1020.2,0.0,17.0,IDRSING3
8145,18.7,0.0,0.0,2017-07-29 20:05:00,92.0,176.0,0.0,0.0,1019.9,0.0,17.4,IDRSING3
8146,18.5,0.0,0.0,2017-07-29 20:10:00,90.0,176.0,0.0,0.0,1020.2,0.0,16.8,IDRSING3
8147,18.4,0.0,0.0,2017-07-29 20:16:00,91.0,176.0,0.0,0.0,1020.2,0.0,16.9,IDRSING3
8148,18.4,0.0,0.0,2017-07-29 20:21:00,97.0,176.0,0.0,0.0,1020.5,0.0,18.0,IDRSING3
8149,18.2,0.0,0.0,2017-07-29 20:26:00,99.0,176.0,0.0,0.0,1020.2,0.0,18.0,IDRSING3
8150,18.2,0.0,0.0,2017-07-29 20:31:00,97.0,176.0,0.0,0.0,1019.9,0.0,17.8,IDRSING3
8151,18.3,0.0,0.0,2017-07-29 20:36:00,99.0,176.0,0.0,0.0,1020.2,0.0,18.1,IDRSING3
8152,18.3,0.0,0.0,2017-07-29 20:41:00,99.0,176.0,0.0,0.0,1020.5,0.0,18.1,IDRSING3
8153,18.2,0.0,0.0,2017-07-29 20:46:00,99.0,176.0,0.0,0.0,1020.2,0.0,18.0,IDRSING3
8154,17.9,0.0,0.0,2017-07-29 20:51:00,99.0,176.0,0.0,0.0,1020.2,0.0,17.7,IDRSING3
8155,17.7,0.0,0.0,2017-07-29 20:56:00,99.0,176.0,0.0,0.0,1020.5,0.0,17.5,IDRSING3
8156,17.6,0.0,0.0,2017-07-29 21:01:00,99.0,176.0,0.0,0.0,1020.2,0.0,17.4,IDRSING3
8157,17.5,0.0,0.0,2017-07-29 21:06:00,99.0,176.0,0.0,0.0,1020.2,0.0,17.3,IDRSING3
8158,17.4,0.0,0.0,2017-07-29 21:11:00,99.0,176.0,0.0,0.0,1020.2,0.0,17.2,IDRSING3
8159,17.3,0.0,0.0,2017-07-29 21:16:00,99.0,176.0,0.0,0.0,1020.2,0.0,17.1,IDRSING3
8160,17.1,0.0,0.0,2017-07-29 21:21:00,99.0,176.0,0.0,0.0,1019.9,0.0,16.9,IDRSING3
8161,16.7,0.0,0.0,2017-07-29 21:26:00,99.0,176.0,0.0,0.0,1020.2,0.0,16.5,IDRSING3
8162,16.6,0.0,0.0,2017-07-29 21:32:00,99.0,176.0,0.0,0.0,1020.2,0.0,16.4,IDRSING3
8163,16.6,0.0,0.0,2017-07-29 21:37:00,99.0,176.0,0.0,0.0,1020.2,0.0,16.4,IDRSING3
8164,16.5,0.0,0.0,2017-07-29 21:42:00,99.0,176.0,0.0,0.0,1020.2,0.0,16.3,IDRSING3
8165,16.4,0.0,0.0,2017-07-29 21:47:00,10.0,176.0,0.0,0.0,1020.2,0.0,-15.3,IDRSING3
8166,16.3,0.0,0.0,2017-07-29 21:52:00,10.0,176.0,0.0,0.0,1020.2,0.0,-15.4,IDRSING3
8167,16.1,0.0,0.0,2017-07-29 21:57:00,10.0,176.0,0.0,0.0,1020.2,0.0,-15.5,IDRSING3
8168,16.1,0.0,0.0,2017-07-29 22:00:00,10.0,176.0,0.0,0.0,1020.5,0.0,-15.5,IDRSING3
8169,16.3,0.0,0.0,2017-07-29 22:05:00,10.0,176.0,0.0,0.0,1020.2,0.0,-15.4,IDRSING3
8170,16.1,0.0,0.0,2017-07-29 22:10:00,10.0,176.0,0.0,0.0,1020.2,0.0,-15.5,IDRSING3
8171,16.0,0.0,0.0,2017-07-29 22:15:00,10.0,176.0,0.0,0.0,1020.2,0.0,-15.6,IDRSING3
8172,16.1,0.0,0.0,2017-07-29 22:20:00,10.0,176.0,0.0,0.0,1020.2,0.0,-15.5,IDRSING3
8173,16.3,0.0,0.0,2017-07-29 22:26:00,10.0,176.0,0.0,0.0,1020.2,0.0,-15.4,IDRSING3
8174,16.3,0.0,0.0,2017-07-29 22:31:00,10.0,176.0,0.0,0.0,1019.9,0.0,-15.4,IDRSING3
8175,16.2,0.0,0.0,2017-07-29 22:36:00,10.0,176.0,0.0,0.0,1020.2,0.0,-15.5,IDRSING3
8176,16.2,0.0,0.0,2017-07-29 22:41:00,10.0,176.0,0.0,0.0,1019.9,0.0,-15.5,IDRSING3
8177,15.9,0.0,0.0,2017-07-29 22:46:00,10.0,176.0,0.0,0.0,1019.9,0.0,-15.7,IDRSING3
8178,15.8,0.0,0.0,2017-07-29 22:51:00,99.0,176.0,0.0,0.0,1019.9,0.0,15.6,IDRSING3
8179,15.6,0.0,0.0,2017-07-29 22:56:00,10.0,176.0,0.0,0.0,1019.9,0.0,-15.9,IDRSING3
8180,15.6,0.0,0.0,2017-07-29 23:01:00,10.0,176.0,1.8,1.8,1020.2,0.0,-15.9,IDRSING3
8181,15.9,0.0,0.0,2017-07-29 23:06:00,99.0,176.0,0.0,0.0,1020.2,0.0,15.7,IDRSING3
8182,16.0,0.0,0.0,2017-07-29 23:12:00,99.0,176.0,0.0,0.0,1020.2,0.0,15.8,IDRSING3
8183,16.4,0.0,0.0,2017-07-29 23:17:00,99.0,176.0,0.0,0.0,1020.2,0.0,16.2,IDRSING3
8184,16.5,0.0,0.0,2017-07-29 23:22:00,99.0,176.0,0.0,0.0,1019.9,0.0,16.3,IDRSING3
8185,16.4,0.0,0.0,2017-07-29 23:27:00,99.0,176.0,0.0,0.0,1020.2,0.0,16.2,IDRSING3
8186,16.0,0.0,0.0,2017-07-29 23:32:00,99.0,176.0,0.0,0.0,1019.9,0.0,15.8,IDRSING3
8187,15.7,0.0,0.0,2017-07-29 23:37:00,10.0,176.0,0.0,0.0,1020.2,0.0,-15.8,IDRSING3
8188,15.4,0.0,0.0,2017-07-29 23:42:00,10.0,176.0,0.0,0.0,1020.2,0.0,-16.1,IDRSING3
8189,15.3,0.0,0.0,2017-07-29 23:47:00,10.0,176.0,0.0,0.0,1019.9,0.0,-16.1,IDRSING3
8190,15.3,0.0,0.0,2017-07-29 23:49:00,10.0,176.0,0.0,0.0,1019.9,0.0,-16.1,IDRSING3
8191,15.3,0.0,0.0,2017-07-29 23:54:00,10.0,176.0,0.0,0.0,1020.2,0.0,-16.1,IDRSING3
8192,15.2,0.0,0.0,2017-07-29 23:59:00,10.0,176.0,0.0,0.0,1020.2,0.0,-16.2,IDRSING3
8193,15.0,0.0,0.0,2017-07-30 00:04:00,10.0,176.0,0.0,0.0,1019.9,0.0,-16.4,IDRSING3
8194,14.9,0.0,0.0,2017-07-30 00:09:00,10.0,176.0,0.0,0.0,1019.9,0.0,-16.5,IDRSING3
8195,14.8,0.0,0.0,2017-07-30 00:14:00,10.0,176.0,0.0,0.0,1020.2,0.0,-16.5,IDRSING3
8196,14.9,0.0,0.0,2017-07-30 00:20:00,10.0,176.0,0.0,0.0,1020.2,0.0,-16.5,IDRSING3
8197,15.0,0.0,0.0,2017-07-30 00:25:00,10.0,176.0,0.0,0.0,1019.9,0.0,-16.4,IDRSING3
8198,14.8,0.0,0.0,2017-07-30 00:30:00,10.0,176.0,0.0,0.0,1019.9,0.0,-16.5,IDRSING3
8199,14.4,0.0,0.0,2017-07-30 00:35:00,10.0,176.0,0.0,0.0,1019.9,0.0,-16.8,IDRSING3
8200,14.1,0.0,0.0,2017-07-30 00:40:00,10.0,176.0,0.0,0.0,1019.9,0.0,-17.1,IDRSING3
8201,14.0,0.0,0.0,2017-07-30 00:45:00,10.0,176.0,0.0,0.0,1020.2,0.0,-17.1,IDRSING3
8202,14.0,0.0,0.0,2017-07-30 00:50:00,11.0,176.0,0.0,0.0,1019.5,0.0,-16.0,IDRSING3
8203,14.1,0.0,0.0,2017-07-30 00:55:00,12.0,176.0,0.0,0.0,1019.9,0.0,-14.9,IDRSING3
8204,14.1,0.0,0.0,2017-07-30 01:00:00,11.0,176.0,0.0,0.0,1019.9,0.0,-15.9,IDRSING3
8205,14.2,0.0,0.0,2017-07-30 01:05:00,11.0,176.0,0.0,0.0,1019.9,0.0,-15.9,IDRSING3
8206,14.2,0.0,0.0,2017-07-30 01:10:00,12.0,176.0,0.0,0.0,1019.9,0.0,-14.8,IDRSING3
8207,14.1,0.0,0.0,2017-07-30 01:16:00,11.0,176.0,0.0,0.0,1019.9,0.0,-15.9,IDRSING3
8208,14.0,0.0,0.0,2017-07-30 01:21:00,10.0,176.0,0.0,0.0,1019.9,0.0,-17.1,IDRSING3
8209,13.8,0.0,0.0,2017-07-30 01:26:00,12.0,176.0,0.0,0.0,1019.9,0.0,-15.1,IDRSING3
8210,13.8,0.0,0.0,2017-07-30 01:31:00,13.0,176.0,0.0,0.0,1019.9,0.0,-14.1,IDRSING3
8211,13.9,0.0,0.0,2017-07-30 01:36:00,13.0,176.0,0.0,0.0,1019.9,0.0,-14.1,IDRSING3
8212,13.8,0.0,0.0,2017-07-30 01:41:00,13.0,176.0,0.0,0.0,1019.9,0.0,-14.1,IDRSING3
8213,13.8,0.0,0.0,2017-07-30 01:46:00,13.0,176.0,0.0,0.0,1019.9,0.0,-14.1,IDRSING3
8214,13.7,0.0,0.0,2017-07-30 01:51:00,13.0,176.0,0.0,0.0,1019.5,0.0,-14.2,IDRSING3
8215,13.6,0.0,0.0,2017-07-30 01:56:00,13.0,176.0,0.0,0.0,1019.5,0.0,-14.3,IDRSING3
8216,13.6,0.0,0.0,2017-07-30 02:01:00,13.0,176.0,0.0,0.0,1019.9,0.0,-14.3,IDRSING3
8217,13.4,0.0,0.0,2017-07-30 02:06:00,13.0,176.0,0.0,0.0,1019.9,0.0,-14.5,IDRSING3
8218,13.3,0.0,0.0,2017-07-30 02:12:00,13.0,176.0,0.0,0.0,1019.5,0.0,-14.5,IDRSING3
8219,13.2,0.0,0.0,2017-07-30 02:17:00,13.0,176.0,0.0,0.0,1019.9,0.0,-14.6,IDRSING3
8220,13.2,0.0,0.0,2017-07-30 02:22:00,12.0,176.0,0.0,0.0,1019.5,0.0,-15.6,IDRSING3
8221,13.3,0.0,0.0,2017-07-30 02:27:00,12.0,176.0,0.0,0.0,1019.5,0.0,-15.5,IDRSING3
8222,13.3,0.0,0.0,2017-07-30 02:32:00,12.0,176.0,0.0,0.0,1019.9,0.0,-15.5,IDRSING3
8223,13.3,0.0,0.0,2017-07-30 02:37:00,12.0,176.0,0.0,0.0,1019.9,0.0,-15.5,IDRSING3
8224,13.4,0.0,0.0,2017-07-30 02:42:00,12.0,176.0,0.0,0.0,1019.5,0.0,-15.4,IDRSING3
8225,13.4,0.0,0.0,2017-07-30 02:44:00,12.0,176.0,0.0,0.0,1019.5,0.0,-15.4,IDRSING3
8226,13.6,0.0,0.0,2017-07-30 02:49:00,12.0,176.0,0.0,0.0,1019.9,0.0,-15.3,IDRSING3
8227,13.6,0.0,0.0,2017-07-30 02:54:00,13.0,176.0,0.0,0.0,1019.9,0.0,-14.3,IDRSING3
8228,13.4,0.0,0.0,2017-07-30 03:00:00,13.0,176.0,0.0,0.0,1019.9,0.0,-14.5,IDRSING3
8229,13.3,0.0,0.0,2017-07-30 03:05:00,13.0,176.0,0.0,0.0,1019.9,0.0,-14.5,IDRSING3
8230,13.2,0.0,0.0,2017-07-30 03:10:00,12.0,176.0,0.0,0.0,1019.9,0.0,-15.6,IDRSING3
8231,13.1,0.0,0.0,2017-07-30 03:15:00,12.0,176.0,0.0,0.0,1019.9,0.0,-15.7,IDRSING3
8232,12.8,0.0,0.0,2017-07-30 03:20:00,13.0,176.0,0.0,0.0,1019.9,1.22,-14.9,IDRSING3
8233,13.1,0.0,0.0,2017-07-30 03:25:00,12.0,176.0,0.0,0.0,1019.9,1.71,-15.7,IDRSING3
8234,13.1,0.0,0.0,2017-07-30 03:30:00,12.0,176.0,0.0,0.0,1019.5,3.43,-15.7,IDRSING3
8235,13.1,0.0,0.0,2017-07-30 03:35:00,13.0,176.0,0.0,0.0,1019.5,5.14,-14.7,IDRSING3
8236,12.8,0.0,0.0,2017-07-30 03:40:00,12.0,176.0,0.0,0.0,1019.5,7.34,-15.9,IDRSING3
8237,13.0,0.0,0.0,2017-07-30 03:45:00,11.0,176.0,0.0,0.0,1019.9,9.05,-16.8,IDRSING3
8238,13.1,0.0,0.0,2017-07-30 03:47:00,11.0,176.0,0.0,0.0,1019.5,9.91,-16.7,IDRSING3
8239,13.3,0.0,0.0,2017-07-30 03:52:00,12.0,176.0,0.0,0.0,1019.5,12.11,-15.5,IDRSING3
8240,13.1,0.0,0.0,2017-07-30 03:57:00,12.0,176.0,0.0,0.0,1019.5,15.53,-15.7,IDRSING3
8241,13.3,0.0,0.0,2017-07-30 04:02:00,13.0,176.0,0.0,0.0,1019.5,21.65,-14.5,IDRSING3
8242,13.4,0.0,0.0,2017-07-30 04:07:00,12.0,176.0,0.0,0.0,1019.9,19.45,-15.4,IDRSING3
8243,13.6,0.0,0.0,2017-07-30 04:12:00,12.0,176.0,0.0,0.0,1019.5,20.8,-15.3,IDRSING3
8244,14.0,0.0,0.0,2017-07-30 04:17:00,12.0,176.0,0.0,0.0,1019.5,22.51,-15.0,IDRSING3
8245,14.2,0.0,0.0,2017-07-30 04:22:00,12.0,176.0,0.0,0.0,1019.9,24.22,-14.8,IDRSING3
8246,14.4,0.0,0.0,2017-07-30 04:27:00,12.0,176.0,0.0,0.0,1019.5,25.94,-14.6,IDRSING3
8247,14.5,0.0,0.0,2017-07-30 04:32:00,12.0,176.0,0.0,0.0,1019.9,28.14,-14.6,IDRSING3
8248,15.0,0.0,0.0,2017-07-30 04:37:00,10.0,176.0,0.0,0.0,1019.5,54.19,-16.4,IDRSING3
8249,15.4,0.0,0.0,2017-07-30 04:42:00,10.0,176.0,0.0,0.0,1019.5,51.99,-16.1,IDRSING3
8250,15.9,0.0,0.0,2017-07-30 04:47:00,10.0,176.0,0.0,0.0,1019.5,83.68,-15.7,IDRSING3
8251,16.7,0.0,0.0,2017-07-30 04:52:00,10.0,176.0,0.0,0.0,1019.2,68.02,-15.1,IDRSING3
8252,17.1,0.0,0.0,2017-07-30 04:57:00,10.0,177.0,0.0,0.0,1019.5,45.51,-14.8,IDRSING3
8253,17.6,0.0,0.0,2017-07-30 05:02:00,99.0,177.0,0.0,0.0,1019.5,82.82,17.4,IDRSING3
8254,18.3,0.0,0.0,2017-07-30 05:07:00,99.0,177.0,0.0,0.0,1019.9,145.7,18.1,IDRSING3
8255,19.0,0.0,0.0,2017-07-30 05:12:00,99.0,177.0,0.0,0.0,1019.5,101.9,18.8,IDRSING3
8256,19.3,0.0,0.0,2017-07-30 05:17:00,99.0,177.0,0.0,0.0,1019.2,140.07,19.1,IDRSING3
8257,20.2,0.0,0.0,2017-07-30 05:23:00,95.0,177.0,0.0,0.0,1019.5,181.3,19.3,IDRSING3
8258,21.4,0.0,0.0,2017-07-30 05:28:00,85.0,177.0,1.4,1.8,1019.5,58.97,18.8,IDRSING3
8259,21.9,0.0,0.0,2017-07-30 05:33:00,83.0,176.0,1.1,1.8,1019.2,55.41,18.9,IDRSING3
8260,22.2,0.0,0.0,2017-07-30 05:38:00,82.0,176.0,0.3,1.8,1019.2,130.9,19.0,IDRSING3
8261,22.7,0.0,0.0,2017-07-30 05:43:00,79.0,123.0,3.5,5.5,1019.2,250.66,18.9,IDRSING3
8262,23.1,0.0,0.0,2017-07-30 05:48:00,77.0,123.0,2.9,3.5,1019.5,261.07,18.8,IDRSING3
8263,23.5,0.0,0.0,2017-07-30 05:53:00,77.0,123.0,2.9,3.5,1019.2,270.24,19.2,IDRSING3
8264,24.1,0.0,0.0,2017-07-30 05:58:00,75.0,123.0,1.1,1.8,1019.2,288.47,19.4,IDRSING3
8265,24.5,0.0,0.0,2017-07-30 06:03:00,72.0,134.0,0.0,0.0,1019.5,313.18,19.1,IDRSING3
8266,24.7,0.0,0.0,2017-07-30 06:08:00,71.0,134.0,0.0,0.0,1019.5,328.71,19.1,IDRSING3
8267,24.8,0.0,0.0,2017-07-30 06:13:00,69.0,194.0,0.3,1.8,1019.5,337.4,18.7,IDRSING3
8268,24.9,0.0,0.0,2017-07-30 06:18:00,67.0,171.0,1.8,3.5,1019.5,349.64,18.4,IDRSING3
8269,25.2,0.0,0.0,2017-07-30 06:23:00,66.0,155.0,0.3,1.8,1019.9,373.49,18.4,IDRSING3
8270,25.3,0.0,0.0,2017-07-30 06:28:00,65.0,117.0,0.3,1.8,1019.5,409.94,18.3,IDRSING3
8271,25.3,0.0,0.0,2017-07-30 06:32:00,65.0,167.0,0.0,0.0,1019.5,418.51,18.3,IDRSING3
8272,25.7,0.0,0.0,2017-07-30 06:37:00,64.0,104.0,0.3,1.8,1019.5,446.77,18.4,IDRSING3
8273,26.0,0.0,0.0,2017-07-30 06:42:00,63.0,130.0,1.4,3.5,1019.5,474.54,18.4,IDRSING3
8274,26.3,0.0,0.0,2017-07-30 06:47:00,62.0,146.0,0.0,0.0,1019.5,478.82,18.4,IDRSING3
8275,26.4,0.0,0.0,2017-07-30 06:52:00,60.0,106.0,1.8,3.5,1019.5,494.48,18.0,IDRSING3
8276,26.5,0.0,0.0,2017-07-30 06:57:00,60.0,155.0,1.1,1.8,1019.2,531.79,18.1,IDRSING3
8277,26.6,0.0,0.0,2017-07-30 07:02:00,60.0,106.0,2.9,3.5,1019.5,588.68,18.2,IDRSING3
8278,26.7,0.0,0.0,2017-07-30 07:07:00,60.0,117.0,4.0,5.5,1019.2,618.53,18.3,IDRSING3
8279,26.5,0.0,0.0,2017-07-30 07:12:00,60.0,124.0,2.9,3.5,1019.5,618.53,18.1,IDRSING3
8280,27.1,0.0,0.0,2017-07-30 07:17:00,58.0,116.0,5.5,9.3,1019.2,647.16,18.1,IDRSING3
8281,26.5,0.0,0.0,2017-07-30 07:22:00,59.0,125.0,9.7,14.8,1019.2,628.56,17.9,IDRSING3
8282,26.4,0.0,0.0,2017-07-30 07:28:00,59.0,114.0,10.5,13.0,1019.2,627.7,17.8,IDRSING3
8283,26.9,0.0,0.0,2017-07-30 07:33:00,58.0,140.0,7.2,11.1,1019.2,627.7,18.0,IDRSING3
8284,27.0,0.0,0.0,2017-07-30 07:38:00,57.0,123.0,9.7,11.1,1019.2,672.36,17.8,IDRSING3
8285,27.3,0.0,0.0,2017-07-30 07:43:00,56.0,108.0,0.0,0.0,1019.2,677.62,17.8,IDRSING3
8286,27.8,0.0,0.0,2017-07-30 07:48:00,56.0,130.0,5.5,9.3,1019.2,693.65,18.2,IDRSING3
8287,27.8,0.0,0.0,2017-07-30 07:53:00,57.0,128.0,9.0,13.0,1019.2,719.58,18.5,IDRSING3
8288,27.7,0.0,0.0,2017-07-30 07:58:00,57.0,136.0,3.2,3.5,1019.2,714.44,18.4,IDRSING3
8289,27.8,0.0,0.0,2017-07-30 08:03:00,55.0,104.0,9.7,16.6,1019.2,734.87,18.0,IDRSING3
8290,28.3,0.0,0.0,2017-07-30 08:08:00,54.0,174.0,0.6,1.8,1019.2,750.9,18.1,IDRSING3
8291,28.9,0.0,0.0,2017-07-30 08:13:00,53.0,137.0,4.0,5.5,1019.2,750.9,18.4,IDRSING3
8292,28.7,0.0,0.0,2017-07-30 08:18:00,53.0,144.0,1.4,1.8,1019.2,744.41,18.2,IDRSING3
8293,28.6,0.0,0.0,2017-07-30 08:23:00,53.0,141.0,0.3,1.8,1019.2,750.04,18.1,IDRSING3
8294,28.6,0.0,0.0,2017-07-30 08:28:00,54.0,134.0,0.6,1.8,1019.2,773.41,18.4,IDRSING3
8295,29.0,0.0,0.0,2017-07-30 08:33:00,54.0,150.0,1.4,1.8,1019.2,785.15,18.8,IDRSING3
8296,29.5,0.0,0.0,2017-07-30 08:38:00,53.0,123.0,2.1,3.5,1019.2,807.66,18.9,IDRSING3
8297,29.6,0.0,0.0,2017-07-30 08:43:00,51.0,137.0,0.0,0.0,1018.8,819.04,18.4,IDRSING3
8298,29.6,0.0,0.0,2017-07-30 08:48:00,53.0,99.0,2.1,3.5,1019.2,786.01,19.0,IDRSING3
8299,29.5,0.0,0.0,2017-07-30 08:58:00,52.0,111.0,2.9,5.5,1019.2,770.35,18.7,IDRSING3
8300,29.6,0.0,0.0,2017-07-30 09:03:00,52.0,164.0,2.1,3.5,1019.2,776.95,18.7,IDRSING3
8301,29.7,0.0,0.0,2017-07-30 09:08:00,52.0,157.0,5.5,7.2,1019.2,794.7,18.8,IDRSING3
8302,29.8,0.0,0.0,2017-07-30 09:13:00,52.0,130.0,1.4,1.8,1019.2,803.75,18.9,IDRSING3
8303,30.1,0.0,0.0,2017-07-30 09:18:00,51.0,180.0,1.8,1.8,1018.8,785.52,18.9,IDRSING3
8304,30.3,0.0,0.0,2017-07-30 09:24:00,52.0,148.0,10.8,16.6,1018.8,765.21,19.4,IDRSING3
8305,30.4,0.0,0.0,2017-07-30 09:29:00,51.0,180.0,1.8,3.5,1018.8,756.53,19.2,IDRSING3
8306,30.5,0.0,0.0,2017-07-30 09:34:00,51.0,194.0,2.1,3.5,1018.8,726.19,19.3,IDRSING3
8307,30.7,0.0,0.0,2017-07-30 09:39:00,51.0,197.0,0.6,1.8,1018.8,722.64,19.4,IDRSING3
8308,30.9,0.0,0.0,2017-07-30 09:44:00,50.0,126.0,5.0,7.2,1018.8,740.01,19.3,IDRSING3
8309,30.3,0.0,0.0,2017-07-30 09:49:00,52.0,167.0,1.8,3.5,1018.8,723.13,19.4,IDRSING3
8310,30.8,0.0,0.0,2017-07-30 09:54:00,51.0,184.0,2.1,3.5,1018.8,738.3,19.5,IDRSING3
8311,30.5,0.0,0.0,2017-07-30 09:59:00,51.0,167.0,7.9,13.0,1018.5,539.99,19.3,IDRSING3
8312,30.4,0.0,0.0,2017-07-30 10:04:00,52.0,168.0,1.8,3.5,1018.5,436.74,19.5,IDRSING3
8313,30.5,0.0,0.0,2017-07-30 10:09:00,51.0,114.0,6.1,13.0,1018.8,592.47,19.3,IDRSING3
8314,31.0,0.0,0.0,2017-07-30 10:14:00,50.0,158.0,1.1,1.8,1018.5,816.35,19.4,IDRSING3
8315,31.4,0.0,0.0,2017-07-30 10:20:00,49.0,168.0,2.1,3.5,1018.8,775.61,19.4,IDRSING3
8316,31.2,0.0,0.0,2017-07-30 10:25:00,49.0,128.0,1.4,1.8,1018.5,775.61,19.3,IDRSING3
8317,31.0,0.0,0.0,2017-07-30 10:30:00,50.0,115.0,17.7,21.9,1018.2,770.35,19.4,IDRSING3
8318,31.2,0.0,0.0,2017-07-30 10:35:00,49.0,211.0,1.8,1.8,1018.5,782.58,19.3,IDRSING3
8319,31.4,0.0,0.0,2017-07-30 10:40:00,49.0,179.0,5.0,7.2,1018.5,821.61,19.4,IDRSING3
8320,31.8,0.0,0.0,2017-07-30 10:45:00,50.0,157.0,1.1,1.8,1018.2,713.95,20.1,IDRSING3
8321,31.2,0.0,0.0,2017-07-30 10:50:00,49.0,125.0,4.7,7.2,1018.2,774.26,19.3,IDRSING3
8322,31.7,0.0,0.0,2017-07-30 10:55:00,49.0,106.0,7.2,9.3,1018.2,740.5,19.7,IDRSING3
8323,32.1,0.0,0.0,2017-07-30 11:00:00,47.0,128.0,1.8,1.8,1018.2,550.88,19.4,IDRSING3
8324,32.1,0.0,0.0,2017-07-30 11:05:00,47.0,91.0,4.7,7.2,1018.2,807.66,19.4,IDRSING3
8325,32.1,0.0,0.0,2017-07-30 11:10:00,47.0,143.0,7.2,11.1,1018.2,802.04,19.4,IDRSING3
8326,32.6,0.0,0.0,2017-07-30 11:15:00,45.0,106.0,7.2,11.1,1018.2,773.04,19.2,IDRSING3
8327,32.6,0.0,0.0,2017-07-30 11:20:00,45.0,153.0,3.5,5.5,1018.2,757.87,19.2,IDRSING3
8328,32.6,0.0,0.0,2017-07-30 11:25:00,45.0,116.0,1.1,1.8,1018.2,728.75,19.2,IDRSING3
8329,32.9,0.0,0.0,2017-07-30 11:30:00,44.0,170.0,2.1,3.5,1017.8,706.24,19.1,IDRSING3
8330,32.9,0.0,0.0,2017-07-30 11:36:00,45.0,186.0,2.9,3.5,1018.2,684.47,19.4,IDRSING3
8331,32.6,0.0,0.0,2017-07-30 11:41:00,44.0,129.0,2.1,3.5,1017.8,715.79,18.8,IDRSING3
8332,32.4,0.0,0.0,2017-07-30 11:46:00,45.0,172.0,4.7,5.5,1017.8,719.21,19.0,IDRSING3
8333,32.9,0.0,0.0,2017-07-30 11:51:00,44.0,175.0,4.7,9.3,1017.5,698.41,19.1,IDRSING3
8334,32.9,0.0,0.0,2017-07-30 11:56:00,44.0,144.0,3.2,5.5,1017.5,741.36,19.1,IDRSING3
8335,33.1,0.0,0.0,2017-07-30 12:01:00,41.0,265.0,8.7,11.1,1017.5,720.92,18.1,IDRSING3
8336,33.4,0.0,0.0,2017-07-30 12:06:00,42.0,145.0,1.8,1.8,1017.5,711.87,18.8,IDRSING3
8337,33.4,0.0,0.0,2017-07-30 12:11:00,41.0,163.0,9.3,11.1,1017.5,724.35,18.4,IDRSING3
8338,33.7,0.0,0.0,2017-07-30 12:16:00,41.0,244.0,6.4,13.0,1017.5,701.84,18.7,IDRSING3
8339,33.5,0.0,0.0,2017-07-30 12:21:00,41.0,146.0,2.6,3.5,1017.5,687.53,18.5,IDRSING3
8340,33.4,0.0,0.0,2017-07-30 12:26:00,41.0,185.0,6.9,9.3,1017.5,705.26,18.4,IDRSING3
8341,33.6,0.0,0.0,2017-07-30 12:31:00,41.0,263.0,2.6,3.5,1017.5,578.16,18.6,IDRSING3
8342,32.7,0.0,0.0,2017-07-30 12:36:00,45.0,115.0,4.3,7.2,1017.2,701.84,19.3,IDRSING3
8343,32.7,0.0,0.0,2017-07-30 12:41:00,44.0,189.0,2.1,3.5,1017.5,665.38,18.9,IDRSING3
8344,32.9,0.0,0.0,2017-07-30 12:46:00,44.0,150.0,2.1,3.5,1017.5,230.73,19.1,IDRSING3
8345,32.8,0.0,0.0,2017-07-30 12:52:00,44.0,169.0,2.1,3.5,1017.2,697.56,19.0,IDRSING3
8346,33.5,0.0,0.0,2017-07-30 12:57:00,43.0,143.0,1.8,1.8,1017.2,213.84,19.2,IDRSING3
8347,32.9,0.0,0.0,2017-07-30 13:02:00,44.0,118.0,9.3,13.0,1017.2,648.87,19.1,IDRSING3
8348,33.3,0.0,0.0,2017-07-30 13:07:00,42.0,193.0,1.4,1.8,1017.2,644.59,18.7,IDRSING3
8349,34.0,0.0,0.0,2017-07-30 13:12:00,41.0,118.0,1.8,3.5,1016.8,616.82,18.9,IDRSING3
8350,34.2,0.0,0.0,2017-07-30 13:17:00,40.0,161.0,2.1,3.5,1017.2,628.07,18.7,IDRSING3
8351,34.5,0.0,0.0,2017-07-30 13:22:00,39.0,159.0,8.2,14.8,1016.8,569.11,18.6,IDRSING3
8352,34.1,0.0,0.0,2017-07-30 13:27:00,41.0,208.0,1.1,1.8,1017.2,552.59,19.0,IDRSING3
8353,34.1,0.0,0.0,2017-07-30 13:32:00,42.0,207.0,6.4,11.1,1016.8,505.74,19.4,IDRSING3
8354,33.3,0.0,0.0,2017-07-30 13:37:00,43.0,135.0,1.4,1.8,1017.2,381.69,19.1,IDRSING3
8355,33.2,0.0,0.0,2017-07-30 13:42:00,42.0,163.0,1.4,1.8,1017.2,548.31,18.6,IDRSING3
8356,33.7,0.0,0.0,2017-07-30 13:47:00,43.0,116.0,2.9,5.5,1016.8,269.38,19.4,IDRSING3
8357,33.2,0.0,0.0,2017-07-30 13:52:00,42.0,170.0,1.8,3.5,1017.2,562.62,18.6,IDRSING3
8358,34.0,0.0,0.0,2017-07-30 13:57:00,41.0,201.0,6.9,9.3,1017.2,569.96,18.9,IDRSING3
8359,34.0,0.0,0.0,2017-07-30 14:02:00,41.0,189.0,0.0,0.0,1016.8,546.11,18.9,IDRSING3
8360,33.8,0.0,0.0,2017-07-30 14:08:00,42.0,200.0,6.1,7.2,1017.2,295.32,19.2,IDRSING3
8361,33.3,0.0,0.0,2017-07-30 14:13:00,42.0,125.0,2.1,3.5,1017.2,300.58,18.7,IDRSING3
8362,33.7,0.0,0.0,2017-07-30 14:18:00,41.0,160.0,1.1,1.8,1017.2,534.36,18.7,IDRSING3
8363,34.2,0.0,0.0,2017-07-30 14:23:00,42.0,225.0,1.4,1.8,1016.8,291.4,19.5,IDRSING3
8364,33.6,0.0,0.0,2017-07-30 14:28:00,43.0,117.0,1.1,1.8,1016.8,364.32,19.3,IDRSING3
8365,33.0,0.0,0.0,2017-07-30 14:33:00,45.0,157.0,2.6,3.5,1017.2,467.2,19.5,IDRSING3
8366,33.3,0.0,0.0,2017-07-30 14:38:00,44.0,173.0,3.5,5.5,1016.8,448.48,19.4,IDRSING3
8367,33.4,0.0,0.0,2017-07-30 14:39:00,44.0,122.0,3.2,9.3,1016.8,430.74,19.5,IDRSING3
8368,32.8,0.0,0.0,2017-07-30 14:44:00,46.0,103.0,10.5,14.8,1016.8,267.55,19.7,IDRSING3
8369,32.4,0.0,0.0,2017-07-30 14:49:00,47.0,121.0,1.4,3.5,1016.8,240.27,19.7,IDRSING3
8370,32.4,0.0,0.0,2017-07-30 14:54:00,47.0,123.0,2.6,3.5,1016.8,330.06,19.7,IDRSING3
8371,32.5,0.0,0.0,2017-07-30 14:59:00,46.0,134.0,1.8,1.8,1016.8,312.32,19.4,IDRSING3
8372,32.1,0.0,0.0,2017-07-30 15:04:00,47.0,148.0,9.7,11.1,1016.8,271.1,19.4,IDRSING3
8373,32.1,0.0,0.0,2017-07-30 15:09:00,47.0,158.0,1.4,1.8,1016.8,272.81,19.4,IDRSING3
8374,32.4,0.0,0.0,2017-07-30 15:14:00,46.0,122.0,1.4,3.5,1017.2,247.24,19.3,IDRSING3
8375,32.2,0.0,0.0,2017-07-30 15:19:00,47.0,171.0,0.3,1.8,1017.2,227.66,19.5,IDRSING3
8376,32.3,0.0,0.0,2017-07-30 15:24:00,47.0,179.0,0.6,1.8,1017.2,211.15,19.6,IDRSING3
8377,32.0,0.0,0.0,2017-07-30 15:29:00,47.0,149.0,0.3,1.8,1016.8,197.32,19.3,IDRSING3
8378,31.8,0.0,0.0,2017-07-30 15:34:00,48.0,154.0,1.1,1.8,1017.2,202.1,19.5,IDRSING3
8379,31.9,0.0,0.0,2017-07-30 15:40:00,48.0,115.0,1.8,1.8,1017.2,191.21,19.6,IDRSING3
8380,31.8,0.0,0.0,2017-07-30 15:45:00,49.0,160.0,0.3,1.8,1017.2,184.36,19.8,IDRSING3
8381,31.9,0.0,0.0,2017-07-30 15:50:00,49.0,113.0,0.3,1.8,1016.8,174.33,19.9,IDRSING3
8382,31.5,0.0,0.0,2017-07-30 15:55:00,49.0,112.0,0.6,1.8,1017.2,172.61,19.5,IDRSING3
8383,31.3,0.0,0.0,2017-07-30 16:00:00,50.0,126.0,0.0,0.0,1016.8,160.87,19.7,IDRSING3
8384,31.3,0.0,0.0,2017-07-30 16:05:00,50.0,112.0,0.6,1.8,1017.2,150.47,19.7,IDRSING3
8385,31.1,0.0,0.0,2017-07-30 16:10:00,51.0,184.0,0.3,1.8,1016.8,147.41,19.8,IDRSING3
8386,31.0,0.0,0.0,2017-07-30 16:15:00,51.0,131.0,2.9,7.2,1016.8,140.44,19.7,IDRSING3
8387,30.7,0.0,0.0,2017-07-30 16:20:00,52.0,125.0,3.5,5.5,1016.8,124.41,19.8,IDRSING3
8388,30.5,0.0,0.0,2017-07-30 16:25:00,54.0,123.0,2.9,5.5,1016.8,115.36,20.2,IDRSING3
8389,30.3,0.0,0.0,2017-07-30 16:30:00,54.0,108.0,4.7,7.2,1017.2,122.34,20.0,IDRSING3
8390,30.3,0.0,0.0,2017-07-30 16:32:00,54.0,170.0,0.3,1.8,1017.2,124.41,20.0,IDRSING3
8391,30.4,0.0,0.0,2017-07-30 16:37:00,54.0,109.0,0.3,1.8,1017.2,117.44,20.1,IDRSING3
8392,30.3,0.0,0.0,2017-07-30 16:42:00,54.0,156.0,0.0,0.0,1017.2,110.1,20.0,IDRSING3
8393,30.3,0.0,0.0,2017-07-30 16:48:00,54.0,149.0,5.8,9.3,1017.2,100.19,20.0,IDRSING3
8394,30.2,0.0,0.0,2017-07-30 16:53:00,54.0,106.0,0.0,0.0,1017.2,89.79,19.9,IDRSING3
8395,30.3,0.0,0.0,2017-07-30 16:58:00,54.0,135.0,1.1,1.8,1017.2,88.82,20.0,IDRSING3
8396,30.5,0.0,0.0,2017-07-30 17:03:00,54.0,125.0,0.3,1.8,1017.2,81.97,20.2,IDRSING3
8397,30.4,0.0,0.0,2017-07-30 17:08:00,55.0,111.0,0.0,0.0,1017.2,75.85,20.4,IDRSING3
8398,30.2,0.0,0.0,2017-07-30 17:13:00,55.0,119.0,0.6,1.8,1017.2,63.24,20.2,IDRSING3
8399,30.0,0.0,0.0,2017-07-30 17:18:00,55.0,111.0,1.4,1.8,1017.2,52.85,20.0,IDRSING3
8400,29.8,0.0,0.0,2017-07-30 17:23:00,56.0,110.0,0.0,0.0,1017.2,46.36,20.1,IDRSING3
8401,29.5,0.0,0.0,2017-07-30 17:28:00,56.0,110.0,0.0,0.0,1017.2,41.1,19.8,IDRSING3
8402,29.4,0.0,0.0,2017-07-30 17:33:00,57.0,110.0,0.3,1.8,1017.2,36.82,20.0,IDRSING3
8403,29.2,0.0,0.0,2017-07-30 17:38:00,58.0,110.0,0.0,0.0,1017.2,31.56,20.1,IDRSING3
8404,29.0,0.0,0.0,2017-07-30 17:44:00,58.0,110.0,0.0,0.0,1017.5,28.14,19.9,IDRSING3
8405,28.8,0.0,0.0,2017-07-30 17:49:00,58.0,110.0,1.8,1.8,1017.2,25.56,19.7,IDRSING3
8406,28.7,0.0,0.0,2017-07-30 17:54:00,59.0,110.0,0.0,0.0,1017.2,19.94,19.9,IDRSING3
8407,28.5,0.0,0.0,2017-07-30 17:59:00,59.0,110.0,0.3,1.8,1017.2,15.17,19.7,IDRSING3
8408,28.4,0.0,0.0,2017-07-30 18:04:00,59.0,110.0,0.3,1.8,1017.2,12.48,19.6,IDRSING3
8409,28.3,0.0,0.0,2017-07-30 18:09:00,60.0,110.0,0.3,1.8,1017.2,9.54,19.8,IDRSING3
8410,28.0,0.0,0.0,2017-07-30 18:14:00,61.0,110.0,3.5,3.5,1017.2,7.34,19.8,IDRSING3
8411,28.0,0.0,0.0,2017-07-30 18:19:00,60.0,149.0,1.4,1.8,1017.2,4.77,19.5,IDRSING3
8412,27.8,0.0,0.0,2017-07-30 18:24:00,61.0,146.0,0.0,0.0,1017.2,2.57,19.6,IDRSING3
8413,27.6,0.0,0.0,2017-07-30 18:29:00,62.0,115.0,0.3,1.8,1017.2,1.22,19.7,IDRSING3
8414,27.5,0.0,0.0,2017-07-30 18:34:00,62.0,115.0,2.9,3.5,1017.2,0.0,19.6,IDRSING3
8415,27.4,0.0,0.0,2017-07-30 18:39:00,63.0,115.0,2.1,3.5,1017.5,0.0,19.7,IDRSING3
8416,27.1,0.0,0.0,2017-07-30 18:44:00,63.0,115.0,1.8,3.5,1017.5,0.0,19.5,IDRSING3
8417,27.0,0.0,0.0,2017-07-30 18:49:00,65.0,115.0,0.0,0.0,1017.8,0.0,19.9,IDRSING3
8418,26.6,0.0,0.0,2017-07-30 18:54:00,66.0,115.0,0.0,0.0,1017.8,0.0,19.7,IDRSING3
8419,26.3,0.0,0.0,2017-07-30 19:00:00,67.0,115.0,0.0,0.0,1017.8,0.0,19.7,IDRSING3
8420,26.2,0.0,0.0,2017-07-30 19:05:00,68.0,115.0,0.0,0.0,1017.8,0.0,19.8,IDRSING3
8421,26.0,0.0,0.0,2017-07-30 19:10:00,68.0,115.0,0.0,0.0,1017.8,0.0,19.7,IDRSING3
8422,26.1,0.0,0.0,2017-07-30 19:15:00,67.0,115.0,1.4,1.8,1017.8,0.0,19.5,IDRSING3
8423,26.3,0.0,0.0,2017-07-30 19:20:00,67.0,115.0,1.4,1.8,1017.8,0.0,19.7,IDRSING3
8424,26.2,0.0,0.0,2017-07-30 19:25:00,67.0,115.0,1.1,1.8,1017.8,0.0,19.6,IDRSING3
8425,26.1,0.0,0.0,2017-07-30 19:30:00,68.0,115.0,0.0,0.0,1017.8,0.0,19.8,IDRSING3
8426,26.0,0.0,0.0,2017-07-30 19:35:00,68.0,115.0,2.1,3.5,1017.8,0.0,19.7,IDRSING3
8427,25.9,0.0,0.0,2017-07-30 19:40:00,69.0,115.0,0.0,0.0,1017.8,0.0,19.8,IDRSING3
8428,25.9,0.0,0.0,2017-07-30 19:45:00,68.0,115.0,1.4,3.5,1018.2,0.0,19.6,IDRSING3
8429,26.2,0.0,0.0,2017-07-30 19:50:00,67.0,115.0,0.0,0.0,1017.8,0.0,19.6,IDRSING3
8430,26.3,0.0,0.0,2017-07-30 19:55:00,66.0,115.0,0.3,1.8,1017.8,0.0,19.5,IDRSING3
8431,26.5,0.0,0.0,2017-07-30 20:00:00,66.0,115.0,0.0,0.0,1018.2,0.0,19.6,IDRSING3
8432,26.6,0.0,0.0,2017-07-30 20:05:00,66.0,115.0,0.0,0.0,1018.2,0.0,19.7,IDRSING3
8433,26.6,0.0,0.0,2017-07-30 20:10:00,66.0,115.0,0.0,0.0,1018.2,0.0,19.7,IDRSING3
8434,26.4,0.0,0.0,2017-07-30 20:16:00,66.0,115.0,0.0,0.0,1018.2,0.0,19.5,IDRSING3
8435,26.3,0.0,0.0,2017-07-30 20:21:00,67.0,115.0,0.0,0.0,1018.2,0.0,19.7,IDRSING3
8436,26.3,0.0,0.0,2017-07-30 20:26:00,66.0,115.0,0.0,0.0,1018.2,0.0,19.5,IDRSING3
8437,26.3,0.0,0.0,2017-07-30 20:31:00,67.0,115.0,0.0,0.0,1018.5,0.0,19.7,IDRSING3
8438,26.2,0.0,0.0,2017-07-30 20:36:00,67.0,115.0,0.0,0.0,1018.2,0.0,19.6,IDRSING3
8439,26.1,0.0,0.0,2017-07-30 20:41:00,68.0,115.0,0.6,1.8,1018.2,0.0,19.8,IDRSING3
8440,25.8,0.0,0.0,2017-07-30 20:46:00,69.0,115.0,0.0,0.0,1018.2,0.0,19.7,IDRSING3
8441,25.6,0.0,0.0,2017-07-30 20:52:00,70.0,193.0,1.1,1.8,1018.5,0.0,19.7,IDRSING3
8442,25.3,0.0,0.0,2017-07-30 20:57:00,71.0,193.0,0.3,1.8,1018.5,0.0,19.7,IDRSING3
8443,25.1,0.0,0.0,2017-07-30 21:02:00,72.0,193.0,0.3,1.8,1018.5,0.0,19.7,IDRSING3
8444,24.9,0.0,0.0,2017-07-30 21:07:00,72.0,193.0,1.8,1.8,1018.5,0.0,19.5,IDRSING3
8445,24.7,0.0,0.0,2017-07-30 21:12:00,73.0,193.0,2.9,3.5,1018.5,0.0,19.5,IDRSING3
8446,24.4,0.0,0.0,2017-07-30 21:17:00,75.0,193.0,1.4,1.8,1018.5,0.0,19.7,IDRSING3
8447,24.1,0.0,0.0,2017-07-30 21:22:00,76.0,193.0,1.4,1.8,1018.8,0.0,19.6,IDRSING3
8448,24.2,0.0,0.0,2017-07-30 21:27:00,75.0,193.0,1.4,1.8,1018.8,0.0,19.5,IDRSING3
8449,24.2,0.0,0.0,2017-07-30 21:32:00,75.0,193.0,2.1,3.5,1018.8,0.0,19.5,IDRSING3
8450,24.4,0.0,0.0,2017-07-30 21:37:00,74.0,193.0,2.1,3.5,1018.8,0.0,19.5,IDRSING3
8451,24.5,0.0,0.0,2017-07-30 21:42:00,74.0,193.0,0.0,0.0,1018.8,0.0,19.6,IDRSING3
8452,24.4,0.0,0.0,2017-07-30 21:47:00,75.0,193.0,1.8,1.8,1018.8,0.0,19.7,IDRSING3
8453,24.2,0.0,0.0,2017-07-30 21:52:00,76.0,193.0,0.0,0.0,1018.8,0.0,19.7,IDRSING3
8454,24.2,0.0,0.0,2017-07-30 21:57:00,77.0,193.0,2.1,3.5,1018.8,0.0,19.9,IDRSING3
8455,24.2,0.0,0.0,2017-07-30 22:02:00,77.0,193.0,0.0,0.0,1018.8,0.0,19.9,IDRSING3
8456,24.1,0.0,0.0,2017-07-30 22:07:00,77.0,193.0,1.8,1.8,1018.8,0.0,19.8,IDRSING3
8457,23.7,0.0,0.0,2017-07-30 22:12:00,79.0,193.0,0.0,0.0,1018.8,0.0,19.9,IDRSING3
8458,22.9,0.0,0.0,2017-07-30 22:17:00,84.0,193.0,1.8,1.8,1018.8,0.0,20.1,IDRSING3
8459,22.6,0.0,0.0,2017-07-30 22:22:00,86.0,193.0,0.0,0.0,1018.8,0.0,20.2,IDRSING3
8460,22.4,0.0,0.0,2017-07-30 22:27:00,87.0,193.0,0.0,0.0,1018.5,0.0,20.1,IDRSING3
8461,22.1,0.0,0.0,2017-07-30 22:32:00,92.0,193.0,0.0,0.0,1018.8,0.0,20.8,IDRSING3
8462,21.9,0.0,0.0,2017-07-30 22:37:00,95.0,193.0,0.0,0.0,1018.8,0.0,21.0,IDRSING3
8463,22.0,0.0,0.0,2017-07-30 22:42:00,96.0,193.0,1.8,1.8,1018.8,0.0,21.4,IDRSING3
8464,22.1,0.0,0.0,2017-07-30 22:47:00,99.0,193.0,0.0,0.0,1018.8,0.0,21.9,IDRSING3
8465,21.9,0.0,0.0,2017-07-30 22:52:00,99.0,193.0,0.0,0.0,1018.8,0.0,21.7,IDRSING3
8466,21.6,0.0,0.0,2017-07-30 22:57:00,99.0,193.0,0.0,0.0,1018.8,0.0,21.4,IDRSING3
8467,21.2,0.0,0.0,2017-07-30 23:02:00,99.0,193.0,0.0,0.0,1018.8,0.0,21.0,IDRSING3
8468,20.9,0.0,0.0,2017-07-30 23:07:00,99.0,193.0,0.0,0.0,1018.8,0.0,20.7,IDRSING3
8469,20.9,0.0,0.0,2017-07-30 23:12:00,99.0,193.0,0.0,0.0,1018.8,0.0,20.7,IDRSING3
8470,20.9,0.0,0.0,2017-07-30 23:17:00,99.0,193.0,0.0,0.0,1018.8,0.0,20.7,IDRSING3
8471,21.0,0.0,0.0,2017-07-30 23:22:00,99.0,193.0,0.0,0.0,1018.8,0.0,20.8,IDRSING3
8472,20.9,0.0,0.0,2017-07-30 23:27:00,99.0,193.0,1.1,1.8,1018.8,0.0,20.7,IDRSING3
8473,21.1,0.0,0.0,2017-07-30 23:32:00,99.0,192.0,0.0,0.0,1018.8,0.0,20.9,IDRSING3
8474,20.8,0.0,0.0,2017-07-30 23:37:00,99.0,192.0,0.0,0.0,1018.5,0.0,20.6,IDRSING3
8475,20.5,0.0,0.0,2017-07-30 23:42:00,99.0,192.0,0.0,0.0,1018.8,0.0,20.3,IDRSING3
8476,20.1,0.0,0.0,2017-07-30 23:44:00,99.0,192.0,0.3,1.8,1018.8,0.0,19.9,IDRSING3
8477,19.4,0.0,0.0,2017-07-30 23:49:00,10.0,192.0,0.0,0.0,1018.8,0.0,-13.0,IDRSING3
8478,20.1,0.0,0.0,2017-07-30 23:54:00,10.0,192.0,0.3,1.8,1018.8,0.0,-12.5,IDRSING3
8479,20.3,0.0,0.0,2017-07-30 23:59:00,99.0,192.0,0.0,0.0,1018.8,0.0,20.1,IDRSING3
8480,19.9,0.0,0.0,2017-07-31 00:04:00,10.0,192.0,0.0,0.0,1018.8,0.0,-12.6,IDRSING3
8481,19.9,0.0,0.0,2017-07-31 00:09:00,10.0,179.0,0.0,0.0,1018.8,0.0,-12.6,IDRSING3
8482,20.0,0.0,0.0,2017-07-31 00:14:00,10.0,176.0,2.1,3.5,1018.8,0.0,-12.5,IDRSING3
8483,20.0,0.0,0.0,2017-07-31 00:19:00,10.0,176.0,0.0,0.0,1018.5,0.0,-12.5,IDRSING3
8484,19.8,0.0,0.0,2017-07-31 00:24:00,10.0,176.0,0.0,0.0,1018.5,0.0,-12.7,IDRSING3
8485,19.8,0.0,0.0,2017-07-31 00:29:00,10.0,176.0,0.0,0.0,1018.8,0.0,-12.7,IDRSING3
8486,19.9,0.0,0.0,2017-07-31 00:34:00,10.0,176.0,0.0,0.0,1018.8,0.0,-12.6,IDRSING3
8487,19.6,0.0,0.0,2017-07-31 00:40:00,10.0,176.0,0.0,0.0,1018.8,0.0,-12.8,IDRSING3
8488,19.3,0.0,0.0,2017-07-31 00:45:00,10.0,176.0,0.0,0.0,1018.8,0.0,-13.1,IDRSING3
8489,19.1,0.0,0.0,2017-07-31 00:50:00,10.0,176.0,2.6,3.5,1018.8,0.0,-13.2,IDRSING3
8490,18.9,0.0,0.0,2017-07-31 00:55:00,11.0,176.0,0.3,1.8,1018.8,0.0,-12.2,IDRSING3
8491,19.0,0.0,0.0,2017-07-31 01:00:00,11.0,176.0,0.0,0.0,1018.8,0.0,-12.1,IDRSING3
8492,19.0,0.0,0.0,2017-07-31 01:05:00,11.0,176.0,0.0,0.0,1018.8,0.0,-12.1,IDRSING3
8493,19.0,0.0,0.0,2017-07-31 01:10:00,11.0,176.0,0.0,0.0,1018.8,0.0,-12.1,IDRSING3
8494,18.9,0.0,0.0,2017-07-31 01:15:00,11.0,176.0,0.0,0.0,1018.8,0.0,-12.2,IDRSING3
8495,19.2,0.0,0.0,2017-07-31 01:20:00,10.0,176.0,0.0,0.0,1018.8,0.0,-13.1,IDRSING3
8496,19.5,0.0,0.0,2017-07-31 01:25:00,10.0,172.0,0.0,0.0,1018.8,0.0,-12.9,IDRSING3
8497,19.7,0.0,0.0,2017-07-31 01:30:00,10.0,172.0,0.0,0.0,1018.8,0.0,-12.8,IDRSING3
8498,19.4,0.0,0.0,2017-07-31 01:35:00,10.0,172.0,0.0,0.0,1018.8,0.0,-13.0,IDRSING3
8499,19.1,0.0,0.0,2017-07-31 01:40:00,10.0,172.0,0.0,0.0,1018.8,0.0,-13.2,IDRSING3
8500,19.0,0.0,0.0,2017-07-31 01:45:00,10.0,172.0,0.0,0.0,1018.8,0.0,-13.3,IDRSING3
8501,19.0,0.0,0.0,2017-07-31 01:50:00,10.0,172.0,0.0,0.0,1018.8,0.0,-13.3,IDRSING3
8502,19.4,0.0,0.0,2017-07-31 01:55:00,10.0,172.0,1.8,1.8,1019.2,0.0,-13.0,IDRSING3
8503,19.3,0.0,0.0,2017-07-31 02:00:00,10.0,172.0,0.6,1.8,1018.8,0.0,-13.1,IDRSING3
8504,19.3,0.0,0.0,2017-07-31 02:05:00,10.0,172.0,0.0,0.0,1018.8,0.0,-13.1,IDRSING3
8505,19.3,0.0,0.0,2017-07-31 02:10:00,10.0,172.0,0.0,0.0,1019.2,0.0,-13.1,IDRSING3
8506,19.2,0.0,0.0,2017-07-31 02:13:00,10.0,172.0,0.0,0.0,1019.2,0.0,-13.1,IDRSING3
8507,19.1,0.0,0.0,2017-07-31 02:18:00,10.0,172.0,0.0,0.0,1019.5,0.0,-13.2,IDRSING3
8508,19.1,0.0,0.0,2017-07-31 02:24:00,10.0,172.0,0.3,1.8,1019.2,0.0,-13.2,IDRSING3
8509,19.6,0.0,0.0,2017-07-31 02:29:00,10.0,172.0,0.0,0.0,1019.2,0.0,-12.8,IDRSING3
8510,19.9,0.0,0.0,2017-07-31 02:34:00,99.0,172.0,3.2,3.5,1019.2,0.0,19.7,IDRSING3
8511,20.1,0.0,0.0,2017-07-31 02:39:00,99.0,257.0,2.9,3.5,1019.2,0.0,19.9,IDRSING3
8512,19.6,0.0,0.0,2017-07-31 02:49:00,10.0,150.0,0.0,0.0,1019.2,0.0,-12.8,IDRSING3
8513,19.3,0.0,0.0,2017-07-31 02:54:00,10.0,150.0,0.0,0.0,1019.5,0.0,-13.1,IDRSING3
8514,19.0,0.0,0.0,2017-07-31 03:00:00,10.0,270.0,1.8,1.8,1019.5,0.0,-13.3,IDRSING3
8515,19.7,0.0,0.0,2017-07-31 03:05:00,99.0,270.0,1.8,1.8,1019.5,0.0,19.5,IDRSING3
8516,19.7,0.0,0.0,2017-07-31 03:10:00,99.0,270.0,1.1,1.8,1019.5,0.0,19.5,IDRSING3
8517,19.4,0.0,0.0,2017-07-31 03:16:00,10.0,270.0,0.6,1.8,1019.5,0.0,-13.0,IDRSING3
8518,19.2,0.0,0.0,2017-07-31 03:21:00,10.0,270.0,0.0,0.0,1019.5,0.36,-13.1,IDRSING3
8519,19.1,0.0,0.0,2017-07-31 03:26:00,10.0,270.0,0.0,0.0,1019.9,1.71,-13.2,IDRSING3
8520,18.5,0.0,0.0,2017-07-31 03:31:00,10.0,270.0,0.0,0.0,1019.9,3.79,-13.7,IDRSING3
8521,17.9,0.0,0.0,2017-07-31 03:36:00,10.0,270.0,1.1,1.8,1019.9,6.48,-14.1,IDRSING3
8522,17.7,0.0,0.0,2017-07-31 03:41:00,11.0,270.0,0.0,0.0,1019.9,9.91,-13.1,IDRSING3
8523,17.7,0.0,0.0,2017-07-31 03:44:00,11.0,270.0,0.0,0.0,1019.9,9.91,-13.1,IDRSING3
8524,18.0,0.0,0.0,2017-07-31 03:49:00,10.0,141.0,2.6,3.5,1019.9,11.25,-14.1,IDRSING3
8525,18.1,0.0,0.0,2017-07-31 03:50:00,10.0,147.0,2.9,3.5,1019.9,10.77,-14.0,IDRSING3
8526,18.0,0.0,0.0,2017-07-31 03:55:00,11.0,165.0,0.0,0.0,1019.9,12.97,-12.9,IDRSING3
8527,18.0,0.0,0.0,2017-07-31 04:00:00,11.0,164.0,1.8,1.8,1020.2,15.53,-12.9,IDRSING3
8528,18.2,0.0,0.0,2017-07-31 04:05:00,11.0,164.0,0.0,0.0,1019.9,16.88,-12.7,IDRSING3
8529,18.1,0.0,0.0,2017-07-31 04:10:00,11.0,164.0,0.0,0.0,1020.2,20.8,-12.8,IDRSING3
8530,18.1,0.0,0.0,2017-07-31 04:16:00,11.0,164.0,0.0,0.0,1020.2,20.8,-12.8,IDRSING3
8531,18.3,0.0,0.0,2017-07-31 04:21:00,11.0,164.0,0.0,0.0,1020.5,21.65,-12.7,IDRSING3
8532,18.2,0.0,0.0,2017-07-31 04:26:00,11.0,164.0,0.0,0.0,1020.5,23.36,-12.7,IDRSING3
8533,18.2,0.0,0.0,2017-07-31 04:31:00,11.0,164.0,0.0,0.0,1020.5,32.9,-12.7,IDRSING3
8534,18.3,0.0,0.0,2017-07-31 04:36:00,11.0,164.0,0.0,0.0,1020.5,40.73,-12.7,IDRSING3
8535,18.4,0.0,0.0,2017-07-31 04:41:00,11.0,165.0,2.1,3.5,1020.5,47.22,-12.6,IDRSING3
8536,18.4,0.0,0.0,2017-07-31 04:46:00,11.0,165.0,0.0,0.0,1020.9,39.02,-12.6,IDRSING3
8537,18.5,0.0,0.0,2017-07-31 04:51:00,11.0,165.0,0.0,0.0,1020.5,40.24,-12.5,IDRSING3
8538,18.5,0.0,0.0,2017-07-31 04:56:00,11.0,165.0,0.0,0.0,1020.5,42.94,-12.5,IDRSING3
8539,18.6,0.0,0.0,2017-07-31 05:01:00,11.0,165.0,0.0,0.0,1020.5,51.5,-12.4,IDRSING3
8540,18.8,0.0,0.0,2017-07-31 05:06:00,10.0,165.0,0.0,0.0,1020.9,110.1,-13.5,IDRSING3
8541,19.2,0.0,0.0,2017-07-31 05:11:00,10.0,166.0,1.1,1.8,1020.9,64.1,-13.1,IDRSING3
8542,19.9,0.0,0.0,2017-07-31 05:16:00,10.0,166.0,0.0,0.0,1021.2,62.88,-12.6,IDRSING3
8543,20.6,0.0,0.0,2017-07-31 05:21:00,10.0,166.0,0.0,0.0,1020.9,167.36,-12.1,IDRSING3
8544,21.6,0.0,0.0,2017-07-31 05:26:00,99.0,166.0,0.0,0.0,1020.9,178.61,21.4,IDRSING3
8545,22.3,0.0,0.0,2017-07-31 05:32:00,99.0,166.0,0.0,0.0,1020.5,70.71,22.1,IDRSING3
8546,22.8,0.0,0.0,2017-07-31 05:37:00,98.0,166.0,0.0,0.0,1020.9,213.84,22.5,IDRSING3
8547,23.3,0.0,0.0,2017-07-31 05:42:00,94.0,166.0,0.0,0.0,1020.9,232.44,22.2,IDRSING3
8548,23.9,0.0,0.0,2017-07-31 05:47:00,88.0,166.0,0.0,0.0,1021.2,243.69,21.8,IDRSING3
8549,23.5,0.0,0.0,2017-07-31 05:52:00,94.0,219.0,1.8,1.8,1021.2,248.46,22.4,IDRSING3
8550,22.9,0.0,0.0,2017-07-31 05:57:00,96.0,211.0,1.4,1.8,1021.6,260.69,22.3,IDRSING3
8551,23.9,0.0,0.0,2017-07-31 06:02:00,84.0,199.0,1.4,1.8,1021.2,271.95,21.0,IDRSING3
8552,23.9,0.0,0.0,2017-07-31 06:07:00,86.0,195.0,0.0,0.0,1021.2,302.29,21.4,IDRSING3
8553,24.4,0.0,0.0,2017-07-31 06:12:00,83.0,195.0,1.1,1.8,1021.2,310.61,21.4,IDRSING3
8554,24.8,0.0,0.0,2017-07-31 06:17:00,79.0,185.0,1.4,1.8,1021.6,322.23,21.0,IDRSING3
8555,25.2,0.0,0.0,2017-07-31 06:23:00,79.0,170.0,0.0,0.0,1021.2,332.63,21.3,IDRSING3
8556,25.1,0.0,0.0,2017-07-31 06:28:00,77.0,146.0,0.0,0.0,1021.2,373.49,20.8,IDRSING3
8557,25.9,0.0,0.0,2017-07-31 06:33:00,75.0,146.0,0.0,0.0,1021.2,406.03,21.2,IDRSING3
8558,25.8,0.0,0.0,2017-07-31 06:38:00,75.0,207.0,1.8,1.8,1021.2,426.34,21.1,IDRSING3
8559,25.0,0.0,0.0,2017-07-31 06:43:00,72.0,207.0,0.3,1.8,1021.6,473.69,19.6,IDRSING3
8560,25.4,0.0,0.0,2017-07-31 06:48:00,75.0,187.0,0.0,0.0,1021.6,309.27,20.7,IDRSING3
8561,25.8,0.0,0.0,2017-07-31 06:53:00,70.0,216.0,1.1,1.8,1021.6,467.2,19.9,IDRSING3
8562,26.4,0.0,0.0,2017-07-31 06:58:00,69.0,184.0,0.0,0.0,1021.6,506.59,20.3,IDRSING3
8563,27.2,0.0,0.0,2017-07-31 07:03:00,67.0,163.0,0.0,0.0,1021.2,555.65,20.5,IDRSING3
8564,27.4,0.0,0.0,2017-07-31 07:08:00,65.0,163.0,1.1,1.8,1021.6,586.48,20.3,IDRSING3
8565,27.9,0.0,0.0,2017-07-31 07:13:00,66.0,144.0,0.3,1.8,1021.6,596.39,21.0,IDRSING3
8566,27.6,0.0,0.0,2017-07-31 07:19:00,65.0,112.0,0.0,0.0,1021.6,607.28,20.5,IDRSING3
8567,28.0,0.0,0.0,2017-07-31 07:24:00,64.0,212.0,4.0,5.5,1021.6,625.5,20.6,IDRSING3
8568,27.7,0.0,0.0,2017-07-31 07:29:00,62.0,212.0,0.0,0.0,1021.6,634.55,19.8,IDRSING3
8569,28.4,0.0,0.0,2017-07-31 07:34:00,63.0,158.0,0.0,0.0,1021.6,629.79,20.7,IDRSING3
8570,28.8,0.0,0.0,2017-07-31 07:40:00,63.0,134.0,3.2,3.5,1021.6,667.1,21.1,IDRSING3
8571,28.2,0.0,0.0,2017-07-31 07:45:00,62.0,120.0,0.0,0.0,1021.6,669.3,20.2,IDRSING3
8572,27.8,0.0,0.0,2017-07-31 07:51:00,64.0,218.0,1.4,1.8,1021.6,686.67,20.4,IDRSING3
8573,28.3,0.0,0.0,2017-07-31 07:56:00,62.0,102.0,1.1,1.8,1021.6,713.58,20.3,IDRSING3
8574,29.1,0.0,0.0,2017-07-31 08:01:00,60.0,212.0,1.4,1.8,1021.6,722.27,20.6,IDRSING3
8575,29.5,0.0,0.0,2017-07-31 08:07:00,58.0,146.0,0.0,0.0,1021.9,737.44,20.4,IDRSING3
8576,29.6,0.0,0.0,2017-07-31 08:12:00,59.0,214.0,3.5,5.5,1021.9,739.16,20.8,IDRSING3
8577,28.6,0.0,0.0,2017-07-31 08:17:00,59.0,150.0,0.0,0.0,1021.9,741.36,19.8,IDRSING3
8578,29.6,0.0,0.0,2017-07-31 08:23:00,57.0,170.0,1.1,1.8,1021.9,738.3,20.2,IDRSING3
8579,30.0,0.0,0.0,2017-07-31 08:28:00,56.0,212.0,4.0,5.5,1021.6,747.35,20.3,IDRSING3
8580,29.6,0.0,0.0,2017-07-31 08:33:00,56.0,218.0,0.0,0.0,1021.6,761.29,19.9,IDRSING3
8581,30.2,0.0,0.0,2017-07-31 08:39:00,56.0,190.0,3.5,3.5,1021.9,797.75,20.5,IDRSING3
8582,30.4,0.0,0.0,2017-07-31 08:44:00,56.0,165.0,0.6,1.8,1021.9,810.72,20.7,IDRSING3
8583,29.9,0.0,0.0,2017-07-31 08:49:00,56.0,220.0,5.5,7.2,1021.9,799.46,20.2,IDRSING3
8584,30.0,0.0,0.0,2017-07-31 08:55:00,55.0,153.0,1.1,1.8,1021.9,788.21,20.0,IDRSING3
8585,31.0,0.0,0.0,2017-07-31 09:00:00,54.0,114.0,4.0,7.2,1021.6,783.44,20.6,IDRSING3
8586,30.8,0.0,0.0,2017-07-31 09:05:00,56.0,150.0,2.1,3.5,1021.6,799.95,21.0,IDRSING3
8587,30.5,0.0,0.0,2017-07-31 09:11:00,54.0,96.0,9.0,11.1,1021.2,843.75,20.2,IDRSING3
8588,30.0,0.0,0.0,2017-07-31 09:16:00,54.0,118.0,2.1,3.5,1021.6,807.66,19.7,IDRSING3
8589,30.7,0.0,0.0,2017-07-31 09:21:00,53.0,115.0,1.8,3.5,1021.2,782.09,20.1,IDRSING3
8590,30.9,0.0,0.0,2017-07-31 09:27:00,55.0,147.0,3.2,5.5,1021.2,749.55,20.8,IDRSING3
8591,30.6,0.0,0.0,2017-07-31 09:32:00,56.0,156.0,0.0,0.0,1021.2,745.64,20.9,IDRSING3
8592,31.2,0.0,0.0,2017-07-31 09:37:00,51.0,132.0,8.2,9.3,1021.6,725.7,19.9,IDRSING3
8593,31.3,0.0,0.0,2017-07-31 09:43:00,50.0,212.0,5.0,9.3,1021.6,732.18,19.7,IDRSING3
8594,30.9,0.0,0.0,2017-07-31 09:48:00,49.0,218.0,11.1,14.8,1021.2,746.12,19.0,IDRSING3
8595,31.4,0.0,0.0,2017-07-31 09:53:00,49.0,112.0,3.5,7.2,1021.6,718.36,19.4,IDRSING3
8596,32.2,0.0,0.0,2017-07-31 09:59:00,47.0,195.0,5.8,7.2,1021.6,704.41,19.5,IDRSING3
8597,32.3,0.0,0.0,2017-07-31 10:04:00,48.0,133.0,1.1,1.8,1021.6,758.24,19.9,IDRSING3
8598,32.3,0.0,0.0,2017-07-31 10:09:00,47.0,222.0,2.1,3.5,1021.6,730.96,19.6,IDRSING3
8599,32.4,0.0,0.0,2017-07-31 10:15:00,47.0,143.0,2.1,3.5,1021.6,757.87,19.7,IDRSING3
8600,32.8,0.0,0.0,2017-07-31 10:20:00,47.0,178.0,1.4,1.8,1021.6,752.61,20.0,IDRSING3
8601,32.7,0.0,0.0,2017-07-31 10:25:00,47.0,196.0,0.0,0.0,1021.6,703.55,19.9,IDRSING3
8602,32.5,0.0,0.0,2017-07-31 10:31:00,48.0,115.0,1.8,1.8,1021.6,711.02,20.1,IDRSING3
8603,32.3,0.0,0.0,2017-07-31 10:36:00,48.0,213.0,5.5,7.2,1021.6,642.38,19.9,IDRSING3
8604,31.8,0.0,0.0,2017-07-31 10:41:00,48.0,112.0,1.1,1.8,1021.6,731.33,19.5,IDRSING3
8605,32.5,0.0,0.0,2017-07-31 10:46:00,46.0,151.0,4.7,5.5,1021.6,732.18,19.4,IDRSING3
8606,31.9,0.0,0.0,2017-07-31 10:51:00,47.0,228.0,6.4,7.2,1021.2,755.67,19.2,IDRSING3
8607,32.9,0.0,0.0,2017-07-31 10:56:00,45.0,193.0,1.1,1.8,1021.6,717.87,19.4,IDRSING3
8608,32.1,0.0,0.0,2017-07-31 11:01:00,46.0,226.0,10.5,11.1,1021.6,655.48,19.1,IDRSING3
8609,32.9,0.0,0.0,2017-07-31 11:07:00,45.0,192.0,6.4,7.2,1021.6,749.55,19.4,IDRSING3
8610,32.8,0.0,0.0,2017-07-31 11:12:00,44.0,204.0,3.2,3.5,1021.6,748.33,19.0,IDRSING3
8611,32.2,0.0,0.0,2017-07-31 11:17:00,46.0,178.0,1.4,3.5,1021.6,757.87,19.1,IDRSING3
8612,33.0,0.0,0.0,2017-07-31 11:23:00,46.0,222.0,9.7,11.1,1021.6,742.58,19.9,IDRSING3
8613,32.7,0.0,0.0,2017-07-31 11:28:00,44.0,202.0,7.9,9.3,1021.6,697.56,18.9,IDRSING3
8614,33.4,0.0,0.0,2017-07-31 11:33:00,44.0,239.0,9.3,16.6,1021.2,673.21,19.5,IDRSING3
8615,33.6,0.0,0.0,2017-07-31 11:39:00,44.0,194.0,2.9,7.2,1021.2,652.79,19.7,IDRSING3
8616,33.0,0.0,0.0,2017-07-31 11:44:00,45.0,135.0,0.3,1.8,1021.6,615.47,19.5,IDRSING3
8617,33.5,0.0,0.0,2017-07-31 11:49:00,44.0,226.0,1.1,1.8,1021.2,721.41,19.6,IDRSING3
8618,34.0,0.0,0.0,2017-07-31 11:54:00,44.0,220.0,9.7,13.0,1021.6,735.24,20.1,IDRSING3
8619,33.9,0.0,0.0,2017-07-31 11:59:00,44.0,152.0,0.0,0.0,1021.2,734.38,20.0,IDRSING3
8620,34.1,0.0,0.0,2017-07-31 12:04:00,45.0,148.0,0.3,1.8,1021.6,710.53,20.5,IDRSING3
8621,33.7,0.0,0.0,2017-07-31 12:09:00,43.0,223.0,6.4,7.2,1021.2,713.95,19.4,IDRSING3
8622,33.7,0.0,0.0,2017-07-31 12:15:00,44.0,183.0,4.0,7.2,1021.2,701.84,19.8,IDRSING3
8623,34.0,0.0,0.0,2017-07-31 12:20:00,44.0,197.0,0.6,1.8,1021.2,695.36,20.1,IDRSING3
8624,34.7,0.0,0.0,2017-07-31 12:25:00,43.0,185.0,1.1,3.5,1021.2,704.41,20.3,IDRSING3
8625,34.8,0.0,0.0,2017-07-31 12:31:00,44.0,147.0,2.1,3.5,1021.2,688.02,20.8,IDRSING3
8626,35.0,0.0,0.0,2017-07-31 12:34:00,42.0,182.0,2.6,5.5,1021.6,680.55,20.2,IDRSING3
8627,34.6,0.0,0.0,2017-07-31 12:39:00,44.0,152.0,0.3,1.8,1021.2,676.64,20.6,IDRSING3
8628,34.3,0.0,0.0,2017-07-31 12:44:00,44.0,224.0,6.4,9.3,1021.2,641.53,20.3,IDRSING3
8629,33.7,0.0,0.0,2017-07-31 12:49:00,44.0,116.0,7.6,9.3,1021.2,616.45,19.8,IDRSING3
8630,33.8,0.0,0.0,2017-07-31 12:55:00,42.0,187.0,5.5,9.3,1021.6,664.53,19.2,IDRSING3
8631,34.5,0.0,0.0,2017-07-31 13:00:00,42.0,229.0,1.1,3.5,1020.9,315.75,19.8,IDRSING3
8632,33.7,0.0,0.0,2017-07-31 13:05:00,44.0,149.0,0.0,0.0,1021.2,272.81,19.8,IDRSING3
8633,33.6,0.0,0.0,2017-07-31 13:10:00,44.0,199.0,1.4,3.5,1021.2,525.31,19.7,IDRSING3
8634,34.2,0.0,0.0,2017-07-31 13:15:00,43.0,220.0,0.0,0.0,1021.2,577.79,19.9,IDRSING3
8635,34.5,0.0,0.0,2017-07-31 13:20:00,42.0,216.0,1.1,1.8,1020.9,651.56,19.8,IDRSING3
8636,34.5,0.0,0.0,2017-07-31 13:25:00,44.0,193.0,0.6,1.8,1021.2,415.08,20.5,IDRSING3
8637,33.8,0.0,0.0,2017-07-31 13:31:00,44.0,184.0,3.2,5.5,1021.2,255.44,19.9,IDRSING3
8638,32.6,0.0,0.0,2017-07-31 13:36:00,45.0,199.0,2.9,3.5,1021.2,268.9,19.2,IDRSING3
8639,32.7,0.0,0.0,2017-07-31 13:41:00,44.0,170.0,0.0,0.0,1021.2,383.03,18.9,IDRSING3
8640,34.1,0.0,0.0,2017-07-31 13:46:00,41.0,174.0,0.0,0.0,1021.2,772.19,19.0,IDRSING3
8641,35.4,0.0,0.0,2017-07-31 13:51:00,41.0,118.0,1.1,1.8,1020.9,674.93,20.2,IDRSING3
8642,35.6,0.0,0.0,2017-07-31 13:56:00,38.0,173.0,1.1,1.8,1021.6,628.56,19.1,IDRSING3
8643,34.9,0.0,0.0,2017-07-31 14:01:00,41.0,225.0,0.0,0.0,1021.2,581.22,19.7,IDRSING3
8644,35.4,0.0,0.0,2017-07-31 14:07:00,39.0,130.0,4.0,7.2,1021.6,539.13,19.4,IDRSING3
8645,34.7,0.0,0.0,2017-07-31 14:12:00,40.0,148.0,1.4,3.5,1020.9,545.25,19.2,IDRSING3
8646,35.0,0.0,0.0,2017-07-31 14:17:00,39.0,123.0,2.1,3.5,1021.2,514.06,19.0,IDRSING3
8647,33.9,0.0,0.0,2017-07-31 14:22:00,41.0,124.0,1.1,1.8,1021.2,468.91,18.8,IDRSING3
8648,34.5,0.0,0.0,2017-07-31 14:27:00,39.0,108.0,2.1,3.5,1021.2,434.17,18.6,IDRSING3
8649,34.8,0.0,0.0,2017-07-31 14:32:00,39.0,124.0,1.1,1.8,1021.2,471.48,18.8,IDRSING3
8650,35.4,0.0,0.0,2017-07-31 14:37:00,39.0,124.0,0.3,1.8,1021.6,445.91,19.4,IDRSING3
8651,35.5,0.0,0.0,2017-07-31 14:43:00,39.0,161.0,1.1,1.8,1021.2,417.28,19.5,IDRSING3
8652,35.6,0.0,0.0,2017-07-31 14:48:00,38.0,207.0,2.1,3.5,1021.6,430.74,19.1,IDRSING3
8653,35.0,0.0,0.0,2017-07-31 14:53:00,39.0,212.0,4.7,7.2,1021.6,410.32,19.0,IDRSING3
8654,35.1,0.0,0.0,2017-07-31 14:58:00,40.0,180.0,0.3,1.8,1021.6,411.66,19.5,IDRSING3
8655,35.3,0.0,0.0,2017-07-31 15:03:00,39.0,212.0,9.0,9.3,1021.2,398.2,19.3,IDRSING3
8656,34.8,0.0,0.0,2017-07-31 15:08:00,39.0,154.0,4.7,5.5,1021.2,383.4,18.8,IDRSING3
8657,35.3,0.0,0.0,2017-07-31 15:13:00,39.0,182.0,2.9,3.5,1021.6,356.98,19.3,IDRSING3
8658,35.3,0.0,0.0,2017-07-31 15:18:00,40.0,185.0,0.0,0.0,1021.2,348.78,19.7,IDRSING3
8659,35.5,0.0,0.0,2017-07-31 15:23:00,39.0,188.0,3.5,3.5,1021.2,344.01,19.5,IDRSING3
8660,35.3,0.0,0.0,2017-07-31 15:28:00,39.0,190.0,0.0,0.0,1021.2,304.0,19.3,IDRSING3
8661,34.5,0.0,0.0,2017-07-31 15:33:00,41.0,153.0,0.3,1.8,1021.2,215.92,19.4,IDRSING3
8662,34.5,0.0,0.0,2017-07-31 15:39:00,40.0,152.0,0.0,0.0,1020.9,317.46,19.0,IDRSING3
8663,35.3,0.0,0.0,2017-07-31 15:44:00,39.0,186.0,2.1,3.5,1020.9,270.61,19.3,IDRSING3
8664,35.6,0.0,0.0,2017-07-31 15:49:00,39.0,186.0,2.9,3.5,1021.2,166.5,19.6,IDRSING3
8665,35.0,0.0,0.0,2017-07-31 15:55:00,40.0,186.0,0.3,1.8,1020.9,271.1,19.4,IDRSING3
8666,34.8,0.0,0.0,2017-07-31 16:00:00,42.0,139.0,1.4,1.8,1020.9,185.22,20.0,IDRSING3
8667,34.1,0.0,0.0,2017-07-31 16:05:00,43.0,139.0,0.3,1.8,1021.2,173.47,19.8,IDRSING3
8668,34.0,0.0,0.0,2017-07-31 16:10:00,42.0,151.0,0.0,0.0,1020.9,166.5,19.3,IDRSING3
8669,34.0,0.0,0.0,2017-07-31 16:15:00,42.0,161.0,0.0,0.0,1021.2,181.67,19.3,IDRSING3
8670,34.2,0.0,0.0,2017-07-31 16:20:00,43.0,220.0,4.7,7.2,1021.2,197.81,19.9,IDRSING3
8671,34.7,0.0,0.0,2017-07-31 16:25:00,42.0,187.0,0.0,0.0,1021.2,191.21,20.0,IDRSING3
8672,34.9,0.0,0.0,2017-07-31 16:31:00,42.0,179.0,0.3,1.8,1020.9,172.61,20.1,IDRSING3
8673,34.7,0.0,0.0,2017-07-31 16:36:00,42.0,167.0,1.1,1.8,1021.2,159.53,20.0,IDRSING3
8674,34.4,0.0,0.0,2017-07-31 16:41:00,43.0,180.0,1.1,1.8,1021.2,139.22,20.0,IDRSING3
8675,34.1,0.0,0.0,2017-07-31 16:46:00,44.0,155.0,0.0,0.0,1020.9,127.47,20.2,IDRSING3
8676,33.8,0.0,0.0,2017-07-31 16:51:00,44.0,156.0,0.0,0.0,1021.2,110.59,19.9,IDRSING3
8677,33.7,0.0,0.0,2017-07-31 16:56:00,44.0,156.0,1.1,1.8,1021.2,101.9,19.8,IDRSING3
8678,33.7,0.0,0.0,2017-07-31 17:01:00,44.0,156.0,0.0,0.0,1021.2,89.79,19.8,IDRSING3
8679,33.7,0.0,0.0,2017-07-31 17:07:00,45.0,193.0,0.0,0.0,1021.2,78.9,20.2,IDRSING3
8680,33.5,0.0,0.0,2017-07-31 17:12:00,45.0,192.0,0.3,1.8,1021.2,59.33,20.0,IDRSING3
8681,33.2,0.0,0.0,2017-07-31 17:17:00,46.0,193.0,0.0,0.0,1021.2,52.85,20.1,IDRSING3
8682,33.1,0.0,0.0,2017-07-31 17:22:00,46.0,187.0,0.0,0.0,1021.2,48.56,20.0,IDRSING3
8683,32.6,0.0,0.0,2017-07-31 17:27:00,47.0,182.0,0.0,0.0,1021.2,43.8,19.8,IDRSING3
8684,32.3,0.0,0.0,2017-07-31 17:32:00,48.0,230.0,0.0,0.0,1021.2,39.88,19.9,IDRSING3
8685,31.6,0.0,0.0,2017-07-31 17:37:00,52.0,164.0,1.4,1.8,1021.6,35.97,20.6,IDRSING3
8686,30.5,0.0,0.0,2017-07-31 17:48:00,54.0,164.0,0.0,0.0,1021.6,28.14,20.2,IDRSING3
8687,30.0,0.0,0.0,2017-07-31 17:53:00,58.0,164.0,0.0,0.0,1021.6,24.22,20.9,IDRSING3
8688,29.6,0.0,0.0,2017-07-31 17:58:00,58.0,164.0,0.0,0.0,1021.6,20.31,20.5,IDRSING3
8689,29.2,0.0,0.0,2017-07-31 18:03:00,59.0,164.0,0.3,1.8,1021.6,17.25,20.4,IDRSING3
8690,28.7,0.0,0.0,2017-07-31 18:08:00,63.0,164.0,0.0,0.0,1021.6,12.48,21.0,IDRSING3
8691,27.9,0.0,0.0,2017-07-31 18:13:00,61.0,164.0,1.1,1.8,1021.6,9.05,19.7,IDRSING3
8692,27.6,0.0,0.0,2017-07-31 18:18:00,63.0,164.0,0.0,0.0,1021.6,5.63,19.9,IDRSING3
8693,27.6,0.0,0.0,2017-07-31 18:23:00,63.0,168.0,0.3,1.8,1021.6,3.79,19.9,IDRSING3
8694,27.5,0.0,0.0,2017-07-31 18:28:00,64.0,168.0,1.4,1.8,1021.9,2.08,20.1,IDRSING3
8695,27.4,0.0,0.0,2017-07-31 18:33:00,66.0,168.0,0.0,0.0,1021.6,0.85,20.5,IDRSING3
8696,26.9,0.0,0.0,2017-07-31 18:38:00,67.0,168.0,0.0,0.0,1021.9,0.0,20.3,IDRSING3
8697,26.5,0.0,0.0,2017-07-31 18:43:00,70.0,168.0,0.0,0.0,1021.9,0.0,20.6,IDRSING3
8698,25.9,0.0,0.0,2017-07-31 18:49:00,72.0,168.0,0.0,0.0,1021.6,0.0,20.5,IDRSING3
8699,25.4,0.0,0.0,2017-07-31 18:54:00,75.0,168.0,0.0,0.0,1021.9,0.0,20.7,IDRSING3
8700,25.3,0.0,0.0,2017-07-31 18:59:00,75.0,168.0,0.0,0.0,1021.9,0.0,20.6,IDRSING3
8701,25.3,0.0,0.0,2017-07-31 19:04:00,75.0,168.0,0.3,1.8,1022.2,0.0,20.6,IDRSING3
8702,25.4,0.0,0.0,2017-07-31 19:09:00,72.0,168.0,1.1,1.8,1022.2,0.0,20.0,IDRSING3
8703,25.6,0.0,0.0,2017-07-31 19:14:00,70.0,168.0,0.0,0.0,1021.9,0.0,19.7,IDRSING3
8704,24.8,0.0,0.0,2017-07-31 19:19:00,77.0,168.0,0.0,0.0,1021.9,0.0,20.5,IDRSING3
8705,24.3,0.0,0.0,2017-07-31 19:24:00,78.0,168.0,1.4,1.8,1021.9,0.0,20.2,IDRSING3
8706,24.8,0.0,0.0,2017-07-31 19:29:00,75.0,166.0,1.1,1.8,1022.2,0.0,20.1,IDRSING3
8707,25.2,0.0,0.0,2017-07-31 19:35:00,73.0,165.0,0.0,0.0,1022.2,0.0,20.0,IDRSING3
8708,25.1,0.0,0.0,2017-07-31 19:40:00,73.0,165.0,0.0,0.0,1022.2,0.0,19.9,IDRSING3
8709,25.0,0.0,0.0,2017-07-31 19:45:00,72.0,164.0,2.1,3.5,1022.2,0.0,19.6,IDRSING3
8710,25.3,0.0,0.0,2017-07-31 19:50:00,70.0,124.0,0.6,1.8,1022.2,0.0,19.5,IDRSING3
8711,25.3,0.0,0.0,2017-07-31 19:55:00,70.0,124.0,0.3,1.8,1022.2,0.0,19.5,IDRSING3
8712,25.3,0.0,0.0,2017-07-31 20:00:00,70.0,124.0,0.6,1.8,1022.2,0.0,19.5,IDRSING3
8713,25.3,0.0,0.0,2017-07-31 20:05:00,70.0,124.0,0.3,1.8,1022.6,0.0,19.5,IDRSING3
8714,25.3,0.0,0.0,2017-07-31 20:07:00,70.0,124.0,0.3,1.8,1022.2,0.0,19.5,IDRSING3
8715,25.2,0.0,0.0,2017-07-31 20:12:00,70.0,124.0,0.0,0.0,1022.2,0.0,19.4,IDRSING3
8716,24.5,0.0,0.0,2017-07-31 20:17:00,71.0,124.0,1.8,1.8,1022.6,0.0,18.9,IDRSING3
8717,23.8,0.0,0.0,2017-07-31 20:22:00,73.0,124.0,0.0,0.0,1022.6,0.0,18.7,IDRSING3
8718,23.7,0.0,0.0,2017-07-31 20:26:00,74.0,124.0,0.0,0.0,1022.9,0.0,18.8,IDRSING3
8719,23.8,0.0,0.0,2017-07-31 20:31:00,73.0,124.0,0.0,0.0,1022.6,0.0,18.7,IDRSING3
8720,23.6,0.0,0.0,2017-07-31 20:37:00,73.0,124.0,0.0,0.0,1022.6,0.0,18.5,IDRSING3
8721,23.5,0.0,0.0,2017-07-31 20:42:00,75.0,124.0,0.0,0.0,1022.6,0.0,18.8,IDRSING3
8722,23.2,0.0,0.0,2017-07-31 20:47:00,77.0,124.0,0.0,0.0,1022.6,0.0,18.9,IDRSING3
8723,22.8,0.0,0.0,2017-07-31 20:52:00,79.0,124.0,0.0,0.0,1022.6,0.0,19.0,IDRSING3
8724,22.4,0.0,0.0,2017-07-31 20:57:00,81.0,124.0,0.0,0.0,1022.9,0.0,19.0,IDRSING3
8725,21.8,0.0,0.0,2017-07-31 21:02:00,84.0,124.0,0.0,0.0,1022.9,0.0,19.0,IDRSING3
8726,21.5,0.0,0.0,2017-07-31 21:05:00,85.0,123.0,0.0,0.0,1022.6,0.0,18.9,IDRSING3
8727,21.1,0.0,0.0,2017-07-31 21:10:00,94.0,123.0,0.0,0.0,1022.9,0.0,20.0,IDRSING3
8728,21.2,0.0,0.0,2017-07-31 21:15:00,94.0,124.0,0.0,0.0,1022.9,0.0,20.1,IDRSING3
8729,21.9,0.0,0.0,2017-07-31 21:20:00,93.0,124.0,0.0,0.0,1022.6,0.0,20.7,IDRSING3
8730,21.8,0.0,0.0,2017-07-31 21:25:00,90.0,123.0,0.0,0.0,1023.2,0.0,20.1,IDRSING3
8731,21.0,0.0,0.0,2017-07-31 21:31:00,90.0,123.0,0.0,0.0,1022.9,0.0,19.3,IDRSING3
8732,20.4,0.0,0.0,2017-07-31 21:36:00,99.0,123.0,0.0,0.0,1022.9,0.0,20.2,IDRSING3
8733,20.5,0.0,0.0,2017-07-31 21:41:00,99.0,123.0,0.0,0.0,1022.9,0.0,20.3,IDRSING3
8734,21.0,0.0,0.0,2017-07-31 21:47:00,99.0,123.0,0.0,0.0,1023.2,0.0,20.8,IDRSING3
8735,20.8,0.0,0.0,2017-07-31 21:52:00,94.0,123.0,0.0,0.0,1022.9,0.0,19.7,IDRSING3
8736,20.3,0.0,0.0,2017-07-31 21:57:00,98.0,123.0,0.0,0.0,1022.9,0.0,20.0,IDRSING3
